"id","parameter_data_id","covidence_id","pathogen","parameter_type","parameter_value","exponent","parameter_unit","parameter_lower_bound","parameter_upper_bound","parameter_value_type","parameter_uncertainty_single_value","parameter_uncertainty_single_type","parameter_uncertainty_lower_value","parameter_uncertainty_upper_value","parameter_uncertainty_type","cfr_ifr_numerator","cfr_ifr_denominator","distribution_type","distribution_par1_value","distribution_par1_type","distribution_par1_uncertainty","distribution_par2_value","distribution_par2_type","distribution_par2_uncertainty","method_from_supplement","method_moment_value","cfr_ifr_method","method_r","method_disaggregated_by","method_disaggregated","method_disaggregated_only","riskfactor_outcome","riskfactor_name","riskfactor_occupation","riskfactor_significant","riskfactor_adjusted","population_sex","population_sample_type","population_group","population_age_min","population_age_max","population_sample_size","population_country","population_location","population_study_start_day","population_study_start_month","population_study_start_year","population_study_end_day","population_study_end_month","population_study_end_year","genome_site","genomic_sequence_available","other_delay_start","other_delay_end","inverse_param","parameter_from_figure","r_pathway","parameter_class","parameter_bounds","comb_uncertainty_type","comb_uncertainty"
"94e5e0fe81a9c57d83a8118bdc7424c0","e3d694b5f43ea6ad6eaec16f98b3cd99",1693,"MERS-CoV","Severity - case fatality ratio (CFR)",NA,0,NA,NA,NA,"Unspecified",NA,NA,NA,NA,NA,5,30,NA,NA,NA,NA,NA,NA,NA,FALSE,"Unspecified","Naive",NA,NA,FALSE,NA,NA,NA,NA,NA,NA,"Both","Hospital based","Persons under investigation",NA,NA,30,"Republic of Korea","National Medical Center;  Korea",NA,"05","2015",NA,"07","2015",NA,NA,NA,NA,FALSE,FALSE,NA,"Severity",NA,NA,NA
"94e5e0fe81a9c57d83a8118bdc7424c0","dca391ea9475648b52f67ad674ced532",1693,"MERS-CoV","Human delay - symptom onset>death",15,0,"Days",NA,NA,"Median",NA,NA,NA,NA,NA,NA,NA,NA,NA,NA,NA,NA,NA,NA,FALSE,"Unspecified",NA,NA,NA,FALSE,NA,NA,NA,NA,NA,NA,"Both","Hospital based","Persons under investigation",NA,NA,30,"Republic of Korea","National Medical Center;  Korea",NA,"05","2015",NA,"07","2015",NA,NA,NA,NA,FALSE,FALSE,NA,"Human delay",NA,NA,NA
"94e5e0fe81a9c57d83a8118bdc7424c0","5d9329ce84845d09b8ebcf38841d6814",1693,"MERS-CoV","Risk factors",NA,0,NA,NA,NA,"Unspecified",NA,NA,NA,NA,NA,NA,NA,NA,NA,NA,NA,NA,NA,NA,NA,"Unspecified",NA,NA,NA,FALSE,NA,"Death","Age,Comorbidity,Sex,Other",NA,"Not significant","Adjusted","Both","Hospital based","Persons under investigation",NA,NA,30,"Republic of Korea","National Medical Center;  Korea",NA,"05","2015",NA,"07","2015",NA,NA,NA,NA,FALSE,FALSE,NA,"Risk factors",NA,NA,NA
"6591f6c9ed6f3d6da33b89169d9eae2a","c88ec2a68d1f28c396d8b744a3105d0e",2151,"MERS-CoV","Risk factors",NA,0,NA,NA,NA,"Unspecified",NA,NA,NA,NA,NA,NA,NA,NA,NA,NA,NA,NA,NA,NA,FALSE,"Unspecified",NA,NA,"Other",TRUE,FALSE,"Infection","Age,Contact with animal,Sex,Other",NA,"Significant","Not adjusted","Both","Hospital based","Mixed groups",0,91,159,"Saudi Arabia","King Fahad Medical City (KFMC); Riyadh",NA,"10","2012",NA,"05","2014",NA,NA,NA,NA,FALSE,FALSE,NA,"Risk factors",NA,NA,NA
"6591f6c9ed6f3d6da33b89169d9eae2a","493c27acd513fb668782aece9906d054",2151,"MERS-CoV","Risk factors",NA,0,NA,NA,NA,"Unspecified",NA,NA,NA,NA,NA,NA,NA,NA,NA,NA,NA,NA,NA,NA,FALSE,"Unspecified",NA,NA,NA,FALSE,NA,"Death","Age,Occupation","Healthcare","Significant","Adjusted","Both","Hospital based","Mixed groups",0,91,159,"Saudi Arabia","King Fahad Medical City (KFMC); Riyadh",NA,"10","2012",NA,"05","2014",NA,NA,NA,NA,FALSE,FALSE,NA,"Risk factors",NA,NA,NA
"6591f6c9ed6f3d6da33b89169d9eae2a","6e9622460fc2288317a9423c3962be2d",2151,"MERS-CoV","Risk factors",NA,0,NA,NA,NA,"Unspecified",NA,NA,NA,NA,NA,NA,NA,NA,NA,NA,NA,NA,NA,NA,NA,"Unspecified",NA,NA,NA,FALSE,NA,"Death","Comorbidity,Sex",NA,"Not significant","Adjusted","Both","Hospital based","Mixed groups",0,91,159,"Saudi Arabia","King Fahad Medical City (KFMC); Riyadh",NA,"10","2012",NA,"05","2014",NA,NA,NA,NA,FALSE,FALSE,NA,"Risk factors",NA,NA,NA
"6591f6c9ed6f3d6da33b89169d9eae2a","9afcab590569b530bcaaf6883dd5b6a1",2151,"MERS-CoV","Severity - case fatality ratio (CFR)",4.35,0,"Percentage (%)",NA,NA,"Unspecified",NA,NA,NA,NA,NA,1,23,NA,NA,NA,NA,NA,NA,NA,FALSE,"Unspecified","Naive",NA,NA,FALSE,NA,NA,NA,NA,NA,NA,"Both","Hospital based","Healthcare workers",24,74,23,"Saudi Arabia","King Fahad Medical City (KFMC); Riyadh",NA,"10","2012",NA,"05","2014",NA,NA,NA,NA,FALSE,FALSE,NA,"Severity",NA,NA,NA
"6591f6c9ed6f3d6da33b89169d9eae2a","577c525353600e7d5b0b0124c2465f24",2151,"MERS-CoV","Severity - case fatality ratio (CFR)",60,0,"Percentage (%)",NA,NA,"Unspecified",NA,NA,NA,NA,NA,16,25,NA,NA,NA,NA,NA,NA,NA,FALSE,"Unspecified","Naive",NA,NA,NA,NA,NA,NA,NA,NA,NA,"Both","Hospital based","Persons with symptoms",12,77,25,"Saudi Arabia","King Fahad Medical City (KFMC); Riyadh",NA,"10","2012",NA,"05","2014",NA,NA,NA,NA,FALSE,FALSE,NA,"Severity",NA,NA,NA
"b1a264cf63419fd0ea99f3bf8f0ad9ec","967dd15b0ecba0450688c90dcbaa58a5",2221,"MERS-CoV","Human delay - incubation period",7,0,"Days",2,17,"Median",NA,NA,NA,NA,NA,NA,NA,NA,NA,NA,NA,NA,NA,NA,FALSE,"Unspecified",NA,NA,"Level of exposure",TRUE,FALSE,NA,NA,NA,NA,NA,"Both","Hospital based","Persons under investigation",NA,NA,73,"Republic of Korea","Samsung Medical Center; Seoul",NA,"05","2015",NA,"07","2015",NA,NA,NA,NA,FALSE,FALSE,NA,"Human delay","2 - 17",NA,NA
"b1a264cf63419fd0ea99f3bf8f0ad9ec","4321b996cb074c95ddb43d1509aec5a7",2221,"MERS-CoV","Attack rate",NA,0,"Percentage (%)",0,32,"Unspecified",NA,NA,NA,NA,NA,NA,NA,NA,NA,NA,NA,NA,NA,NA,FALSE,"Unspecified",NA,NA,"Level of exposure; Time; Other",TRUE,TRUE,NA,NA,NA,NA,NA,"Both","Hospital based","Persons under investigation",NA,NA,NA,"Republic of Korea","Samsung Medical Center; Seoul",NA,"05","2015",NA,"07","2015",NA,NA,NA,NA,FALSE,FALSE,NA,"Attack rate","0 - 32",NA,NA
"b1a264cf63419fd0ea99f3bf8f0ad9ec","007f4445e590f343f1e251f9b87886f3",2221,"MERS-CoV","Risk factors",NA,0,NA,NA,NA,"Unspecified",NA,NA,NA,NA,NA,NA,NA,NA,NA,NA,NA,NA,NA,NA,NA,"Unspecified",NA,NA,NA,NA,NA,"Other","Other",NA,"Significant","Adjusted","Both","Hospital based","Persons under investigation",NA,NA,675,"Republic of Korea","Samsung Medical Center; Seoul",NA,"05","2015",NA,"07","2015",NA,NA,NA,NA,FALSE,FALSE,NA,"Risk factors",NA,NA,NA
"b1a264cf63419fd0ea99f3bf8f0ad9ec","a50c0370df7e1fece4b3f2510f879d8d",2221,"MERS-CoV","Risk factors",NA,0,NA,NA,NA,"Unspecified",NA,NA,NA,NA,NA,NA,NA,NA,NA,NA,NA,NA,NA,NA,FALSE,"Unspecified",NA,NA,NA,FALSE,NA,"Other","Age,Comorbidity,Sex,Other",NA,"Not significant","Adjusted","Both","Hospital based","Persons under investigation",NA,NA,675,"Republic of Korea","Samsung Medical Center; Seoul",NA,"05","2015",NA,"07","2015",NA,NA,NA,NA,FALSE,FALSE,NA,"Risk factors",NA,NA,NA
"aeb1aa4d5d38ef35baeed626edbc3cd5","39540a3c70c2d82d35cb0ee0e11b2178",2226,"MERS-CoV","Attack rate",0.16,0,"Unspecified",0,1,"Unspecified",NA,NA,NA,NA,NA,NA,NA,NA,NA,NA,NA,NA,NA,NA,FALSE,"Unspecified",NA,NA,"Other",TRUE,FALSE,NA,NA,NA,NA,NA,"Unspecified","Hospital based","Persons under investigation",NA,NA,NA,"Republic of Korea","Pyeongtaek St. Mary's Hospital; Seoul",NA,"05","2015",NA,"05","2015",NA,NA,NA,NA,FALSE,FALSE,NA,"Attack rate","0 - 1",NA,NA
"5af2150ddd8404953062779e35a2f196","6e32c82a84df46487ab76398bc476f95",2240,"MERS-CoV","Severity - case fatality ratio (CFR)",7,0,"Percentage (%)",NA,NA,"Unspecified",NA,NA,NA,NA,NA,2,27,NA,NA,NA,NA,NA,NA,NA,FALSE,"Unspecified","Naive",NA,NA,FALSE,NA,NA,NA,NA,NA,NA,"Both","Hospital based","Mixed groups",27,82,27,"United Arab Emirates","Abu Dhabi",1,"07","2013","09","05","2014",NA,NA,NA,NA,FALSE,FALSE,NA,"Severity",NA,NA,NA
"5af2150ddd8404953062779e35a2f196","c58ca7d54a97bf349828a0a2816db906",2240,"MERS-CoV","Severity - case fatality ratio (CFR)",0,0,"Percentage (%)",NA,NA,"Unspecified",NA,NA,NA,NA,NA,0,19,NA,NA,NA,NA,NA,NA,NA,FALSE,"Unspecified","Naive",NA,NA,NA,NA,NA,NA,NA,NA,NA,"Both","Hospital based","Healthcare workers",27,63,19,"United Arab Emirates","Abu Dhabi",1,"07","2013","09","05","2014",NA,NA,NA,NA,FALSE,FALSE,NA,"Severity",NA,NA,NA
"5af2150ddd8404953062779e35a2f196","aaa97399b015decb2902bc30937950a4",2240,"MERS-CoV","Severity - symptomatic proportion of infections",59,0,"Percentage (%)",NA,NA,"Unspecified",NA,NA,NA,NA,NA,16,27,NA,NA,NA,NA,NA,NA,NA,FALSE,"Unspecified","Naive",NA,NA,NA,NA,NA,NA,NA,NA,NA,"Both","Hospital based","Mixed groups",27,82,19,"United Arab Emirates","Abu Dhabi",1,"07","2013","09","05","2014",NA,NA,NA,NA,FALSE,FALSE,NA,"Severity",NA,NA,NA
"5af2150ddd8404953062779e35a2f196","c4cb5912123559808446b6b64a5b2d16",2240,"MERS-CoV","Severity - symptomatic proportion of infections",53,0,"Percentage (%)",NA,NA,"Unspecified",NA,NA,NA,NA,NA,10,19,NA,NA,NA,NA,NA,NA,NA,FALSE,"Unspecified","Naive",NA,NA,NA,NA,NA,NA,NA,NA,NA,"Both","Hospital based","Mixed groups",27,63,19,"United Arab Emirates","Abu Dhabi",1,"07","2013","09","05","2014",NA,NA,NA,NA,FALSE,FALSE,NA,"Severity",NA,NA,NA
"175748f9891cc2adb30d3acd85bb6d8b","fdd0527cf86fddacd48eaca00cefaf27",2254,"MERS-CoV","Severity - case fatality ratio (CFR)",32,0,"Percentage (%)",3,61.3,"Unspecified",NA,NA,NA,NA,NA,NA,NA,NA,NA,NA,NA,NA,NA,NA,FALSE,"Unspecified",NA,NA,"Other",TRUE,FALSE,NA,NA,NA,NA,NA,"Both","Mixed settings","Mixed groups",NA,NA,787,"Saudi Arabia",NA,NA,NA,"2012",NA,NA,"2016",NA,NA,NA,NA,FALSE,FALSE,NA,"Severity","3 - 61.3",NA,NA
"175748f9891cc2adb30d3acd85bb6d8b","34f1b5244188628c3b1c42184668fb3c",2254,"MERS-CoV","Human delay - time in care (length of stay)",NA,0,"Days",12,39,"Median",NA,NA,NA,NA,NA,NA,NA,NA,NA,NA,NA,NA,NA,NA,FALSE,"Unspecified",NA,NA,"Other",TRUE,TRUE,NA,NA,NA,NA,NA,"Both","Mixed settings","Mixed groups",NA,NA,787,"Saudi Arabia",NA,NA,NA,"2012",NA,NA,"2016",NA,NA,NA,NA,FALSE,FALSE,NA,"Human delay","12 - 39",NA,NA
"175748f9891cc2adb30d3acd85bb6d8b","7dcbdf5b75800017197df7af65c83c67",2254,"MERS-CoV","Risk factors",NA,0,NA,NA,NA,"Unspecified",NA,NA,NA,NA,NA,NA,NA,NA,NA,NA,NA,NA,NA,NA,NA,"Unspecified",NA,NA,NA,FALSE,NA,"Other","Age",NA,"Not significant","Not adjusted","Both","Mixed settings","Mixed groups",NA,NA,787,"Saudi Arabia",NA,NA,NA,"2012",NA,NA,"2016",NA,NA,NA,NA,FALSE,FALSE,NA,"Risk factors",NA,NA,NA
"175748f9891cc2adb30d3acd85bb6d8b","1467fef6bca7c06f885cae23af003e5d",2254,"MERS-CoV","Risk factors",NA,0,NA,NA,NA,"Unspecified",NA,NA,NA,NA,NA,NA,NA,NA,NA,NA,NA,NA,NA,NA,FALSE,"Unspecified",NA,NA,NA,FALSE,NA,"Other","Comorbidity,Sex,Other",NA,"Significant","Not adjusted","Both","Mixed settings","Mixed groups",NA,NA,787,"Saudi Arabia",NA,NA,NA,"2012",NA,NA,"2016",NA,NA,NA,NA,FALSE,FALSE,NA,"Risk factors",NA,NA,NA
"175748f9891cc2adb30d3acd85bb6d8b","a9dd3c22de5108cd96d33ed73adfec1e",2254,"MERS-CoV","Risk factors",NA,0,NA,NA,NA,"Unspecified",NA,NA,NA,NA,NA,NA,NA,NA,NA,NA,NA,NA,NA,NA,FALSE,"Unspecified",NA,NA,NA,FALSE,NA,"Death","Other",NA,"Significant","Not adjusted","Both","Mixed settings","Mixed groups",NA,NA,378,"Saudi Arabia",NA,NA,NA,"2012",NA,NA,"2016",NA,NA,NA,NA,FALSE,FALSE,NA,"Risk factors",NA,NA,NA
"175748f9891cc2adb30d3acd85bb6d8b","fce55876598a518dc4d3ab4276367813",2254,"MERS-CoV","Risk factors",NA,0,NA,NA,NA,"Unspecified",NA,NA,NA,NA,NA,NA,NA,NA,NA,NA,NA,NA,NA,NA,NA,"Unspecified",NA,NA,NA,FALSE,NA,"Death","Age,Comorbidity,Sex,Other",NA,"Unspecified","Not adjusted","Both","Mixed settings","Mixed groups",NA,NA,378,"Saudi Arabia",NA,NA,NA,"2012",NA,NA,"2016",NA,NA,NA,NA,FALSE,FALSE,NA,"Risk factors",NA,NA,NA
"175748f9891cc2adb30d3acd85bb6d8b","8df6c273d55722c9a9935daf9e9a9128",2254,"MERS-CoV","Risk factors",NA,0,NA,NA,NA,"Unspecified",NA,NA,NA,NA,NA,NA,NA,NA,NA,NA,NA,NA,NA,NA,FALSE,"Unspecified",NA,NA,NA,NA,NA,"Other","Comorbidity",NA,"Significant","Adjusted","Both","Mixed settings","Mixed groups",NA,NA,787,"Saudi Arabia",NA,NA,NA,"2012",NA,NA,"2016",NA,NA,NA,NA,FALSE,FALSE,NA,"Risk factors",NA,NA,NA
"175748f9891cc2adb30d3acd85bb6d8b","dc4e2fec67721084dc8cbaef62c0d5d3",2254,"MERS-CoV","Risk factors",NA,0,NA,NA,NA,"Unspecified",NA,NA,NA,NA,NA,NA,NA,NA,NA,NA,NA,NA,NA,NA,FALSE,"Unspecified",NA,NA,NA,NA,NA,"Other","Age,Occupation,Sex,Other","Healthcare","Not significant","Adjusted","Both","Mixed settings","Mixed groups",NA,NA,787,"Saudi Arabia",NA,NA,NA,"2012",NA,NA,"2016",NA,NA,NA,NA,FALSE,FALSE,NA,"Risk factors",NA,NA,NA
"175748f9891cc2adb30d3acd85bb6d8b","4b7418709dc970c191b98a1f28d4a2c4",2254,"MERS-CoV","Risk factors",NA,0,NA,NA,NA,"Unspecified",NA,NA,NA,NA,NA,NA,NA,NA,NA,NA,NA,NA,NA,NA,FALSE,"Unspecified",NA,NA,NA,NA,NA,"Death","Age,Comorbidity,Occupation,Other","Healthcare","Significant","Adjusted","Both","Mixed settings","Mixed groups",NA,NA,787,"Saudi Arabia",NA,NA,NA,"2012",NA,NA,"2016",NA,NA,NA,NA,FALSE,FALSE,NA,"Risk factors",NA,NA,NA
"175748f9891cc2adb30d3acd85bb6d8b","de01b346ba7744f8779437fe54c7325a",2254,"MERS-CoV","Risk factors",NA,0,NA,NA,NA,"Unspecified",NA,NA,NA,NA,NA,NA,NA,NA,NA,NA,NA,NA,NA,NA,FALSE,"Unspecified",NA,NA,NA,NA,NA,"Death","Sex,Other",NA,"Not significant","Adjusted","Both","Mixed settings","Mixed groups",NA,NA,787,"Saudi Arabia",NA,NA,NA,"2012",NA,NA,"2016",NA,NA,NA,NA,FALSE,FALSE,NA,"Risk factors",NA,NA,NA
"1a77fb5a079f866e02b3dbfc5fb6aa49","e4c1f72926645cac0edee8ec9f64e7c2",2257,"MERS-CoV","Seroprevalence - Unspecified",NA,0,NA,NA,NA,"Unspecified",NA,NA,NA,NA,NA,1,41,NA,NA,NA,NA,NA,NA,NA,FALSE,"Unspecified","Naive",NA,NA,FALSE,NA,NA,NA,NA,NA,NA,"Unspecified","Travel based","Persons under investigation",15,NA,41,"Türkiye","15 referral centres across Turkey",1,"01","2013","01","03","2015",NA,NA,NA,NA,FALSE,FALSE,NA,"Seroprevalence",NA,NA,NA
"980e3ee7de7b0943a1d08a9d3519a898","42de47481ec1400f8b841d01f15f2b01",2265,"MERS-CoV","Severity - case fatality ratio (CFR)",91.7,0,"Percentage (%)",NA,NA,"Unspecified",NA,NA,NA,NA,NA,NA,NA,NA,NA,NA,NA,NA,NA,NA,FALSE,"Unspecified",NA,NA,NA,FALSE,NA,NA,NA,NA,NA,NA,"Both","Hospital based","Other",14,NA,48,"Saudi Arabia","King Fahd General Hospital in Jeddah and King Abdulaziz Medical City in Riyadh",NA,"09","2012",NA,"06","2016",NA,NA,NA,NA,FALSE,FALSE,NA,"Severity",NA,NA,NA
"980e3ee7de7b0943a1d08a9d3519a898","d9ecd33180d1da0ab4c06766edcb3c08",2265,"MERS-CoV","Risk factors",NA,0,NA,NA,NA,"Unspecified",NA,NA,NA,NA,NA,NA,NA,NA,NA,NA,NA,NA,NA,NA,FALSE,"Unspecified",NA,NA,NA,FALSE,NA,"Infection","Comorbidity",NA,"Significant","Not adjusted","Both","Hospital based","Other",14,NA,101,"Saudi Arabia","King Fahd General Hospital in Jeddah and King Abdulaziz Medical City in Riyadh",NA,"09","2012",NA,"06","2016",NA,NA,NA,NA,FALSE,FALSE,NA,"Risk factors",NA,NA,NA
"980e3ee7de7b0943a1d08a9d3519a898","fda6cf37cb221fec944fd15ee221400b",2265,"MERS-CoV","Risk factors",NA,0,NA,NA,NA,"Unspecified",NA,NA,NA,NA,NA,NA,NA,NA,NA,NA,NA,NA,NA,NA,NA,"Unspecified",NA,NA,NA,NA,NA,"Infection","Age,Sex,Other",NA,"Not significant","Not adjusted","Both","Hospital based","Other",14,NA,101,"Saudi Arabia","King Fahd General Hospital in Jeddah and King Abdulaziz Medical City in Riyadh",NA,"09","2012",NA,"06","2016",NA,NA,NA,NA,FALSE,FALSE,NA,"Risk factors",NA,NA,NA
"980e3ee7de7b0943a1d08a9d3519a898","12bb4c289e72f6cc2e3efd37b88e4dcb",2265,"MERS-CoV","Risk factors",NA,0,NA,NA,NA,"Unspecified",NA,NA,NA,NA,NA,NA,NA,NA,NA,NA,NA,NA,NA,NA,FALSE,"Unspecified",NA,NA,NA,FALSE,NA,"Infection","Other",NA,"Significant","Adjusted","Both","Hospital based","Other",14,NA,101,"Saudi Arabia","King Fahd General Hospital in Jeddah and King Abdulaziz Medical City in Riyadh",NA,"09","2012",NA,"06","2016",NA,NA,NA,NA,FALSE,FALSE,NA,"Risk factors",NA,NA,NA
"8071630c4fc0806191cf8fef223ce724","feb03f04e10421830d8e61b3cbb9a9be",2271,"MERS-CoV","Human delay - incubation period",7.4,0,"Days",NA,NA,"Median",NA,NA,6.9,8,"95% CI",NA,NA,NA,NA,NA,NA,NA,NA,NA,FALSE,"Post outbreak",NA,NA,"Disease generation; Method; Time; Other",TRUE,FALSE,NA,NA,NA,NA,NA,"Both","Hospital based","Persons under investigation",NA,NA,162,"Republic of Korea",NA,NA,"05","2015",NA,"02","2016",NA,NA,NA,NA,FALSE,FALSE,NA,"Human delay",NA,"95% CI","6.9 - 8"
"8071630c4fc0806191cf8fef223ce724","c82be6e5d8cbc5fb7c4f292710126a77",2271,"MERS-CoV","Human delay - serial interval",12.9,0,"Days",NA,NA,"Median",NA,NA,12.2,13.5,"95% CI",NA,NA,NA,NA,NA,NA,NA,NA,NA,FALSE,"Post outbreak",NA,NA,"Time",TRUE,NA,NA,NA,NA,NA,NA,"Both","Hospital based","Persons under investigation",NA,NA,153,"Republic of Korea",NA,NA,"05","2015",NA,"02","2016",NA,NA,NA,NA,FALSE,FALSE,NA,"Human delay",NA,"95% CI","12.2 - 13.5"
"8071630c4fc0806191cf8fef223ce724","7b4b5c1ce30c09976e2406d6b92c5cee",2271,"MERS-CoV","Severity - case fatality ratio (CFR)",NA,0,"Percentage (%)",6.9,25.8,"Unspecified",NA,NA,NA,NA,NA,NA,NA,NA,NA,NA,NA,NA,NA,NA,FALSE,"Post outbreak","Naive",NA,"Disease generation",TRUE,TRUE,NA,NA,NA,NA,NA,"Both","Hospital based","Persons under investigation",NA,NA,186,"Republic of Korea",NA,NA,"05","2015",NA,"02","2016",NA,NA,NA,NA,FALSE,FALSE,NA,"Severity","6.9 - 25.8",NA,NA
"8071630c4fc0806191cf8fef223ce724","dc14bf50ad4e1180666d7b6c543a7271",2271,"MERS-CoV","Risk factors",NA,0,NA,NA,NA,"Unspecified",NA,NA,NA,NA,NA,NA,NA,NA,NA,NA,NA,NA,NA,NA,NA,"Post outbreak",NA,NA,NA,NA,NA,"Other","Other",NA,"Significant","Not adjusted","Both","Hospital based","Persons under investigation",NA,NA,162,"Republic of Korea",NA,NA,"05","2015",NA,"02","2016",NA,NA,NA,NA,FALSE,FALSE,NA,"Risk factors",NA,NA,NA
"8071630c4fc0806191cf8fef223ce724","a6a9daadb82bfdb003225b2acec48dff",2271,"MERS-CoV","Risk factors",NA,0,NA,NA,NA,"Unspecified",NA,NA,NA,NA,NA,NA,NA,NA,NA,NA,NA,NA,NA,NA,NA,"Post outbreak",NA,NA,NA,NA,NA,"Other","Age,Comorbidity,Sex,Other",NA,"Not significant","Not adjusted","Both","Hospital based","Persons under investigation",NA,NA,162,"Republic of Korea",NA,NA,"05","2015",NA,"02","2016",NA,NA,NA,NA,FALSE,FALSE,NA,"Risk factors",NA,NA,NA
"8071630c4fc0806191cf8fef223ce724","34748d427c36f776285303bc1b91584f",2271,"MERS-CoV","Risk factors",NA,0,NA,NA,NA,"Unspecified",NA,NA,NA,NA,NA,NA,NA,NA,NA,NA,NA,NA,NA,NA,FALSE,"Post outbreak",NA,NA,NA,NA,NA,"Other","Other",NA,"Significant","Adjusted","Both","Hospital based","Persons under investigation",NA,NA,162,"Republic of Korea",NA,NA,"05","2015",NA,"02","2016",NA,NA,NA,NA,FALSE,FALSE,NA,"Risk factors",NA,NA,NA
"8071630c4fc0806191cf8fef223ce724","60029b949f0a0b7c47265792ad110f08",2271,"MERS-CoV","Risk factors",NA,0,NA,NA,NA,"Unspecified",NA,NA,NA,NA,NA,NA,NA,NA,NA,NA,NA,NA,NA,NA,FALSE,"Post outbreak",NA,NA,NA,NA,NA,"Other","Age,Comorbidity,Sex,Other",NA,"Not significant","Adjusted","Both","Hospital based","Persons under investigation",NA,NA,162,"Republic of Korea",NA,NA,"05","2015",NA,"02","2016",NA,NA,NA,NA,FALSE,FALSE,NA,"Risk factors",NA,NA,NA
"8071630c4fc0806191cf8fef223ce724","e43b42e8641e50c1f4cd03fccf1c282a",2271,"MERS-CoV","Reproduction number (Effective, Re)",NA,0,"No units",0.23,28,"Unspecified",NA,NA,NA,NA,NA,NA,NA,NA,NA,NA,NA,NA,NA,NA,FALSE,"Post outbreak",NA,"Empirical (contact tracing)","Disease generation",TRUE,TRUE,NA,NA,NA,NA,NA,"Both","Hospital based","Persons under investigation",NA,NA,186,"Republic of Korea",NA,NA,"05","2015",NA,"06","2015",NA,NA,NA,NA,FALSE,FALSE,"Human-human","Reproduction number","0.23 - 28",NA,NA
"a7c4dde6afa87f4fca8ec3109ede4edc","4a584130bc259197dc8ff0388b1c0549",2273,"MERS-CoV","Severity - asymptomatic proportion of infections",0.06,0,"Percentage (%)",NA,NA,"Unspecified",NA,NA,0.002,0.346,"95% CI",NA,NA,NA,NA,NA,NA,NA,NA,NA,FALSE,"Unspecified",NA,NA,NA,FALSE,NA,NA,NA,NA,NA,NA,"Unspecified","Other","Persons under investigation",NA,NA,1610,"Republic of Korea","Seoul;  Gyeonggi;  Chungcheong;  Jeonbuk",NA,"08","2015",NA,"02","2016",NA,NA,NA,NA,FALSE,FALSE,NA,"Severity",NA,"95% CI","0.002 - 0.346"
"a05f1f0e4d32bdaf50f09b40fa48056c","840ee259d02f2dd1e11d26c25a4a2808",2277,"MERS-CoV","Human delay - other human delay (go to section)",11.9,0,"Days",NA,NA,"Mean",NA,NA,NA,NA,NA,NA,NA,NA,NA,NA,NA,NA,NA,NA,FALSE,"Unspecified",NA,NA,NA,FALSE,NA,NA,NA,NA,NA,NA,"Both","Population based","Persons under investigation",NA,NA,765,"Saudi Arabia",NA,NA,"09","2012",NA,"10","2015",NA,NA,"symptom onset","confirmation",FALSE,FALSE,NA,"Human delay",NA,NA,NA
"a05f1f0e4d32bdaf50f09b40fa48056c","a75998061f01ceeb65f16542196a6101",2277,"MERS-CoV","Human delay - other human delay (go to section)",9.2,0,"Days",NA,NA,"Mean",NA,NA,NA,NA,NA,NA,NA,NA,NA,NA,NA,NA,NA,NA,FALSE,"Unspecified",NA,NA,NA,FALSE,NA,NA,NA,NA,NA,NA,"Both","Population based","Persons under investigation",NA,NA,765,"Saudi Arabia",NA,NA,"09","2012",NA,"10","2015",NA,NA,"symptom onset","notification",FALSE,FALSE,NA,"Human delay",NA,NA,NA
"a05f1f0e4d32bdaf50f09b40fa48056c","141e67e029bf746c99a4bff99c692b8e",2277,"MERS-CoV","Human delay - symptom onset>death",19.5,0,"Days",NA,NA,"Mean",NA,NA,NA,NA,NA,NA,NA,NA,NA,NA,NA,NA,NA,NA,FALSE,"Unspecified",NA,NA,NA,FALSE,NA,NA,NA,NA,NA,NA,"Both","Population based","Persons under investigation",NA,NA,765,"Saudi Arabia",NA,NA,"09","2012",NA,"10","2015",NA,NA,NA,NA,FALSE,FALSE,NA,"Human delay",NA,NA,NA
"f9bd23e3330219321495f4b86c460aa9","9c2937eb97ac8f46fb077ce064c3af90",2283,"MERS-CoV","Severity - symptomatic proportion of infections",81,0,"Percentage (%)",NA,NA,"Mean",NA,NA,NA,NA,NA,NA,NA,NA,NA,NA,NA,NA,NA,NA,FALSE,"Unspecified",NA,NA,NA,FALSE,NA,NA,NA,NA,NA,NA,"Both","Population based","Persons under investigation",1,79,39,"Saudi Arabia","Jeddah",1,"03","2014","30","05","2014",NA,NA,NA,NA,FALSE,FALSE,NA,"Severity",NA,NA,NA
"f9bd23e3330219321495f4b86c460aa9","ddd11aad9635cdec13cc6f83fce2c7af",2283,"MERS-CoV","Risk factors",NA,0,NA,NA,NA,"Unspecified",NA,NA,NA,NA,NA,NA,NA,NA,NA,NA,NA,NA,NA,NA,FALSE,"Unspecified",NA,NA,NA,FALSE,NA,"Death","Age,Comorbidity",NA,"Significant","Not adjusted","Both","Population based","Persons under investigation",1,79,39,"Saudi Arabia","Jeddah",1,"03","2014","30","05","2014",NA,NA,NA,NA,FALSE,FALSE,NA,"Risk factors",NA,NA,NA
"f9bd23e3330219321495f4b86c460aa9","c0c37a9d4776f5be371b976d312a7458",2283,"MERS-CoV","Risk factors",NA,0,NA,NA,NA,"Unspecified",NA,NA,NA,NA,NA,NA,NA,NA,NA,NA,NA,NA,NA,NA,NA,"Unspecified",NA,NA,NA,FALSE,NA,"Death","Comorbidity,Sex,Other",NA,"Not significant","Not adjusted","Both","Population based","Persons under investigation",1,79,39,"Saudi Arabia","Jeddah",1,"03","2014","30","05","2014",NA,NA,NA,NA,FALSE,FALSE,NA,"Risk factors",NA,NA,NA
"f09d6d864abf6adde2a342f0d7e21bf8","55d6f5ece8a2192991fc3795da8b3f13",2294,"MERS-CoV","Severity - case fatality ratio (CFR)",21.3,0,"Percentage (%)",NA,NA,"Unspecified",NA,NA,13.8,31,"95% CI",NA,NA,NA,NA,NA,NA,NA,NA,NA,FALSE,"Unspecified",NA,NA,NA,FALSE,NA,NA,NA,NA,NA,NA,"Both","Population based","Persons under investigation",16,87,166,"Republic of Korea",NA,11,"05","2015","19","06","2015",NA,NA,NA,NA,FALSE,FALSE,NA,"Severity",NA,"95% CI","13.8 - 31"
"f09d6d864abf6adde2a342f0d7e21bf8","8ab42537ca0cf0f0b82fd15f131cc01f",2294,"MERS-CoV","Human delay - other human delay (go to section)",0.4,0,"Days",NA,NA,"Unspecified",NA,NA,-1.2,2.4,"95% CI",NA,NA,NA,NA,NA,NA,NA,NA,NA,FALSE,"Unspecified",NA,NA,NA,NA,NA,NA,NA,NA,NA,NA,"Both","Population based","Persons under investigation",16,87,166,"Republic of Korea",NA,11,"05","2015","19","06","2015",NA,NA,"Infectiousness","Illness onset",FALSE,FALSE,NA,"Human delay",NA,"95% CI","-1.2 - 2.4"
"f09d6d864abf6adde2a342f0d7e21bf8","3ef59105dfe5240b5de47f2bffc57fe0",2294,"MERS-CoV","Human delay - incubation period",6.3,0,"Days",NA,NA,"Median",NA,NA,5.7,6.8,"95% CrI",NA,NA,"Gamma",NA,NA,NA,NA,NA,NA,FALSE,"Unspecified",NA,NA,NA,FALSE,NA,NA,NA,NA,NA,NA,"Both","Population based","Persons under investigation",16,87,166,"Republic of Korea",NA,11,"05","2015","19","06","2015",NA,NA,NA,NA,FALSE,FALSE,NA,"Human delay",NA,"95% CrI","5.7 - 6.8"
"f09d6d864abf6adde2a342f0d7e21bf8","b4ab10482d7e64d17570cfd07d37862a",2294,"MERS-CoV","Human delay - incubation period",6.7,0,"Days",NA,NA,"Mean",NA,NA,6.1,7.3,"95% CrI",NA,NA,"Gamma",NA,NA,NA,NA,NA,NA,FALSE,"Unspecified",NA,NA,NA,FALSE,NA,NA,NA,NA,NA,NA,"Both","Population based","Persons under investigation",16,87,166,"Republic of Korea",NA,11,"05","2015","19","06","2015",NA,NA,NA,NA,FALSE,FALSE,NA,"Human delay",NA,"95% CrI","6.1 - 7.3"
"f09d6d864abf6adde2a342f0d7e21bf8","c81ab91fb21fbce5c8345db36c35f58f",2294,"MERS-CoV","Human delay - other human delay (go to section)",NA,0,"Days",4.4,8.1,"Mean",NA,NA,NA,NA,NA,NA,NA,NA,NA,NA,NA,NA,NA,NA,FALSE,"Unspecified",NA,NA,NA,FALSE,NA,NA,NA,NA,NA,NA,"Both","Population based","Persons under investigation",16,87,166,"Republic of Korea",NA,11,"05","2015","19","06","2015",NA,NA,"Illness onset","Diagnosis/test result",FALSE,FALSE,NA,"Human delay","4.4 - 8.1",NA,NA
"f09d6d864abf6adde2a342f0d7e21bf8","547212c7ea31d7222c0dc61ab4b18814",2294,"MERS-CoV","Risk factors",NA,0,NA,NA,NA,"Unspecified",NA,NA,NA,NA,NA,NA,NA,NA,NA,NA,NA,NA,NA,NA,FALSE,"Unspecified",NA,NA,NA,NA,NA,"Other","Occupation","Healthcare","Not significant","Unspecified","Both","Population based","Persons under investigation",16,87,166,"Republic of Korea",NA,11,"05","2015","19","06","2015",NA,NA,NA,NA,FALSE,FALSE,NA,"Risk factors",NA,NA,NA
"a5862c791b0355dc1d1f4a40c1c8ce8e","b542b6bd0ac943b2d154a33e0fc11e85",2316,"MERS-CoV","Risk factors",NA,0,NA,NA,NA,"Unspecified",NA,NA,NA,NA,NA,NA,NA,NA,NA,NA,NA,NA,NA,NA,FALSE,"Unspecified",NA,NA,NA,FALSE,NA,"Infection","Comorbidity,Camel contact (home),Camel contact (work),Other",NA,"Significant","Adjusted","Both","Population based","Persons under investigation",NA,NA,146,"Saudi Arabia",NA,16,"03","2014","13","11","2014",NA,NA,NA,NA,FALSE,FALSE,NA,"Risk factors",NA,NA,NA
"9e85a99198e465867cb5b7dd750b64be","60c9c27a4c6e76b1e10f56513ba1bed8",2321,"MERS-CoV","Severity - symptomatic proportion of infections",97,0,"Percentage (%)",NA,NA,"Unspecified",NA,NA,NA,NA,NA,84,87,NA,NA,NA,NA,NA,NA,NA,FALSE,NA,NA,NA,NA,FALSE,NA,NA,NA,NA,NA,NA,"Both","Hospital based","Persons under investigation",NA,NA,87,"Saudi Arabia","Riyadh",21,"06","2015","28","09","2015",NA,NA,NA,NA,FALSE,FALSE,NA,"Severity",NA,NA,NA
"9e85a99198e465867cb5b7dd750b64be","0b0bb8d68cd4a4823e2a893f6bf4af88",2321,"MERS-CoV","Severity - case fatality ratio (CFR)",59,0,"Percentage (%)",NA,NA,"Unspecified",NA,NA,NA,NA,NA,51,87,NA,NA,NA,NA,NA,NA,NA,FALSE,NA,"Unspecified",NA,NA,NA,NA,NA,NA,NA,NA,NA,"Both","Hospital based","Persons under investigation",NA,NA,87,"Saudi Arabia","Riyadh",21,"06","2015","28","09","2015",NA,NA,NA,NA,FALSE,FALSE,NA,"Severity",NA,NA,NA
"9e85a99198e465867cb5b7dd750b64be","a2ccebebd1868f8bc2e6ff088f282322",2321,"MERS-CoV","Human delay - time in care (length of stay)",29,0,"Days",NA,NA,"Mean",NA,NA,26.4032071061917,31.5967928938083,NA,NA,NA,NA,NA,NA,NA,NA,NA,NA,FALSE,NA,NA,NA,NA,NA,NA,NA,NA,NA,NA,NA,"Both","Hospital based","Persons under investigation",NA,NA,84,"Saudi Arabia","Riyadh",21,"06","2015","28","09","2015",NA,NA,NA,NA,FALSE,FALSE,NA,"Human delay",NA,NA,NA
"9e85a99198e465867cb5b7dd750b64be","4bda66ac1b88acabab1322d68f9a76ea",2321,"MERS-CoV","Human delay - symptom onset>admission to care",13.4,0,"Days",NA,NA,"Mean",NA,NA,4.62764081251311,22.1723591874869,NA,NA,NA,NA,NA,NA,NA,NA,NA,NA,FALSE,NA,NA,NA,NA,NA,NA,NA,NA,NA,NA,NA,"Both","Hospital based","Persons under investigation",NA,NA,84,"Saudi Arabia","Riyadh",21,"06","2015","28","09","2015",NA,NA,NA,NA,FALSE,FALSE,NA,"Human delay",NA,NA,NA
"9e85a99198e465867cb5b7dd750b64be","541f32bc072e0386895067ecd0ebdec2",2321,"MERS-CoV","Human delay - other human delay (go to section)",5.2,0,"Days",NA,NA,"Mean",NA,NA,4.51261364575662,5.88738635424338,NA,NA,NA,NA,NA,NA,NA,NA,NA,NA,FALSE,NA,NA,NA,NA,NA,NA,NA,NA,NA,NA,NA,"Both","Hospital based","Persons under investigation",NA,NA,84,"Saudi Arabia","Riyadh",21,"06","2015","28","09","2015",NA,NA,"Onset","Diagnosis/test result",FALSE,FALSE,NA,"Human delay",NA,NA,NA
"9e85a99198e465867cb5b7dd750b64be","996b6803f856f46231c17ed97bf0506f",2321,"MERS-CoV","Human delay - other human delay (go to section)",12.8,0,"Days",NA,NA,"Mean",NA,NA,11.1414683383404,14.4585316616596,NA,NA,NA,NA,NA,NA,NA,NA,NA,NA,FALSE,NA,NA,NA,NA,NA,NA,NA,NA,NA,NA,NA,"Both","Hospital based","Persons under investigation",NA,NA,55,"Saudi Arabia","Riyadh",21,"06","2015","28","09","2015",NA,NA,"Admission to hospital","Admission to Critical Care/ICU",FALSE,FALSE,NA,"Human delay",NA,NA,NA
"9e85a99198e465867cb5b7dd750b64be","71e37a87fb326f4f207856e51d039642",2321,"MERS-CoV","Human delay - other human delay (go to section)",14.2,0,"Days",NA,NA,"Mean",NA,NA,12.1234644236132,16.2765355763868,NA,NA,NA,NA,NA,NA,NA,NA,NA,NA,FALSE,NA,NA,NA,NA,NA,NA,NA,NA,NA,NA,NA,"Both","Hospital based","Persons under investigation",NA,NA,55,"Saudi Arabia","Riyadh",21,"06","2015","28","09","2015",NA,NA,"Admission to ICU","Discharge from Critical Care/ICU",FALSE,FALSE,NA,"Human delay",NA,NA,NA
"9e85a99198e465867cb5b7dd750b64be","5fc96f1dbd72318e83478aec118aaf7d",2321,"MERS-CoV","Human delay - other human delay (go to section)",11.1,0,"Days",NA,NA,"Mean",NA,NA,9.4654092890106,12.7345907109894,NA,NA,NA,NA,NA,NA,NA,NA,NA,NA,FALSE,NA,NA,NA,NA,NA,NA,NA,NA,NA,NA,NA,"Both","Hospital based","Persons under investigation",NA,NA,53,"Saudi Arabia","Riyadh",21,"06","2015","28","09","2015",NA,NA,"Ventilation start","Ventilation end",FALSE,FALSE,NA,"Human delay",NA,NA,NA
"9e85a99198e465867cb5b7dd750b64be","2fc525e8f9d56de08fab501936f63e24",2321,"MERS-CoV","Human delay - admission to care>death",34.9,0,"Days",NA,NA,"Mean",NA,NA,21.0232243672824,48.7767756327176,NA,NA,NA,NA,NA,NA,NA,NA,NA,NA,FALSE,NA,NA,NA,NA,NA,NA,NA,NA,NA,NA,NA,"Both","Hospital based","Persons under investigation",NA,NA,51,"Saudi Arabia","Riyadh",21,"06","2015","28","09","2015",NA,NA,NA,NA,FALSE,FALSE,NA,"Human delay",NA,NA,NA
"9e85a99198e465867cb5b7dd750b64be","6efd09c4cdca1649f86836a955d05643",2321,"MERS-CoV","Human delay - other human delay (go to section)",9,0,"Days",NA,NA,"Mean",NA,NA,7.93578713613871,10.0642128638613,NA,NA,NA,NA,NA,NA,NA,NA,NA,NA,FALSE,NA,NA,NA,NA,NA,NA,NA,NA,NA,NA,NA,"Both","Hospital based","Persons under investigation",NA,NA,51,"Saudi Arabia","Riyadh",21,"06","2015","28","09","2015",NA,NA,"Admission to ICU","Death",FALSE,FALSE,NA,"Human delay",NA,NA,NA
"9e85a99198e465867cb5b7dd750b64be","b6efc2aa77d239a7fbb76b4f2a63a52b",2321,"MERS-CoV","Severity - symptomatic proportion of infections",58,0,"Percentage (%)",NA,NA,"Unspecified",NA,NA,NA,NA,NA,25,43,NA,NA,NA,NA,NA,NA,NA,FALSE,NA,NA,NA,NA,NA,NA,NA,NA,NA,NA,NA,"Both","Hospital based","Healthcare workers",NA,NA,43,"Saudi Arabia","Riyadh",21,"06","2015","28","09","2015",NA,NA,NA,NA,FALSE,FALSE,NA,"Severity",NA,NA,NA
"9e85a99198e465867cb5b7dd750b64be","1f040b62f35246c0ec73be4a0f71d9fe",2321,"MERS-CoV","Severity - case fatality ratio (CFR)",0,0,"Percentage (%)",NA,NA,"Unspecified",NA,NA,NA,NA,NA,0,43,NA,NA,NA,NA,NA,NA,NA,FALSE,NA,"Unspecified",NA,NA,NA,NA,NA,NA,NA,NA,NA,"Both","Hospital based","Healthcare workers",NA,NA,43,"Saudi Arabia","Riyadh",21,"06","2015","28","09","2015",NA,NA,NA,NA,FALSE,FALSE,NA,"Severity",NA,NA,NA
"9e85a99198e465867cb5b7dd750b64be","a2c33300d257a6bccf5f08f7e56f4895",2321,"MERS-CoV","Human delay - time in care (length of stay)",19.9,0,"Days",NA,NA,"Mean",NA,NA,15.7430780618347,24.0569219381653,NA,NA,NA,NA,NA,NA,NA,NA,NA,NA,FALSE,NA,NA,NA,NA,NA,NA,NA,NA,NA,NA,NA,"Both","Hospital based","Healthcare workers",NA,NA,12,"Saudi Arabia","Riyadh",21,"06","2015","28","09","2015",NA,NA,NA,NA,FALSE,FALSE,NA,"Human delay",NA,NA,NA
"9e85a99198e465867cb5b7dd750b64be","258815d703cfdfa399e947a7d4173d1d",2321,"MERS-CoV","Human delay - other human delay (go to section)",5.9,0,"Days",NA,NA,"Mean",NA,NA,5.06284210967504,6.73715789032496,NA,NA,NA,NA,NA,NA,NA,NA,NA,NA,FALSE,NA,NA,NA,NA,NA,NA,NA,NA,NA,NA,NA,"Both","Hospital based","Healthcare workers",NA,NA,12,"Saudi Arabia","Riyadh",21,"06","2015","28","09","2015",NA,NA,"Admission to hospital","symptom onset",FALSE,FALSE,NA,"Human delay",NA,NA,NA
"9e85a99198e465867cb5b7dd750b64be","ea1ac14b2ccae556f7a6c35f7500be5d",2321,"MERS-CoV","Human delay - other human delay (go to section)",1.5,0,"Days",NA,NA,"Mean",NA,NA,0.720577136594005,2.27942286340599,NA,NA,NA,NA,NA,NA,NA,NA,NA,NA,FALSE,NA,NA,NA,NA,NA,NA,NA,NA,NA,NA,NA,"Both","Hospital based","Healthcare workers",NA,NA,12,"Saudi Arabia","Riyadh",21,"06","2015","28","09","2015",NA,NA,"Onset","Diagnosis/test result",FALSE,FALSE,NA,"Human delay",NA,NA,NA
"9e85a99198e465867cb5b7dd750b64be","22097c775ad8d74c10947b2ea7dc4b37",2321,"MERS-CoV","Human delay - other human delay (go to section)",2.9,0,"Days",NA,NA,"Mean",NA,NA,2.05147186257614,3.74852813742386,NA,NA,NA,NA,NA,NA,NA,NA,NA,NA,FALSE,NA,NA,NA,NA,NA,NA,NA,NA,NA,NA,NA,"Both","Hospital based","Healthcare workers",NA,NA,8,"Saudi Arabia","Riyadh",21,"06","2015","28","09","2015",NA,NA,"Admission to hospital","Admission to Critical Care/ICU",FALSE,FALSE,NA,"Human delay",NA,NA,NA
"9e85a99198e465867cb5b7dd750b64be","39f3e4bf2d8c5b7920ad5ffcfc45a30c",2321,"MERS-CoV","Human delay - other human delay (go to section)",16.5,0,"Days",NA,NA,"Mean",NA,NA,12.9644660940673,20.0355339059327,NA,NA,NA,NA,NA,NA,NA,NA,NA,NA,FALSE,NA,NA,NA,NA,NA,NA,NA,NA,NA,NA,NA,"Both","Hospital based","Healthcare workers",NA,NA,8,"Saudi Arabia","Riyadh",21,"06","2015","28","09","2015",NA,NA,"Admission to ICU","Discharge from Critical Care/ICU",FALSE,FALSE,NA,"Human delay",NA,NA,NA
"9e85a99198e465867cb5b7dd750b64be","1e0002dfceec0ea318107356d2ad0e5f",2321,"MERS-CoV","Human delay - other human delay (go to section)",14.6,0,"Days",NA,NA,"Mean",NA,NA,12.0676380308382,17.1323619691618,NA,NA,NA,NA,NA,NA,NA,NA,NA,NA,FALSE,NA,NA,NA,NA,NA,NA,NA,NA,NA,NA,NA,"Both","Hospital based","Healthcare workers",NA,NA,7,"Saudi Arabia","Riyadh",21,"06","2015","28","09","2015",NA,NA,"Ventilation start","Ventilation end",FALSE,FALSE,NA,"Human delay",NA,NA,NA
"9e85a99198e465867cb5b7dd750b64be","b8aec6f44abe9bb45f2f33cd81187ca2",2321,"MERS-CoV","Risk factors",NA,0,NA,NA,NA,"Unspecified",NA,NA,NA,NA,NA,NA,NA,NA,NA,NA,NA,NA,NA,NA,FALSE,NA,NA,NA,NA,NA,NA,"Death","Occupation","Healthcare","Significant","Not adjusted","Both","Hospital based","Mixed groups",NA,NA,130,"Saudi Arabia","Riyadh",21,"06","2015","28","09","2015",NA,NA,NA,NA,FALSE,FALSE,NA,"Risk factors",NA,NA,NA
"9e85a99198e465867cb5b7dd750b64be","aa15cdc58884e302ec9873d908e13823",2321,"MERS-CoV","Risk factors",NA,0,NA,NA,NA,"Unspecified",NA,NA,NA,NA,NA,NA,NA,NA,NA,NA,NA,NA,NA,NA,NA,NA,NA,NA,NA,NA,NA,"Severe disease","Occupation","Healthcare","Not significant","Not adjusted","Both","Hospital based","Mixed groups",NA,NA,130,"Saudi Arabia","Riyadh",21,"06","2015","28","09","2015",NA,NA,NA,NA,FALSE,FALSE,NA,"Risk factors",NA,NA,NA
"9e85a99198e465867cb5b7dd750b64be","df89ee592302a7476e0da7a3743d5f12",2321,"MERS-CoV","Risk factors",NA,0,NA,NA,NA,"Unspecified",NA,NA,NA,NA,NA,NA,NA,NA,NA,NA,NA,NA,NA,NA,FALSE,NA,NA,NA,NA,NA,NA,"Recovery","Occupation","Healthcare","Significant","Not adjusted","Both","Hospital based","Mixed groups",NA,NA,130,"Saudi Arabia","Riyadh",21,"06","2015","28","09","2015",NA,NA,NA,NA,FALSE,FALSE,NA,"Risk factors",NA,NA,NA
"9e85a99198e465867cb5b7dd750b64be","ee729f4295f576f83c2b2e84abe3a69c",2321,"MERS-CoV","Risk factors",NA,0,NA,NA,NA,"Unspecified",NA,NA,NA,NA,NA,NA,NA,NA,NA,NA,NA,NA,NA,NA,FALSE,NA,NA,NA,NA,NA,NA,"Other","Occupation","Healthcare","Significant","Not adjusted","Both","Hospital based","Mixed groups",NA,NA,130,"Saudi Arabia","Riyadh",21,"06","2015","28","09","2015",NA,NA,NA,NA,FALSE,FALSE,NA,"Risk factors",NA,NA,NA
"40d578d9edd6f721859a0abc9615b174","29b827eeefafc2c4112a3f36e0ffc0a5",2326,"MERS-CoV","Severity - asymptomatic proportion of infections",16,0,"Percentage (%)",NA,NA,"Unspecified",NA,NA,NA,NA,NA,42,261,NA,NA,NA,NA,NA,NA,NA,FALSE,NA,NA,NA,NA,FALSE,NA,NA,NA,NA,NA,NA,"Both","Hospital based","Mixed groups",8,90,261,"Saudi Arabia","Makkah",NA,"03","2014",NA,"06","2014",NA,NA,NA,NA,FALSE,FALSE,NA,"Severity",NA,NA,NA
"40d578d9edd6f721859a0abc9615b174","73353a18124cfb6eb01dfed24d3cb11d",2326,"MERS-CoV","Severity - case fatality ratio (CFR)",42,0,"Percentage (%)",NA,NA,"Unspecified",NA,NA,NA,NA,NA,110,261,NA,NA,NA,NA,NA,NA,NA,FALSE,NA,"Naive",NA,NA,NA,NA,NA,NA,NA,NA,NA,"Both","Hospital based","Mixed groups",8,90,261,"Saudi Arabia","Makkah",NA,"03","2014",NA,"06","2014",NA,NA,NA,NA,FALSE,FALSE,NA,"Severity",NA,NA,NA
"40d578d9edd6f721859a0abc9615b174","79f7b4e293de28e48faa22c2e543d0d3",2326,"MERS-CoV","Risk factors",NA,0,NA,NA,NA,"Unspecified",NA,NA,NA,NA,NA,NA,NA,NA,NA,NA,NA,NA,NA,NA,NA,NA,NA,NA,NA,NA,NA,"Death","Occupation","Healthcare","Significant","Not adjusted","Both","Hospital based","Mixed groups",8,90,261,"Saudi Arabia","Makkah",NA,"03","2014",NA,"06","2014",NA,NA,NA,NA,FALSE,FALSE,NA,"Risk factors",NA,NA,NA
"40d578d9edd6f721859a0abc9615b174","7b51c84e4f436ba64566254cab32aec1",2326,"MERS-CoV","Risk factors",NA,0,NA,NA,NA,"Unspecified",NA,NA,NA,NA,NA,NA,NA,NA,NA,NA,NA,NA,NA,NA,FALSE,NA,NA,NA,NA,NA,NA,"Death","Age,Sex,Other",NA,"Significant","Not adjusted","Both","Hospital based","Mixed groups",8,90,261,"Saudi Arabia","Makkah",NA,"03","2014",NA,"06","2014",NA,NA,NA,NA,FALSE,FALSE,NA,"Risk factors",NA,NA,NA
"40d578d9edd6f721859a0abc9615b174","9a8eddd46ba4f09584609821a96e0078",2326,"MERS-CoV","Risk factors",NA,0,NA,NA,NA,"Unspecified",NA,NA,NA,NA,NA,NA,NA,NA,NA,NA,NA,NA,NA,NA,FALSE,NA,NA,NA,NA,NA,NA,"Infection","Occupation","Healthcare","Not significant","Not adjusted","Both","Hospital based","Mixed groups",8,90,261,"Saudi Arabia","Makkah",NA,"03","2014",NA,"06","2014",NA,NA,NA,NA,FALSE,FALSE,NA,"Risk factors",NA,NA,NA
"40d578d9edd6f721859a0abc9615b174","daa93723ffb07eefb62d57799c83b05a",2326,"MERS-CoV","Risk factors",NA,0,NA,NA,NA,"Unspecified",NA,NA,NA,NA,NA,NA,NA,NA,NA,NA,NA,NA,NA,NA,FALSE,NA,NA,NA,NA,NA,NA,"Infection","Other",NA,"Not significant","Not adjusted","Both","Hospital based","Mixed groups",8,90,261,"Saudi Arabia","Makkah",NA,"03","2014",NA,"06","2014",NA,NA,NA,NA,FALSE,FALSE,NA,"Risk factors",NA,NA,NA
"856b5d3ccf1ae8fa48c89eb051de3abe","4afb9d002c66b5f14f90d994a117cdb5",2336,"MERS-CoV","Seroprevalence - IgG",0.72,0,"Percentage (%)",NA,NA,"Unspecified",NA,NA,NA,NA,NA,4,559,NA,NA,NA,NA,NA,NA,NA,FALSE,"Unspecified","Naive",NA,NA,FALSE,NA,NA,NA,NA,NA,NA,"Both","Household based","Mixed groups",5,90,559,"Kenya","Garissa",NA,NA,"2013",NA,NA,"2014",NA,NA,NA,NA,FALSE,FALSE,NA,"Seroprevalence",NA,NA,NA
"856b5d3ccf1ae8fa48c89eb051de3abe","0c0e27383a8fe6ed98cf76bc2e02dd98",2336,"MERS-CoV","Seroprevalence - IgG",2.13,0,"Percentage (%)",NA,NA,"Unspecified",NA,NA,NA,NA,NA,12,563,NA,NA,NA,NA,NA,NA,NA,FALSE,"Unspecified","Naive",NA,NA,NA,NA,NA,NA,NA,NA,NA,"Both","Household based","Mixed groups",5,90,563,"Kenya","Tana River",NA,NA,"2013",NA,NA,"2014",NA,NA,NA,NA,FALSE,FALSE,NA,"Seroprevalence",NA,NA,NA
"856b5d3ccf1ae8fa48c89eb051de3abe","6dfa889e9c378bbbcc68203528a5c7c5",2336,"MERS-CoV","Seroprevalence - PRNT",NA,0,NA,NA,NA,"Unspecified",NA,NA,NA,NA,NA,2,12,NA,NA,NA,NA,NA,NA,NA,NA,"Unspecified","Adjusted",NA,NA,FALSE,NA,NA,NA,NA,NA,NA,"Both","Household based","Mixed groups",5,90,563,"Kenya","Tana River",NA,NA,"2013",NA,NA,"2014",NA,NA,NA,NA,FALSE,FALSE,NA,"Seroprevalence",NA,NA,NA
"856b5d3ccf1ae8fa48c89eb051de3abe","0c8d5c521f015cbf6f19c2f832d05a06",2336,"MERS-CoV","Seroprevalence - PRNT",0,0,"Percentage (%)",NA,NA,"Unspecified",NA,NA,NA,NA,NA,0,4,NA,NA,NA,NA,NA,NA,NA,FALSE,"Unspecified","Adjusted",NA,NA,NA,NA,NA,NA,NA,NA,NA,"Both","Household based","Mixed groups",5,90,559,"Kenya","Garissa",NA,NA,"2013",NA,NA,"2014",NA,NA,NA,NA,FALSE,FALSE,NA,"Seroprevalence",NA,NA,NA
"93ceac50614031112a230e51a62b7a5a","ab0be3d871d40bfeff21fc0c2f38557a",2350,"MERS-CoV","Mutations - evolutionary rate",NA,0,NA,NA,NA,"Unspecified",NA,NA,NA,NA,NA,NA,NA,NA,NA,NA,NA,NA,NA,NA,FALSE,NA,NA,NA,NA,FALSE,NA,NA,NA,NA,NA,NA,"Unspecified","Mixed settings","Mixed groups",NA,NA,23,"United Arab Emirates",NA,NA,"07","2013",NA,"05","2014",NA,NA,NA,NA,FALSE,FALSE,NA,"Mutations",NA,NA,NA
"fd53cb1aaad631a9d7f6deb282b1badd","b4af2af097dd275b42e547f5134e3863",2352,"MERS-CoV","Severity - case fatality ratio (CFR)",NA,0,NA,NA,NA,"Unspecified",NA,NA,NA,NA,NA,21,38,NA,NA,NA,NA,NA,NA,NA,FALSE,NA,"Adjusted",NA,"Sex",TRUE,FALSE,NA,NA,NA,NA,NA,"Both","Hospital based","Persons under investigation",17,84,38,"Saudi Arabia","Taif",1,"08","2014","01","02","2015",NA,NA,NA,NA,FALSE,FALSE,NA,"Severity",NA,NA,NA
"fd53cb1aaad631a9d7f6deb282b1badd","87a7cdf75a154e310d9b1c800b446c88",2352,"MERS-CoV","Human delay - symptom onset>admission to care",3,0,"Days",2,4,"Median",NA,NA,NA,NA,NA,NA,NA,NA,NA,NA,NA,NA,NA,NA,FALSE,NA,NA,NA,"Other",TRUE,NA,NA,NA,NA,NA,NA,"Both","Hospital based","Persons under investigation",17,84,38,"Saudi Arabia","Taif",1,"08","2014","01","02","2015",NA,NA,NA,NA,FALSE,FALSE,NA,"Human delay","2 - 4",NA,NA
"fd53cb1aaad631a9d7f6deb282b1badd","62448040c70e1844343f6122f7208d40",2352,"MERS-CoV","Human delay - other human delay (go to section)",17,0,"Days",14,18,"Median",NA,NA,NA,NA,NA,NA,NA,NA,NA,NA,NA,NA,NA,NA,FALSE,NA,NA,NA,"Other",TRUE,FALSE,NA,NA,NA,NA,NA,"Both","Hospital based","Persons under investigation",17,84,38,"Saudi Arabia","Taif",1,"08","2014","01","02","2015",NA,NA,"Onset","death or discharge",FALSE,FALSE,NA,"Human delay","14 - 18",NA,NA
"fd53cb1aaad631a9d7f6deb282b1badd","2628dae8d3c03f2cd4058b4e92fe29e9",2352,"MERS-CoV","Severity - asymptomatic proportion of infections",NA,0,NA,NA,NA,"Unspecified",NA,NA,NA,NA,NA,2,38,NA,NA,NA,NA,NA,NA,NA,FALSE,NA,NA,NA,NA,FALSE,NA,NA,NA,NA,NA,NA,"Both","Hospital based","Persons under investigation",17,84,38,"Saudi Arabia","Taif",1,"08","2014","01","02","2015",NA,NA,NA,NA,FALSE,FALSE,NA,"Severity",NA,NA,NA
"fd53cb1aaad631a9d7f6deb282b1badd","6d02e7882b37fbbec8d19f05d02a81ad",2352,"MERS-CoV","Risk factors",NA,0,NA,NA,NA,"Unspecified",NA,NA,NA,NA,NA,NA,NA,NA,NA,NA,NA,NA,NA,NA,FALSE,NA,NA,NA,NA,FALSE,NA,"Death","Occupation","Healthcare","Significant","Unspecified","Both","Hospital based","Persons under investigation",17,84,38,"Saudi Arabia","Taif",1,"08","2014","01","02","2015",NA,NA,NA,NA,FALSE,FALSE,NA,"Risk factors",NA,NA,NA
"fd53cb1aaad631a9d7f6deb282b1badd","e0a6056cbe8baa5887fb5a49b0da99ab",2352,"MERS-CoV","Risk factors",NA,0,NA,NA,NA,"Unspecified",NA,NA,NA,NA,NA,NA,NA,NA,NA,NA,NA,NA,NA,NA,NA,NA,NA,NA,NA,NA,NA,"Death","Sex,Other",NA,"Significant","Unspecified","Both","Hospital based","Persons under investigation",17,84,38,"Saudi Arabia","Taif",1,"08","2014","01","02","2015",NA,NA,NA,NA,FALSE,FALSE,NA,"Risk factors",NA,NA,NA
"fd53cb1aaad631a9d7f6deb282b1badd","89bbd75a2c02aa2b9646d6caa04bf483",2352,"MERS-CoV","Risk factors",NA,0,NA,NA,NA,"Unspecified",NA,NA,NA,NA,NA,NA,NA,NA,NA,NA,NA,NA,NA,NA,FALSE,NA,NA,NA,NA,FALSE,NA,"Death","Other",NA,"Not significant","Unspecified","Both","Hospital based","Persons under investigation",17,84,38,"Saudi Arabia","Taif",1,"08","2014","01","02","2015",NA,NA,NA,NA,FALSE,FALSE,NA,"Risk factors",NA,NA,NA
"fd53cb1aaad631a9d7f6deb282b1badd","55c22359c1998c766b3a4b3b09346697",2352,"MERS-CoV","Human delay - other human delay (go to section)",3.5,0,"Days",NA,NA,"Median",NA,NA,NA,NA,NA,NA,NA,NA,NA,NA,NA,NA,NA,NA,FALSE,NA,NA,NA,NA,FALSE,NA,NA,NA,NA,NA,NA,"Both","Hospital based","Persons under investigation",17,84,16,"Saudi Arabia","Taif",1,"08","2014","01","02","2015",NA,NA,"Onset","Test taken",FALSE,FALSE,NA,"Human delay",NA,NA,NA
"fd53cb1aaad631a9d7f6deb282b1badd","50a0ebd0bfa87796e368e0ee77b4af23",2352,"MERS-CoV","Seroprevalence - IgG",6.5,0,"Percentage (%)",NA,NA,"Unspecified",NA,NA,NA,NA,NA,4,62,NA,NA,NA,NA,NA,NA,NA,TRUE,NA,"Naive",NA,NA,FALSE,NA,NA,NA,NA,NA,NA,"Both","Hospital based","Healthcare workers",NA,NA,62,"Saudi Arabia","Taif",1,"08","2014","01","02","2015",NA,NA,NA,NA,FALSE,FALSE,NA,"Seroprevalence",NA,NA,NA
"fd53cb1aaad631a9d7f6deb282b1badd","a3bef0fa15fd512bf3f002780d6878dc",2352,"MERS-CoV","Seroprevalence - PRNT",100,0,"Percentage (%)",NA,NA,"Unspecified",NA,NA,NA,NA,NA,4,4,NA,NA,NA,NA,NA,NA,NA,TRUE,NA,"Adjusted",NA,NA,NA,NA,NA,NA,NA,NA,NA,"Both","Hospital based","Healthcare workers",NA,NA,62,"Saudi Arabia","Taif",1,"08","2014","01","02","2015",NA,NA,NA,NA,FALSE,FALSE,NA,"Seroprevalence",NA,NA,NA
"fd53cb1aaad631a9d7f6deb282b1badd","c3503af925468c2bf5e3a1b5273d7eb8",2352,"MERS-CoV","Seroprevalence - IgG",23.5,0,"Percentage (%)",NA,NA,"Unspecified",NA,NA,NA,NA,NA,4,17,NA,NA,NA,NA,NA,NA,NA,FALSE,NA,"Naive",NA,NA,FALSE,NA,NA,NA,NA,NA,NA,"Both","Hospital based","Persons under investigation",NA,NA,17,"Saudi Arabia","Taif",1,"08","2014","01","02","2015",NA,NA,NA,NA,FALSE,FALSE,NA,"Seroprevalence",NA,NA,NA
"fd53cb1aaad631a9d7f6deb282b1badd","31c15506185667631f51a531c1e67099",2352,"MERS-CoV","Seroprevalence - PRNT",100,0,"Percentage (%)",NA,NA,"Unspecified",NA,NA,NA,NA,NA,4,4,NA,NA,NA,NA,NA,NA,NA,FALSE,NA,"Adjusted",NA,NA,NA,NA,NA,NA,NA,NA,NA,"Both","Hospital based","Persons under investigation",NA,NA,17,"Saudi Arabia","Taif",1,"08","2014","01","02","2015",NA,NA,NA,NA,FALSE,FALSE,NA,"Seroprevalence",NA,NA,NA
"1ed0035f63829d83751c35f0497bd080","33066ba30c6892a1e8d810433e6f470a",2354,"MERS-CoV","Attack rate",14.9,0,"Percentage (%)",8,32,"Unspecified",NA,NA,NA,NA,NA,NA,NA,NA,NA,NA,NA,NA,NA,NA,FALSE,"Mid outbreak",NA,NA,"Other",TRUE,FALSE,NA,NA,NA,NA,NA,"Both","Hospital based","Persons under investigation",NA,NA,175,"Republic of Korea","Samsung Medical Centre",NA,NA,"2015",NA,NA,"2015",NA,NA,NA,NA,FALSE,FALSE,NA,"Attack rate","8 - 32",NA,NA
"1ed0035f63829d83751c35f0497bd080","c39f333e921f1aa1a007a29ca928596b",2354,"MERS-CoV","Risk factors",NA,0,NA,NA,NA,"Unspecified",NA,NA,NA,NA,NA,NA,NA,NA,NA,NA,NA,NA,NA,NA,FALSE,"Mid outbreak",NA,NA,NA,NA,NA,"Infection","Other",NA,"Significant","Not adjusted","Both","Hospital based","Persons under investigation",NA,NA,175,"Republic of Korea","Samsung Medical Centre",NA,NA,"2015",NA,NA,"2015",NA,NA,NA,NA,FALSE,FALSE,NA,"Risk factors",NA,NA,NA
"1ed0035f63829d83751c35f0497bd080","060b44a82bd3d759fd6111a1535828b5",2354,"MERS-CoV","Risk factors",NA,0,NA,NA,NA,"Unspecified",NA,NA,NA,NA,NA,NA,NA,NA,NA,NA,NA,NA,NA,NA,NA,"Mid outbreak",NA,NA,NA,NA,NA,"Infection","Other",NA,"Significant","Adjusted","Both","Hospital based","Persons under investigation",NA,NA,175,"Republic of Korea","Samsung Medical Centre",NA,NA,"2015",NA,NA,"2015",NA,NA,NA,NA,FALSE,FALSE,NA,"Risk factors",NA,NA,NA
"1ed0035f63829d83751c35f0497bd080","ff579f160be94432c363abcdcd8244c1",2354,"MERS-CoV","Risk factors",NA,0,NA,NA,NA,"Unspecified",NA,NA,NA,NA,NA,NA,NA,NA,NA,NA,NA,NA,NA,NA,FALSE,"Mid outbreak",NA,NA,NA,NA,NA,"Infection","Other",NA,"Not significant","Adjusted","Both","Hospital based","Persons under investigation",NA,NA,175,"Republic of Korea","Samsung Medical Centre",NA,NA,"2015",NA,NA,"2015",NA,NA,NA,NA,FALSE,FALSE,NA,"Risk factors",NA,NA,NA
"1ed0035f63829d83751c35f0497bd080","5b4728a2f783245c975cbfad90b48ad9",2354,"MERS-CoV","Risk factors",NA,0,NA,NA,NA,"Unspecified",NA,NA,NA,NA,NA,NA,NA,NA,NA,NA,NA,NA,NA,NA,FALSE,"Mid outbreak",NA,NA,NA,NA,NA,"Infection","Age,Sex,Other",NA,"Not significant","Not adjusted","Both","Hospital based","Persons under investigation",NA,NA,175,"Republic of Korea","Samsung Medical Centre",NA,NA,"2015",NA,NA,"2015",NA,NA,NA,NA,FALSE,FALSE,NA,"Risk factors",NA,NA,NA
"a979d8b77d075bd1770e00ef2727536b","99b2f892d1617ad56c78374aa22814e3",2356,"MERS-CoV","Human delay - incubation period",NA,0,NA,NA,NA,"Unspecified",NA,NA,NA,NA,NA,NA,NA,NA,NA,NA,NA,NA,NA,NA,FALSE,NA,NA,NA,"Other",TRUE,TRUE,NA,NA,NA,NA,NA,"Both","Hospital based","Mixed groups",NA,NA,78,"Saudi Arabia","Jeddah",2,"03","2014","10","05","2014",NA,NA,NA,NA,FALSE,FALSE,NA,"Human delay",NA,NA,NA
"a979d8b77d075bd1770e00ef2727536b","3d15488a986952ac57ce4c446657b461",2356,"MERS-CoV","Severity - asymptomatic proportion of infections",NA,0,NA,NA,NA,"Unspecified",NA,NA,NA,NA,NA,13,91,NA,NA,NA,NA,NA,NA,NA,FALSE,NA,NA,NA,NA,NA,NA,NA,NA,NA,NA,NA,"Both","Hospital based","Mixed groups",NA,NA,78,"Saudi Arabia","Jeddah",2,"03","2014","10","05","2014",NA,NA,NA,NA,FALSE,FALSE,NA,"Severity",NA,NA,NA
"a979d8b77d075bd1770e00ef2727536b","bcae31aaaa2656bb5e95206ac14f4c1d",2356,"MERS-CoV","Risk factors",NA,0,NA,NA,NA,"Unspecified",NA,NA,NA,NA,NA,NA,NA,NA,NA,NA,NA,NA,NA,NA,NA,NA,NA,NA,NA,NA,NA,"Infection","Sex,Other",NA,"Not significant","Unspecified","Both","Hospital based","Mixed groups",NA,NA,78,"Saudi Arabia","Jeddah",2,"03","2014","10","05","2014",NA,NA,NA,NA,FALSE,FALSE,NA,"Risk factors",NA,NA,NA
"a979d8b77d075bd1770e00ef2727536b","47095e4dce4f17ce763c8df9a26cad1f",2356,"MERS-CoV","Risk factors",NA,0,NA,NA,NA,"Unspecified",NA,NA,NA,NA,NA,NA,NA,NA,NA,NA,NA,NA,NA,NA,FALSE,NA,NA,NA,NA,NA,NA,"Infection","Age,Other",NA,"Significant","Unspecified","Both","Hospital based","Mixed groups",NA,NA,78,"Saudi Arabia","Jeddah",2,"03","2014","10","05","2014",NA,NA,NA,NA,FALSE,FALSE,NA,"Risk factors",NA,NA,NA
"809fa9724d5cfa321fdffd4ea1ba3fe4","fd7f4b8b66bf0328a0e30c23b71ebc7d",2357,"MERS-CoV","Risk factors",NA,0,NA,NA,NA,"Unspecified",NA,NA,NA,NA,NA,NA,NA,NA,NA,NA,NA,NA,NA,NA,FALSE,NA,NA,NA,NA,FALSE,NA,"Death","Age,Occupation,Other","Healthcare","Significant","Adjusted","Both","Population based",NA,0,NA,721,"Saudi Arabia",NA,7,"06","2012","25","07","2014",NA,NA,NA,NA,FALSE,FALSE,NA,"Risk factors",NA,NA,NA
"809fa9724d5cfa321fdffd4ea1ba3fe4","3cef0b845e34fd1ff4a2fbfb0f5a751a",2357,"MERS-CoV","Risk factors",NA,0,NA,NA,NA,"Unspecified",NA,NA,NA,NA,NA,NA,NA,NA,NA,NA,NA,NA,NA,NA,FALSE,NA,NA,NA,NA,FALSE,NA,"Death","Sex",NA,"Not significant","Adjusted","Both","Population based",NA,0,NA,721,"Saudi Arabia",NA,7,"06","2012","25","07","2014",NA,NA,NA,NA,FALSE,FALSE,NA,"Risk factors",NA,NA,NA
"809fa9724d5cfa321fdffd4ea1ba3fe4","e5c22d53f5c74ccb2b0b7d9308ecedc0",2357,"MERS-CoV","Risk factors",NA,0,NA,NA,NA,"Unspecified",NA,NA,NA,NA,NA,NA,NA,NA,NA,NA,NA,NA,NA,NA,NA,NA,NA,NA,NA,FALSE,NA,"Death","Sex",NA,"Significant","Not adjusted","Both","Population based",NA,0,NA,721,"Saudi Arabia",NA,7,"06","2012","25","07","2014",NA,NA,NA,NA,FALSE,FALSE,NA,"Risk factors",NA,NA,NA
"809fa9724d5cfa321fdffd4ea1ba3fe4","d67cc5f96d506d3c57ff79da39b31ed1",2357,"MERS-CoV","Severity - case fatality ratio (CFR)",42,0,"Percentage (%)",NA,NA,"Unspecified",NA,NA,NA,NA,NA,296,691,NA,NA,NA,NA,NA,NA,NA,FALSE,NA,"Naive",NA,"Age",TRUE,FALSE,NA,NA,NA,NA,NA,"Both","Population based",NA,0,NA,721,"Saudi Arabia",NA,7,"06","2012","25","07","2014",NA,NA,NA,NA,FALSE,FALSE,NA,"Severity",NA,NA,NA
"809fa9724d5cfa321fdffd4ea1ba3fe4","9a2653be0d71b90e7860a2075d37358c",2357,"MERS-CoV","Severity - infection fatality ratio (IFR)",22,0,"Percentage (%)",NA,NA,"Unspecified",NA,NA,18,25,"95% CI",NA,NA,NA,NA,NA,NA,NA,NA,NA,FALSE,NA,"Adjusted",NA,"Age",TRUE,FALSE,NA,NA,NA,NA,NA,"Both","Population based",NA,0,NA,721,"Saudi Arabia",NA,7,"06","2012","25","07","2014",NA,NA,NA,NA,FALSE,FALSE,NA,"Severity",NA,"95% CI","18 - 25"
"6eb65f4c26030546e72a36c64e95d229","ae934504b52e7fac3d23a35f1f712a2e",2359,"MERS-CoV","Severity - infection fatality ratio (IFR)",11,0,"Percentage (%)",NA,NA,"Unspecified",NA,NA,NA,NA,NA,2,19,NA,NA,NA,NA,NA,NA,NA,FALSE,NA,"Naive",NA,"Age; Sex",TRUE,FALSE,NA,NA,NA,NA,NA,"Both","Household based","Persons under investigation",2,70,19,"Saudi Arabia","Al-Qouz",20,"05","2014","11","06","2014",NA,NA,NA,NA,FALSE,FALSE,NA,"Severity",NA,NA,NA
"6eb65f4c26030546e72a36c64e95d229","12f468ed487658377decf2653df3bd52",2359,"MERS-CoV","Human delay - symptom onset>admission to care",3,0,"Days",0,9,"Median",NA,NA,NA,NA,NA,NA,NA,NA,NA,NA,NA,NA,NA,NA,FALSE,NA,NA,NA,"Symptoms",TRUE,FALSE,NA,NA,NA,NA,NA,"Both","Hospital based","Persons under investigation",16,73,11,"Saudi Arabia","Al-Qouz",20,"05","2014","11","06","2014",NA,NA,NA,NA,FALSE,FALSE,NA,"Human delay","0 - 9",NA,NA
"6eb65f4c26030546e72a36c64e95d229","19280203d844a8ac9e83dcba9b3ef176",2359,"MERS-CoV","Risk factors",NA,0,NA,NA,NA,"Unspecified",NA,NA,NA,NA,NA,NA,NA,NA,NA,NA,NA,NA,NA,NA,NA,NA,NA,NA,NA,FALSE,NA,"Infection","Hospitalisation,Non-household contact,Sex,Other",NA,"Significant","Unspecified","Both","Household based","Persons under investigation",15,73,59,"Saudi Arabia","Al-Qouz",20,"05","2014","11","06","2014",NA,NA,NA,NA,FALSE,FALSE,NA,"Risk factors",NA,NA,NA
"6eb65f4c26030546e72a36c64e95d229","1d712e1d650273da116120261ba14ff8",2359,"MERS-CoV","Risk factors",NA,0,NA,NA,NA,"Unspecified",NA,NA,NA,NA,NA,NA,NA,NA,NA,NA,NA,NA,NA,NA,FALSE,NA,NA,NA,NA,FALSE,NA,"Other","Household contact",NA,"Significant","Not adjusted","Unspecified","Mixed settings","Persons under investigation",14,NA,30,"Saudi Arabia","Al-Qouz",20,"05","2014","11","06","2014",NA,NA,NA,NA,FALSE,FALSE,NA,"Risk factors",NA,NA,NA
"6eb65f4c26030546e72a36c64e95d229","6a03b6cf25a2b1a1fb0db387591c9b30",2359,"MERS-CoV","Attack rate",NA,0,"Percentage (%)",0,44,"Unspecified",NA,NA,NA,NA,NA,NA,NA,NA,NA,NA,NA,NA,NA,NA,FALSE,NA,NA,NA,"Age",TRUE,FALSE,NA,NA,NA,NA,NA,"Both","Household based","Persons under investigation",0,70,50,"Saudi Arabia","Al-Qouz",20,"05","2014","11","06","2014",NA,NA,NA,NA,FALSE,FALSE,NA,"Attack rate","0 - 44",NA,NA
"6eb65f4c26030546e72a36c64e95d229","93f359309095406631a0684baaca8c1e",2359,"MERS-CoV","Risk factors",NA,0,NA,NA,NA,"Unspecified",NA,NA,NA,NA,NA,NA,NA,NA,NA,NA,NA,NA,NA,NA,FALSE,NA,NA,NA,NA,FALSE,NA,"Other","Social gathering,Other",NA,"Not significant","Not adjusted","Both","Mixed settings","Persons under investigation",14,NA,30,"Saudi Arabia","Al-Qouz",20,"05","2014","11","06","2014",NA,NA,NA,NA,FALSE,FALSE,NA,"Risk factors",NA,NA,NA
"2038b28e2afd63f10f48fb569fddd4c9","0dcc567aca31e591aa51a158fd2ca6ea",2364,"MERS-CoV","Human delay - symptom onset>admission to care",NA,0,"Days",4,12,"Unspecified",NA,NA,NA,NA,NA,NA,NA,NA,NA,NA,NA,NA,NA,NA,FALSE,"Unspecified",NA,NA,"Age; Sex; Time",TRUE,TRUE,NA,NA,NA,NA,NA,"Both","Hospital based","Mixed groups",21,70,14,"Saudi Arabia","King Fahad Medical City",1,"02","2014","31","05","2014",NA,NA,NA,NA,FALSE,FALSE,NA,"Human delay","4 - 12",NA,NA
"2038b28e2afd63f10f48fb569fddd4c9","dd2e4035159b3a2a6bdade42e69a46ee",2364,"MERS-CoV","Severity - case fatality ratio (CFR)",18.89,0,"Percentage (%)",NA,NA,"Unspecified",NA,NA,NA,NA,NA,13,45,NA,NA,NA,NA,NA,NA,NA,FALSE,"Unspecified","Naive",NA,"Occupation",TRUE,TRUE,NA,NA,NA,NA,NA,"Both","Hospital based","Mixed groups",12,77,45,"Saudi Arabia","King Fahad Medical City",1,"02","2014","31","05","2014",NA,NA,NA,NA,FALSE,FALSE,NA,"Severity",NA,NA,NA
"2038b28e2afd63f10f48fb569fddd4c9","b96043f9e9c3560453d482ad2fcc31ca",2364,"MERS-CoV","Mutations - substitution rate",0.000654,-4,"Substitutions/site/year",NA,NA,"Unspecified",NA,NA,NA,NA,NA,NA,NA,NA,NA,NA,NA,NA,NA,NA,FALSE,"Unspecified",NA,NA,NA,FALSE,NA,NA,NA,NA,NA,NA,"Both","Hospital based","Mixed groups",12,77,45,"Saudi Arabia","King Fahad Medical City",1,"02","2014","31","05","2014","Unspecified",TRUE,NA,NA,FALSE,FALSE,NA,"Mutations",NA,NA,NA
"cc10c38367a6e5007c9021697bf2c9a1","74c309a56b82c6ac13214dd61a0fc02d",2367,"MERS-CoV","Severity - case fatality ratio (CFR)",29.8,0,"Percentage (%)",NA,NA,"Unspecified",NA,NA,21.77,28.53,"95% CI",197,660,NA,NA,NA,NA,NA,NA,NA,FALSE,"Unspecified","Naive",NA,"Age; Occupation; Region; Sex; Symptoms; Time; Other",TRUE,FALSE,NA,NA,NA,NA,NA,"Both","Population based","General population",2,109,660,"Saudi Arabia",NA,2,"12","2014","12","11","2016",NA,NA,NA,NA,FALSE,FALSE,NA,"Severity",NA,"95% CI","21.77 - 28.53"
"cc10c38367a6e5007c9021697bf2c9a1","96836a6b0f55ac7bfc55c47bb26d2e57",2367,"MERS-CoV","Risk factors",NA,0,NA,NA,NA,"Unspecified",NA,NA,NA,NA,NA,NA,NA,NA,NA,NA,NA,NA,NA,NA,FALSE,"Unspecified",NA,NA,"Time",TRUE,FALSE,"Death","Age,Occupation,Other","Healthcare","Significant","Unspecified","Both","Population based","General population",2,109,660,"Saudi Arabia",NA,2,"12","2014","12","11","2016",NA,NA,NA,NA,FALSE,FALSE,NA,"Risk factors",NA,NA,NA
"e0776795694a3b3e9f30ffc19deea5a6","6abb11d1229480a0e519e4561665bf29",2371,"MERS-CoV","Severity - case fatality ratio (CFR)",21,0,"Percentage (%)",NA,NA,"Unspecified",NA,NA,NA,NA,NA,36,170,NA,NA,NA,NA,NA,NA,NA,FALSE,"Unspecified","Naive",NA,"Age; Sex; Other",TRUE,FALSE,NA,NA,NA,NA,NA,"Both","Population based","General population",NA,NA,170,"Republic of Korea",NA,NA,NA,"xxxx","26","07","2015",NA,NA,NA,NA,FALSE,FALSE,NA,"Severity",NA,NA,NA
"e0776795694a3b3e9f30ffc19deea5a6","73042b477b79b8c25365ee7b47e2c078",2371,"MERS-CoV","Human delay - incubation period",6.9,0,"Days",NA,NA,"Mean",NA,NA,6.3,7.5,"95% CrI",NA,NA,"Gamma",NA,NA,NA,NA,NA,NA,FALSE,"Unspecified",NA,NA,"Other",TRUE,FALSE,NA,NA,NA,NA,NA,"Both","Population based","General population",NA,NA,170,"Republic of Korea",NA,NA,NA,"xxxx","26","07","2015",NA,NA,NA,NA,FALSE,FALSE,NA,"Human delay",NA,"95% CrI","6.3 - 7.5"
"e0776795694a3b3e9f30ffc19deea5a6","5116bba9cce29d1654b6e95e1acd3201",2371,"MERS-CoV","Risk factors",NA,0,NA,NA,NA,"Unspecified",NA,NA,NA,NA,NA,NA,NA,NA,NA,NA,NA,NA,NA,NA,NA,"Unspecified",NA,NA,NA,FALSE,NA,"Other","Age,Sex",NA,"Not significant","Adjusted","Both","Population based","General population",NA,NA,170,"Republic of Korea",NA,NA,NA,"xxxx","26","07","2015",NA,NA,NA,NA,FALSE,FALSE,NA,"Risk factors",NA,NA,NA
"e0776795694a3b3e9f30ffc19deea5a6","912fa16bc9a7c7648faf4db2579dd835",2371,"MERS-CoV","Risk factors",NA,0,NA,NA,NA,"Unspecified",NA,NA,NA,NA,NA,NA,NA,NA,NA,NA,NA,NA,NA,NA,FALSE,"Unspecified",NA,NA,NA,NA,NA,"Death","Other",NA,"Significant","Adjusted","Both","Population based","General population",NA,NA,170,"Republic of Korea",NA,NA,NA,"xxxx","26","07","2015",NA,NA,NA,NA,FALSE,FALSE,NA,"Risk factors",NA,NA,NA
"8c3fa94167f9580ad6dd091361a596bd","f5cbea32807a6b44d05f5a0a2bf2beaa",2379,"MERS-CoV","Risk factors",NA,0,NA,NA,NA,"Unspecified",NA,NA,NA,NA,NA,NA,NA,NA,NA,NA,NA,NA,NA,NA,NA,"Mid outbreak",NA,NA,NA,FALSE,NA,"Other","Close contact,Hospitalisation,Other",NA,"Significant","Not adjusted","Both","Population based","Persons under investigation",NA,NA,186,"Republic of Korea",NA,NA,NA,"2015",NA,NA,"2015",NA,NA,NA,NA,FALSE,FALSE,NA,"Risk factors",NA,NA,NA
"8c3fa94167f9580ad6dd091361a596bd","2521bd824f4254d05b5c00f4c33f4333",2379,"MERS-CoV","Risk factors",NA,0,NA,NA,NA,"Unspecified",NA,NA,NA,NA,NA,NA,NA,NA,NA,NA,NA,NA,NA,NA,FALSE,"Mid outbreak",NA,NA,NA,FALSE,NA,"Other","Hospitalisation",NA,"Significant","Adjusted","Both","Population based","Persons under investigation",NA,NA,186,"Republic of Korea",NA,NA,NA,"2015",NA,NA,"2015",NA,NA,NA,NA,FALSE,FALSE,NA,"Risk factors",NA,NA,NA
"8c3fa94167f9580ad6dd091361a596bd","968a2ba57f0fc58aad25b6e8e14e0e0f",2379,"MERS-CoV","Risk factors",NA,0,NA,NA,NA,"Unspecified",NA,NA,NA,NA,NA,NA,NA,NA,NA,NA,NA,NA,NA,NA,NA,"Mid outbreak",NA,NA,NA,FALSE,NA,"Other","Close contact,Other",NA,"Not significant","Adjusted","Both","Population based","Persons under investigation",NA,NA,186,"Republic of Korea",NA,NA,NA,"2015",NA,NA,"2015",NA,NA,NA,NA,FALSE,FALSE,NA,"Risk factors",NA,NA,NA
"8c3fa94167f9580ad6dd091361a596bd","4221bc5fbf19d7d696fa5416f3103ec4",2379,"MERS-CoV","Human delay - other human delay (go to section)",9,0,"Days",NA,NA,"Median",NA,NA,NA,NA,NA,NA,NA,NA,NA,NA,NA,NA,NA,NA,FALSE,"Mid outbreak",NA,NA,NA,FALSE,NA,NA,NA,NA,NA,NA,"Both","Population based","Other",NA,NA,22,"Republic of Korea",NA,NA,NA,"2015",NA,NA,"2015",NA,NA,"Symptom onset","Diagnosis/test result",FALSE,FALSE,NA,"Human delay",NA,NA,NA
"8c3fa94167f9580ad6dd091361a596bd","d75b1a0a07abf58226a6814e9e8d8058",2379,"MERS-CoV","Human delay - other human delay (go to section)",5,0,"Days",NA,NA,"Median",NA,NA,NA,NA,NA,NA,NA,NA,NA,NA,NA,NA,NA,NA,FALSE,"Mid outbreak",NA,NA,NA,FALSE,NA,NA,NA,NA,NA,NA,"Both","Population based","Other",NA,NA,159,"Republic of Korea",NA,NA,NA,"2015",NA,NA,"2015",NA,NA,"Symptom onset","Diagnosis/test result",FALSE,FALSE,NA,"Human delay",NA,NA,NA
"8c3fa94167f9580ad6dd091361a596bd","73938523863624efb2c2dceb7eb2807f",2379,"MERS-CoV","Human delay - other human delay (go to section)",7,0,"Days",NA,NA,"Median",NA,NA,NA,NA,NA,NA,NA,NA,NA,NA,NA,NA,NA,NA,FALSE,"Mid outbreak",NA,NA,NA,FALSE,NA,NA,NA,NA,NA,NA,"Both","Population based","Other",NA,NA,22,"Republic of Korea",NA,NA,NA,"2015",NA,NA,"2015",NA,NA,"Symtom onset","Isolation",FALSE,FALSE,NA,"Human delay",NA,NA,NA
"8c3fa94167f9580ad6dd091361a596bd","acda1afb1d25e049b3b703e2d93d3c90",2379,"MERS-CoV","Human delay - other human delay (go to section)",3,0,"Days",NA,NA,"Median",NA,NA,NA,NA,NA,NA,NA,NA,NA,NA,NA,NA,NA,NA,FALSE,"Mid outbreak",NA,NA,NA,FALSE,NA,NA,NA,NA,NA,NA,"Both","Population based","Other",NA,NA,159,"Republic of Korea",NA,NA,NA,"2015",NA,NA,"2015",NA,NA,"Symptom onset","Isolation",FALSE,FALSE,NA,"Human delay",NA,NA,NA
"c71aeb1edd577e9af555dd64a646b9a7","dea364ed876153925b0c0d8da669ada5",2382,"MERS-CoV","Attack rate",8,0,"Percentage (%)",NA,NA,"Unspecified",NA,NA,NA,NA,NA,NA,NA,NA,NA,NA,NA,NA,NA,NA,FALSE,"Post outbreak",NA,NA,"Occupation",TRUE,FALSE,NA,NA,NA,NA,NA,"Both","Hospital based","Healthcare workers",18,66,250,"Saudi Arabia","King Faisal Specialist Hospital and Research Center",28,"05","2014","10","07","2014",NA,NA,NA,NA,FALSE,FALSE,NA,"Attack rate",NA,NA,NA
"c71aeb1edd577e9af555dd64a646b9a7","440f7e8f2f961d0000a7ef6d20e9256a",2382,"MERS-CoV","Risk factors",NA,0,NA,NA,NA,"Unspecified",NA,NA,NA,NA,NA,NA,NA,NA,NA,NA,NA,NA,NA,NA,FALSE,"Post outbreak",NA,NA,NA,FALSE,NA,"Other","Sex",NA,"Not significant","Not adjusted","Both","Hospital based","Healthcare workers",18,66,250,"Saudi Arabia","King Faisal Specialist Hospital and Research Center",28,"05","2014","10","07","2014",NA,NA,NA,NA,FALSE,FALSE,NA,"Risk factors",NA,NA,NA
"c71aeb1edd577e9af555dd64a646b9a7","c4b2e7335a7a710d6528930781d0b224",2382,"MERS-CoV","Risk factors",NA,0,NA,NA,NA,"Unspecified",NA,NA,NA,NA,NA,NA,NA,NA,NA,NA,NA,NA,NA,NA,NA,"Post outbreak",NA,NA,NA,TRUE,FALSE,"Infection","Contact with animal,Other",NA,"Not significant","Not adjusted","Both","Hospital based","Persons under investigation",NA,NA,NA,"Saudi Arabia","King Faisal Specialist Hospital and Research Center",28,"05","2014","10","07","2014",NA,NA,NA,NA,FALSE,FALSE,NA,"Risk factors",NA,NA,NA
"c71aeb1edd577e9af555dd64a646b9a7","1610f0584a405d3c6fec72e4ee490d5b",2382,"MERS-CoV","Risk factors",NA,0,NA,NA,NA,"Unspecified",NA,NA,NA,NA,NA,NA,NA,NA,NA,NA,NA,NA,NA,NA,FALSE,"Post outbreak",NA,NA,NA,FALSE,NA,"Infection","Other",NA,"Significant","Not adjusted","Both","Hospital based","Persons under investigation",NA,NA,NA,"Saudi Arabia","King Faisal Specialist Hospital and Research Center",28,"05","2014","10","07","2014",NA,NA,NA,NA,FALSE,FALSE,NA,"Risk factors",NA,NA,NA
"2dc31f058dfd63387ff87ffb48b71e80","3107686f5b11c92bff6aa15b1754dccf",2388,"MERS-CoV","Severity - symptomatic proportion of infections",NA,0,NA,NA,NA,"Unspecified",NA,NA,NA,NA,NA,14,18,NA,NA,NA,NA,NA,NA,NA,FALSE,"Unspecified","Naive",NA,NA,FALSE,NA,NA,NA,NA,NA,NA,"Both","Mixed settings","Persons under investigation",NA,NA,18,"Saudi Arabia","Al-Madinah al-Munawwarah",24,"08","2013","03","09","2013",NA,NA,NA,NA,FALSE,FALSE,NA,"Severity",NA,NA,NA
"2dc31f058dfd63387ff87ffb48b71e80","bbf8bf90d567a8ade043404969569c19",2388,"MERS-CoV","Severity - case fatality ratio (CFR)",39,0,"Percentage (%)",NA,NA,"Unspecified",NA,NA,NA,NA,NA,7,18,NA,NA,NA,NA,NA,NA,NA,FALSE,"Unspecified","Naive",NA,NA,FALSE,NA,NA,NA,NA,NA,NA,"Both","Mixed settings","Persons under investigation",NA,NA,18,"Saudi Arabia","Al-Madinah al-Munawwarah",24,"08","2013","03","09","2013",NA,NA,NA,NA,FALSE,FALSE,NA,"Severity",NA,NA,NA
"369055613b376fdfad0340e58deafa9c","374e1e9512516a7a875010168fbde0d8",2389,"MERS-CoV","Human delay - symptom onset>admission to care",5,0,"Days",NA,NA,"Mean",NA,NA,NA,NA,NA,NA,NA,NA,NA,NA,NA,NA,NA,NA,FALSE,"Post outbreak",NA,NA,NA,FALSE,NA,NA,NA,NA,NA,NA,"Both","Hospital based","Persons under investigation",NA,NA,29,"Saudi Arabia","Al-Madinah",NA,"03","2014",NA,"05","2014",NA,NA,NA,NA,FALSE,FALSE,NA,"Human delay",NA,NA,NA
"369055613b376fdfad0340e58deafa9c","d138bfb5e322d5dd3a6ae65e5c988709",2389,"MERS-CoV","Severity - case fatality ratio (CFR)",34,0,"Percentage (%)",NA,NA,"Unspecified",NA,NA,NA,NA,NA,10,29,NA,NA,NA,NA,NA,NA,NA,FALSE,"Post outbreak","Naive",NA,"Region; Sex; Symptoms; Other",TRUE,FALSE,NA,NA,NA,NA,NA,"Both","Hospital based","Persons under investigation",NA,NA,29,"Saudi Arabia","Al-Madinah",NA,"03","2014",NA,"05","2014",NA,NA,NA,NA,FALSE,FALSE,NA,"Severity",NA,NA,NA
"369055613b376fdfad0340e58deafa9c","9b1392be69541e24419ef0f00ccc9d4a",2389,"MERS-CoV","Risk factors",NA,0,NA,NA,NA,"Unspecified",NA,NA,NA,NA,NA,NA,NA,NA,NA,NA,NA,NA,NA,NA,NA,"Post outbreak",NA,NA,NA,NA,NA,"Death","Age,Comorbidity,Other",NA,"Significant","Not adjusted","Both","Hospital based","Persons under investigation",NA,NA,29,"Saudi Arabia","Al-Madinah",NA,"03","2014",NA,"05","2014",NA,NA,NA,NA,FALSE,FALSE,NA,"Risk factors",NA,NA,NA
"369055613b376fdfad0340e58deafa9c","1eb0bda76c1b673806a5ecc6ac9d6c82",2389,"MERS-CoV","Risk factors",NA,0,NA,NA,NA,"Unspecified",NA,NA,NA,NA,NA,NA,NA,NA,NA,NA,NA,NA,NA,NA,NA,"Post outbreak",NA,NA,NA,NA,NA,"Death","Other",NA,"Not significant","Not adjusted","Both","Hospital based","Persons under investigation",NA,NA,29,"Saudi Arabia","Al-Madinah",NA,"03","2014",NA,"05","2014",NA,NA,NA,NA,FALSE,FALSE,NA,"Risk factors",NA,NA,NA
"369055613b376fdfad0340e58deafa9c","10b35a8e4a7019182c4c065656319d9a",2389,"MERS-CoV","Human delay - other human delay (go to section)",13.7,0,"Days",NA,NA,"Mean",NA,NA,NA,NA,NA,NA,NA,NA,NA,NA,NA,NA,NA,NA,FALSE,"Post outbreak",NA,NA,"Other",TRUE,FALSE,NA,NA,NA,NA,NA,"Unspecified","Hospital based","Persons under investigation",NA,NA,NA,"Saudi Arabia","Al-Madinah",NA,"03","2014",NA,"05","2014",NA,NA,"ICU Admission","ICU Discharge/Death",FALSE,FALSE,NA,"Human delay",NA,NA,NA
"4d0d607dee48dcb4ffd97abc53fe062a","114e862bb03c18fb0162b7e2cef13977",2392,"MERS-CoV","Severity - asymptomatic proportion of infections",NA,0,NA,NA,NA,"Unspecified",NA,NA,NA,NA,NA,5,8,NA,NA,NA,NA,NA,NA,NA,FALSE,"Unspecified","Naive",NA,NA,FALSE,NA,NA,NA,NA,NA,NA,"Both","Hospital based","Mixed groups",26,37,8,"Saudi Arabia",NA,NA,NA,"2015",NA,NA,"2015",NA,NA,NA,NA,FALSE,FALSE,NA,"Severity",NA,NA,NA
"4d0d607dee48dcb4ffd97abc53fe062a","4bc8cf3a72e44d0d69b9b14d65a1c2e2",2392,"MERS-CoV","Severity - symptomatic proportion of infections",NA,0,NA,NA,NA,"Unspecified",NA,NA,NA,NA,NA,3,8,NA,NA,NA,NA,NA,NA,NA,FALSE,"Unspecified","Naive",NA,NA,FALSE,NA,NA,NA,NA,NA,NA,"Both","Hospital based","Mixed groups",26,37,8,"Saudi Arabia",NA,NA,NA,"2015",NA,NA,"2015",NA,NA,NA,NA,FALSE,FALSE,NA,"Severity",NA,NA,NA
"4d0d607dee48dcb4ffd97abc53fe062a","5ff25c577ec56ecfab6fd355fc89a70e",2392,"MERS-CoV","Human delay - time in care (length of stay)",NA,0,NA,NA,NA,"Unspecified",NA,NA,NA,NA,NA,NA,NA,NA,NA,NA,NA,NA,NA,NA,NA,"Unspecified",NA,NA,NA,FALSE,NA,NA,NA,NA,NA,NA,"Both","Hospital based","Mixed groups",26,37,8,"Saudi Arabia",NA,NA,NA,"2015",NA,NA,"2015",NA,NA,NA,NA,FALSE,FALSE,NA,"Human delay",NA,NA,NA
"f0b4e8bfb19422cacad04dc718070eb9","c0064851a3b5632f140fc19e4fcf76d6",2408,"MERS-CoV","Severity - case fatality ratio (CFR)",NA,0,NA,NA,NA,"Unspecified",NA,NA,NA,NA,NA,2,17,NA,NA,NA,NA,NA,NA,NA,TRUE,"Post outbreak","Naive",NA,NA,FALSE,NA,NA,NA,NA,NA,NA,"Both","Hospital based","Persons under investigation",35,79,17,"Republic of Korea","Seoul",NA,NA,"2015",NA,NA,"2015",NA,NA,NA,NA,FALSE,FALSE,NA,"Severity",NA,NA,NA
"f0b4e8bfb19422cacad04dc718070eb9","1c38a5ca64d422861b51508818b5eb52",2408,"MERS-CoV","Seroprevalence - PRNT",NA,0,NA,NA,NA,"Unspecified",NA,NA,NA,NA,NA,7,11,NA,NA,NA,NA,NA,NA,NA,FALSE,"Post outbreak","Naive",NA,NA,TRUE,NA,NA,NA,NA,NA,NA,"Both","Other","Persons under investigation",NA,NA,11,"Republic of Korea","Seoul",NA,NA,NA,NA,NA,NA,NA,NA,NA,NA,FALSE,FALSE,NA,"Seroprevalence",NA,NA,NA
"f0b4e8bfb19422cacad04dc718070eb9","615b5d855f96ee868d0b97ad40ac0d03",2408,"MERS-CoV","Seroprevalence - IgG",NA,0,NA,NA,NA,"Unspecified",NA,NA,NA,NA,NA,7,11,NA,NA,NA,NA,NA,NA,NA,FALSE,"Post outbreak","Naive",NA,NA,FALSE,NA,NA,NA,NA,NA,NA,"Both","Other","Persons under investigation",NA,NA,11,"Republic of Korea","Seoul",NA,NA,NA,NA,NA,NA,NA,NA,NA,NA,FALSE,FALSE,NA,"Seroprevalence",NA,NA,NA
"f0b4e8bfb19422cacad04dc718070eb9","11cf4c2ea0f32e146d50196b5f90c981",2408,"MERS-CoV","Human delay - other human delay (go to section)",19,0,"Days",NA,NA,"Median",NA,NA,NA,NA,NA,NA,NA,NA,NA,NA,NA,NA,NA,NA,FALSE,"Post outbreak",NA,NA,NA,FALSE,NA,NA,NA,NA,NA,NA,"Both","Other","Persons under investigation",NA,NA,11,"Republic of Korea","Seoul",NA,NA,NA,NA,NA,NA,NA,NA,"Symptom Onset","Negative PCR",FALSE,FALSE,NA,"Human delay",NA,NA,NA
"66852fc622c933098b8a74da1ac85660","94b7094bdac40c92669e628ec8502cb6",2410,"MERS-CoV","Severity - asymptomatic proportion of infections",14.2,0,"Percentage (%)",NA,NA,"Unspecified",NA,NA,NA,NA,NA,27,190,NA,NA,NA,NA,NA,NA,NA,FALSE,"Post outbreak","Naive",NA,NA,FALSE,NA,NA,NA,NA,NA,NA,"Both","Population based","Persons under investigation",NA,NA,190,"Saudi Arabia",NA,23,"04","2014","31","08","2015",NA,NA,NA,NA,FALSE,FALSE,NA,"Severity",NA,NA,NA
"66852fc622c933098b8a74da1ac85660","9f3a1f76b82df95b2b1fe3dbfceb8d37",2410,"MERS-CoV","Severity - case fatality ratio (CFR)",36.3,0,"Percentage (%)",NA,NA,"Unspecified",NA,NA,NA,NA,NA,69,190,NA,NA,NA,NA,NA,NA,NA,FALSE,"Post outbreak","Naive",NA,NA,FALSE,NA,NA,NA,NA,NA,NA,"Both","Population based","Persons under investigation",NA,NA,190,"Saudi Arabia",NA,23,"04","2014","31","08","2015",NA,NA,NA,NA,FALSE,FALSE,NA,"Severity",NA,NA,NA
"859a2be2ae36b612c73148df2448fbf2","33cb41eaa9a22af6e28edd3c78f80af0",2419,"MERS-CoV","Severity - asymptomatic proportion of infections",10.1,0,"Percentage (%)",0,32.9,"Unspecified",NA,NA,NA,NA,NA,93,924,NA,NA,NA,NA,NA,NA,NA,FALSE,"Post outbreak","Naive",NA,"Other",TRUE,FALSE,NA,NA,NA,NA,NA,"Both","Mixed settings","Mixed groups",NA,NA,924,"Saudi Arabia",NA,NA,NA,"2012",NA,"07","2015",NA,NA,NA,NA,FALSE,FALSE,NA,"Severity","0 - 32.9",NA,NA
"859a2be2ae36b612c73148df2448fbf2","197185417ed01344192e3e1d54b14a53",2419,"MERS-CoV","Severity - case fatality ratio (CFR)",46,0,"Percentage (%)",8.8,86.2,"Unspecified",NA,NA,NA,NA,NA,425,924,NA,NA,NA,NA,NA,NA,NA,FALSE,"Post outbreak","Naive",NA,"Age; Other",TRUE,FALSE,NA,NA,NA,NA,NA,"Both","Mixed settings","Mixed groups",NA,NA,924,"Saudi Arabia",NA,NA,NA,"2012",NA,"07","2015",NA,NA,NA,NA,FALSE,FALSE,NA,"Severity","8.8 - 86.2",NA,NA
"859a2be2ae36b612c73148df2448fbf2","bdca3e05781e8218ddbaf287f3581787",2419,"MERS-CoV","Risk factors",NA,0,NA,NA,NA,"Unspecified",NA,NA,NA,NA,NA,NA,NA,NA,NA,NA,NA,NA,NA,NA,NA,"Post outbreak",NA,NA,NA,NA,NA,"Other","Other",NA,"Significant","Not adjusted","Both","Mixed settings","Mixed groups",NA,NA,924,"Saudi Arabia",NA,NA,NA,"2012",NA,"07","2015",NA,NA,NA,NA,FALSE,FALSE,NA,"Risk factors",NA,NA,NA
"859a2be2ae36b612c73148df2448fbf2","d2fbe4a949c1dc3437b3c87a07ef594d",2419,"MERS-CoV","Risk factors",NA,0,NA,NA,NA,"Unspecified",NA,NA,NA,NA,NA,NA,NA,NA,NA,NA,NA,NA,NA,NA,FALSE,"Post outbreak",NA,NA,NA,NA,NA,"Death","Age,Comorbidity,Other",NA,"Significant","Not adjusted","Both","Mixed settings","Mixed groups",NA,NA,403,"Saudi Arabia",NA,NA,NA,"2012",NA,"07","2015",NA,NA,NA,NA,FALSE,FALSE,NA,"Risk factors",NA,NA,NA
"859a2be2ae36b612c73148df2448fbf2","b04ad3d53f78c22275d3f8172eed4370",2419,"MERS-CoV","Risk factors",NA,0,NA,NA,NA,"Unspecified",NA,NA,NA,NA,NA,NA,NA,NA,NA,NA,NA,NA,NA,NA,FALSE,"Post outbreak",NA,NA,NA,NA,NA,"Death","Age,Comorbidity,Sex,Other",NA,"Not significant","Not adjusted","Both","Mixed settings","Mixed groups",NA,NA,403,"Saudi Arabia",NA,NA,NA,"2012",NA,"07","2015",NA,NA,NA,NA,FALSE,FALSE,NA,"Risk factors",NA,NA,NA
"859a2be2ae36b612c73148df2448fbf2","9bb5d97f9862786212e444a797c7f49b",2419,"MERS-CoV","Risk factors",NA,0,NA,NA,NA,"Unspecified",NA,NA,NA,NA,NA,NA,NA,NA,NA,NA,NA,NA,NA,NA,FALSE,"Post outbreak",NA,NA,NA,NA,NA,"Death","Age,Comorbidity,Other",NA,"Significant","Adjusted","Both","Mixed settings","Mixed groups",NA,NA,403,"Saudi Arabia",NA,NA,NA,"2012",NA,"07","2015",NA,NA,NA,NA,FALSE,FALSE,NA,"Risk factors",NA,NA,NA
"859a2be2ae36b612c73148df2448fbf2","b623080c581f03ebcbaf185d9729412d",2419,"MERS-CoV","Risk factors",NA,0,NA,NA,NA,"Unspecified",NA,NA,NA,NA,NA,NA,NA,NA,NA,NA,NA,NA,NA,NA,FALSE,"Post outbreak",NA,NA,NA,NA,NA,"Death","Age,Comorbidity,Sex,Other",NA,"Not significant","Adjusted","Both","Mixed settings","Mixed groups",NA,NA,403,"Saudi Arabia",NA,NA,NA,"2012",NA,"07","2015",NA,NA,NA,NA,FALSE,FALSE,NA,"Risk factors",NA,NA,NA
"94ae3e2ab76a643388663af14cee7df0","77c762c8b6916d81c79fc5de7421c8e3",2420,"MERS-CoV","Severity - case fatality ratio (CFR)",44,0,"Percentage (%)",0,100,"Unspecified",NA,NA,NA,NA,NA,11,25,NA,NA,NA,NA,NA,NA,NA,FALSE,"Post outbreak","Naive",NA,"Age; Level of exposure; Sex; Symptoms; Other",TRUE,FALSE,NA,NA,NA,NA,NA,"Both","Hospital based","Persons under investigation",NA,NA,25,"Republic of Korea","Daejeon",NA,"05","2015",NA,"06","2015",NA,NA,NA,NA,FALSE,FALSE,NA,"Severity","0 - 100",NA,NA
"94ae3e2ab76a643388663af14cee7df0","55cb3a5e8733cd2a7c7f578bc793d89a",2420,"MERS-CoV","Risk factors",NA,0,NA,NA,NA,"Unspecified",NA,NA,NA,NA,NA,NA,NA,NA,NA,NA,NA,NA,NA,NA,NA,"Post outbreak",NA,NA,NA,NA,NA,"Death","Comorbidity,Sex,Other",NA,"Significant","Not adjusted","Both","Hospital based","Persons under investigation",NA,NA,25,"Republic of Korea","Daejeon",NA,"05","2015",NA,"06","2015",NA,NA,NA,NA,FALSE,FALSE,NA,"Risk factors",NA,NA,NA
"94ae3e2ab76a643388663af14cee7df0","e7bde590195b640a62cec957e31ed5de",2420,"MERS-CoV","Risk factors",NA,0,NA,NA,NA,"Unspecified",NA,NA,NA,NA,NA,NA,NA,NA,NA,NA,NA,NA,NA,NA,NA,"Post outbreak",NA,NA,NA,NA,NA,"Death","Age,Comorbidity,Other",NA,"Not significant","Not adjusted","Both","Hospital based","Persons under investigation",NA,NA,25,"Republic of Korea","Daejeon",NA,"05","2015",NA,"06","2015",NA,NA,NA,NA,FALSE,FALSE,NA,"Risk factors",NA,NA,NA
"94ae3e2ab76a643388663af14cee7df0","ff2f68466ec829791cfa422f8be258b2",2420,"MERS-CoV","Human delay - incubation period",8,0,"Days",NA,NA,"Median",NA,NA,NA,NA,NA,NA,NA,NA,NA,NA,NA,NA,NA,NA,FALSE,"Post outbreak",NA,NA,NA,FALSE,NA,NA,NA,NA,NA,NA,"Both","Hospital based","Persons under investigation",NA,NA,14,"Republic of Korea","Hospital A;  Daejeon",NA,"05","2015",NA,"06","2015",NA,NA,NA,NA,FALSE,FALSE,NA,"Human delay",NA,NA,NA
"94ae3e2ab76a643388663af14cee7df0","95ab7e533ec47ca98386035ab940f366",2420,"MERS-CoV","Human delay - incubation period",4,0,"Days",NA,NA,"Median",NA,NA,NA,NA,NA,NA,NA,NA,NA,NA,NA,NA,NA,NA,FALSE,"Post outbreak",NA,NA,NA,FALSE,NA,NA,NA,NA,NA,NA,"Both","Hospital based","Persons under investigation",NA,NA,11,"Republic of Korea","Hospital B;  Daejeon",NA,"05","2015",NA,"06","2015",NA,NA,NA,NA,FALSE,FALSE,NA,"Human delay",NA,NA,NA
"588a51329d4987005b1ed7aa3dc5a1a2","2c03e6b45131a581bbd6c683d579cd2d",2421,"MERS-CoV","Reproduction number (Basic R0) - Human",0.47,0,NA,NA,NA,"Maximum likelihood",NA,NA,0.29,0.8,"95% CI",NA,NA,NA,NA,NA,NA,NA,NA,NA,FALSE,"Post outbreak",NA,"Branching process",NA,NA,NA,NA,NA,NA,NA,NA,"Unspecified","Unspecified","Unspecified",NA,NA,NA,"Republic of Korea",NA,NA,NA,NA,"31","08","2013",NA,NA,NA,NA,FALSE,FALSE,"Human-human","Reproduction number",NA,"95% CI","0.29 - 0.8"
"588a51329d4987005b1ed7aa3dc5a1a2","251a4175e32cb61767ba0705efa6b060",2421,"MERS-CoV","Overdispersion",0.26,0,NA,NA,NA,"Maximum likelihood",NA,NA,0.09,1.24,"95% CI",NA,NA,NA,NA,NA,NA,NA,NA,NA,FALSE,"Post outbreak",NA,NA,NA,NA,NA,NA,NA,NA,NA,NA,"Unspecified","Unspecified","Unspecified",NA,NA,NA,"Republic of Korea",NA,NA,NA,NA,"31","08","2013",NA,NA,NA,NA,FALSE,FALSE,NA,"Overdispersion",NA,"95% CI","0.09 - 1.24"
"155927f107189c6a1842200bed4c16cc","7060667c39d984f06a2c10ee7544cf92",2425,"MERS-CoV","Human delay - incubation period",6,0,"Days",2,16,"Median",NA,NA,NA,NA,NA,NA,NA,NA,NA,NA,NA,NA,NA,NA,FALSE,"Post outbreak",NA,NA,NA,NA,NA,NA,NA,NA,NA,NA,NA,"Hospital based","Mixed groups",NA,NA,91,"Republic of Korea",NA,21,"05","2015","22","06","2015",NA,NA,NA,NA,FALSE,FALSE,NA,"Human delay","2 - 16",NA,NA
"fb226af7083fcaa43d9c4696b3c97d2f","202f02f1739bee913e3157951e635113",2428,"MERS-CoV","Human delay - other human delay (go to section)",6,0,"Days",NA,NA,"Median",NA,NA,3,7,"IQR",NA,NA,NA,NA,NA,NA,NA,NA,NA,NA,"Post outbreak",NA,NA,"Age; Occupation; Sex; Symptoms; Other",TRUE,NA,NA,NA,NA,NA,NA,"Both","Hospital based","Mixed groups",31,87,123,"Republic of Korea","Hospital A",22,"05","2015","30","05","2015",NA,NA,"symptom onset","pneumonia development",FALSE,FALSE,NA,"Human delay",NA,"IQR","3 - 7"
"fb226af7083fcaa43d9c4696b3c97d2f","cd86142f97d12063b44fe6f6557e7af4",2428,"MERS-CoV","Secondary attack rate",15.8,0,"Percentage (%)",NA,NA,"Unspecified",NA,NA,NA,NA,NA,NA,NA,NA,NA,NA,NA,NA,NA,NA,FALSE,"Post outbreak",NA,NA,NA,NA,NA,NA,NA,NA,NA,NA,"Both","Hospital based","Mixed groups",31,87,123,"Republic of Korea","Hospital A",22,"05","2015","30","05","2015",NA,NA,NA,NA,FALSE,FALSE,NA,"Other transmission parameters",NA,NA,NA
"fb226af7083fcaa43d9c4696b3c97d2f","ea48f84dff34b49969c253080b91fdd4",2428,"MERS-CoV","Severity - case fatality ratio (CFR)",30.8,0,"Percentage (%)",NA,NA,"Unspecified",NA,NA,NA,NA,NA,4,13,NA,NA,NA,NA,NA,NA,NA,FALSE,"Post outbreak","Naive",NA,NA,FALSE,NA,NA,NA,NA,NA,NA,"Both","Hospital based","Mixed groups",31,87,123,"Republic of Korea","Hospital A",22,"05","2015","30","05","2015",NA,NA,NA,NA,FALSE,FALSE,NA,"Severity",NA,NA,NA
"fb226af7083fcaa43d9c4696b3c97d2f","0c6b1c4c1fc0f534ab58d2d108d6757a",2428,"MERS-CoV","Severity - case fatality ratio (CFR)",70,0,"Percentage (%)",NA,NA,"Unspecified",NA,NA,NA,NA,NA,7,10,NA,NA,NA,NA,NA,NA,NA,FALSE,"Post outbreak","Naive",NA,NA,NA,NA,NA,NA,NA,NA,NA,"Both","Hospital based","Mixed groups",60,82,117,"Republic of Korea","Hospital B",31,"05","2015","08","06","2015",NA,NA,NA,NA,FALSE,FALSE,NA,"Severity",NA,NA,NA
"fb226af7083fcaa43d9c4696b3c97d2f","51b8e109124c12a59e620e1fb0a27587",2428,"MERS-CoV","Human delay - other human delay (go to section)",3,0,"Days",NA,NA,"Median",NA,NA,1,4,"IQR",NA,NA,NA,NA,NA,NA,NA,NA,NA,NA,"Post outbreak",NA,NA,NA,FALSE,NA,NA,NA,NA,NA,NA,"Both","Hospital based","Mixed groups",60,82,117,"Republic of Korea","Hospital B",31,"05","2015","08","06","2015",NA,NA,"symtpom onset","time to pneumonia",FALSE,FALSE,NA,"Human delay",NA,"IQR","1 - 4"
"fb226af7083fcaa43d9c4696b3c97d2f","a1dc3841ea02ceb9f3e5a4715bf06adb",2428,"MERS-CoV","Secondary attack rate",14.3,0,"Percentage (%)",NA,NA,"Unspecified",NA,NA,NA,NA,NA,NA,NA,NA,NA,NA,NA,NA,NA,NA,FALSE,"Post outbreak",NA,NA,NA,NA,NA,NA,NA,NA,NA,NA,"Both","Hospital based","Mixed groups",60,82,117,"Republic of Korea","Hospital B",31,"05","2015","08","06","2015",NA,NA,NA,NA,FALSE,FALSE,NA,"Other transmission parameters",NA,NA,NA
"fb226af7083fcaa43d9c4696b3c97d2f","45de3cfc4f40f1a5bf877dcfabf76759",2428,"MERS-CoV","Human delay - incubation period",7.8,0,"Days",3.6,11,"Median",NA,NA,NA,NA,NA,NA,NA,NA,NA,NA,NA,NA,NA,NA,FALSE,"Post outbreak",NA,NA,NA,NA,NA,NA,NA,NA,NA,NA,"Both","Hospital based","Mixed groups",NA,NA,NA,"Republic of Korea",NA,22,"05","2015","08","06","2015",NA,NA,NA,NA,FALSE,FALSE,NA,"Human delay","3.6 - 11",NA,NA
"fb226af7083fcaa43d9c4696b3c97d2f","84507a2de75da401df6db9c20f1efce9",2428,"MERS-CoV","Human delay - serial interval",14.6,0,"Days",NA,NA,"Median",NA,NA,12.9,16.5,"95% CrI",NA,NA,NA,NA,NA,NA,NA,NA,NA,TRUE,"Post outbreak",NA,NA,NA,FALSE,NA,NA,NA,NA,NA,NA,"Both","Hospital based","Mixed groups",NA,NA,NA,"Republic of Korea",NA,22,"05","2015","08","06","2015",NA,NA,NA,NA,FALSE,FALSE,NA,"Human delay",NA,"95% CrI","12.9 - 16.5"
"df1046db5b60ff77dcfb3bfa622a1af6","e6e8c55658b43b7a98faeb3b471faea1",2430,"MERS-CoV","Risk factors",NA,0,NA,NA,NA,"Unspecified",NA,NA,NA,NA,NA,NA,NA,NA,NA,NA,NA,NA,NA,NA,FALSE,"Post outbreak",NA,NA,NA,NA,NA,"Other","Other","Unspecified","Significant","Adjusted","Both","Hospital based","Persons under investigation",NA,NA,186,"Republic of Korea",NA,11,"05","2015","30","06","2015",NA,NA,NA,NA,FALSE,FALSE,NA,"Risk factors",NA,NA,NA
"df1046db5b60ff77dcfb3bfa622a1af6","ae511e143592eab8d63cbb723b2f33c9",2430,"MERS-CoV","Human delay - incubation period",NA,0,"Days",7.4,8,"Median",NA,NA,NA,NA,NA,NA,NA,NA,NA,NA,NA,NA,NA,NA,FALSE,"Post outbreak",NA,NA,NA,FALSE,NA,NA,NA,NA,NA,NA,"Both","Hospital based","Persons under investigation",NA,NA,186,"Republic of Korea",NA,11,"05","2015","30","06","2015",NA,NA,NA,NA,FALSE,FALSE,NA,"Human delay","7.4 - 8",NA,NA
"df1046db5b60ff77dcfb3bfa622a1af6","553bd71f0e4e792527f0dc1ae200401c",2430,"MERS-CoV","Human delay - other human delay (go to section)",NA,0,"Days",2,8,"Median",NA,NA,NA,NA,NA,NA,NA,NA,NA,NA,NA,NA,NA,NA,FALSE,"Post outbreak",NA,NA,NA,NA,NA,NA,NA,NA,NA,NA,"Both","Hospital based","Persons under investigation",NA,NA,186,"Republic of Korea",NA,11,"05","2015","30","06","2015",NA,NA,"symptom onset","isolation",FALSE,FALSE,NA,"Human delay","2 - 8",NA,NA
"df1046db5b60ff77dcfb3bfa622a1af6","7b496703556b1b63cd28b9973e86eaee",2430,"MERS-CoV","Human delay - other human delay (go to section)",NA,0,"Days",6.5,8.8,"Median",NA,NA,NA,NA,NA,NA,NA,NA,NA,NA,NA,NA,NA,NA,FALSE,"Post outbreak",NA,NA,NA,FALSE,NA,NA,NA,NA,NA,NA,"Both","Hospital based","Persons under investigation",NA,NA,186,"Republic of Korea",NA,11,"05","2015","30","06","2015",NA,NA,"symptom onset","Diagnosis/test result",FALSE,FALSE,NA,"Human delay","6.5 - 8.8",NA,NA
"6ea1ac777581bf29233db7a332a58abb","938d8ab5e7379d7f9002d7dc08e9d7ff",2435,"MERS-CoV","Risk factors",NA,0,NA,NA,NA,"Unspecified",NA,NA,NA,NA,NA,NA,NA,NA,NA,NA,NA,NA,NA,NA,NA,"Post outbreak",NA,NA,NA,FALSE,NA,"Severe disease","Occupation,Other","Healthcare","Significant","Not adjusted","Both",NA,NA,NA,NA,65,"United Arab Emirates",NA,1,"01","2014","09","05","2014",NA,NA,NA,NA,FALSE,FALSE,NA,"Risk factors",NA,NA,NA
"6ea1ac777581bf29233db7a332a58abb","c6a49d733080ad70f7c66ac181d89693",2435,"MERS-CoV","Risk factors",NA,0,NA,NA,NA,"Unspecified",NA,NA,NA,NA,NA,NA,NA,NA,NA,NA,NA,NA,NA,NA,FALSE,"Post outbreak",NA,NA,NA,NA,NA,"Severe disease","Sex",NA,"Not significant","Not adjusted","Both",NA,NA,NA,NA,65,"United Arab Emirates",NA,1,"01","2014","09","05","2014",NA,NA,NA,NA,FALSE,FALSE,NA,"Risk factors",NA,NA,NA
"9c37af6b428200c3f6cd1419ed25f303","337bd6eef27035adffe3dd5372aea794",2454,"MERS-CoV","Severity - case fatality ratio (CFR)",20.4,0,"Percentage (%)",NA,NA,"Unspecified",NA,NA,NA,NA,NA,38,186,NA,NA,NA,NA,NA,NA,NA,FALSE,"Post outbreak","Naive",NA,"Sex",TRUE,FALSE,NA,NA,NA,NA,NA,"Both",NA,"Persons under investigation",NA,NA,NA,"Republic of Korea",NA,20,"05","2015","25","10","2015",NA,NA,NA,NA,FALSE,FALSE,NA,"Severity",NA,NA,NA
"061da41e122abe3e562ec49c749f433a","4e32651fe29f47b91c1949f91ea778ad",2459,"MERS-CoV","Reproduction number (Effective, Re) - Human",NA,0,"No units",0.85,1.12,"Unspecified",NA,NA,NA,NA,NA,NA,NA,NA,NA,NA,NA,NA,NA,NA,FALSE,"Post outbreak",NA,"Compartmental model","Region",TRUE,TRUE,NA,NA,NA,NA,NA,NA,NA,NA,NA,NA,NA,"Saudi Arabia","western;  central;  eastern regions",NA,"05","2013",NA,"05","2015",NA,NA,NA,NA,FALSE,FALSE,"Human-human","Reproduction number","0.85 - 1.12",NA,NA
"82cac87d15549956112ec0eb6b0ce988","ea4023dc5b6b93f3534f17771dc5ba43",2462,"MERS-CoV","Severity - case fatality ratio (CFR)",74.2,0,"Percentage (%)",NA,NA,"Unspecified",NA,NA,NA,NA,NA,23,31,NA,NA,NA,NA,NA,NA,NA,FALSE,NA,"Naive",NA,NA,NA,NA,NA,NA,NA,NA,NA,"Both","Hospital based","Persons under investigation",NA,NA,31,"Saudi Arabia","Riyadh",1,"10","2012","31","05","2014",NA,NA,NA,NA,FALSE,FALSE,NA,"Severity",NA,NA,NA
"82cac87d15549956112ec0eb6b0ce988","16b6ff95242b54b6e03681e0eeb061e4",2462,"MERS-CoV","Risk factors",NA,0,NA,NA,NA,"Unspecified",NA,NA,NA,NA,NA,NA,NA,NA,NA,NA,NA,NA,NA,NA,FALSE,NA,NA,NA,"Age; Sex; Symptoms; Time; Other",TRUE,TRUE,"Other","Age,Hospitalisation,Other",NA,"Significant","Unspecified","Both","Hospital based","Persons under investigation",NA,NA,31,"Saudi Arabia","Riyadh",1,"10","2012","31","05","2014",NA,NA,NA,NA,FALSE,FALSE,NA,"Risk factors",NA,NA,NA
"82cac87d15549956112ec0eb6b0ce988","9e37507ff832c6559082aeaf8284728e",2462,"MERS-CoV","Risk factors",NA,0,NA,NA,NA,"Unspecified",NA,NA,NA,NA,NA,NA,NA,NA,NA,NA,NA,NA,NA,NA,NA,NA,NA,NA,"Age; Sex; Symptoms; Time; Other",TRUE,TRUE,"Other","Comorbidity,Sex,Other",NA,"Not significant","Unspecified","Both","Hospital based","Persons under investigation",NA,NA,31,"Saudi Arabia","Riyadh",1,"10","2012","31","05","2014",NA,NA,NA,NA,FALSE,FALSE,NA,"Risk factors",NA,NA,NA
"82cac87d15549956112ec0eb6b0ce988","5c468b852e49c6d4f2aa78c2edd1045f",2462,"MERS-CoV","Human delay - time in care (length of stay)",12,0,"Days",NA,NA,"Median",NA,NA,4,16,"IQR",NA,NA,NA,NA,NA,NA,NA,NA,NA,FALSE,NA,NA,NA,"Other",TRUE,FALSE,NA,NA,NA,NA,NA,"Both","Hospital based","Persons under investigation",NA,NA,31,"Saudi Arabia","Riyadh",1,"10","2012","31","05","2014",NA,NA,NA,NA,FALSE,FALSE,NA,"Human delay",NA,"IQR","4 - 16"
"82cac87d15549956112ec0eb6b0ce988","3c9b97cad1ab80ea52fad0550a511629",2462,"MERS-CoV","Human delay - other human delay (go to section)",9,0,"Days",NA,NA,"Median",NA,NA,4,16,"IQR",NA,NA,NA,NA,NA,NA,NA,NA,NA,FALSE,NA,NA,NA,"Other",TRUE,FALSE,NA,NA,NA,NA,NA,"Both","Hospital based","Persons under investigation",NA,NA,31,"Saudi Arabia","Riyadh",1,"10","2012","31","05","2014",NA,NA,"Time from entering ICU","Time to leaving ICU either by discharge or death",FALSE,FALSE,NA,"Human delay",NA,"IQR","4 - 16"
"6ca60d5d43e0f730834be176a923bddc","9542b9ddad34c38c4f48cb44f31f9de7",2475,"MERS-CoV","Risk factors",NA,0,NA,NA,NA,"Unspecified",NA,NA,NA,NA,NA,NA,NA,NA,NA,NA,NA,NA,NA,NA,FALSE,NA,NA,NA,NA,FALSE,NA,"Death","Age,Contact with animal,Comorbidity,Hospitalisation,Occupation,Sex,Camel contact (home),Camel contact (work),Camel contact (other),Other",NA,"Unspecified","Not adjusted","Both","Unspecified","Mixed groups",NA,NA,1413,"France; Iran (Islamic Republic of); Italy; Jordan; Kuwait; Lebanon; Oman; Qatar; Saudi Arabia; Tunisia; United Arab Emirates; United Kingdom of Great Britain and Northern Ireland; Yemen",NA,1,"01","2012",NA,NA,"2015",NA,NA,NA,NA,FALSE,FALSE,NA,"Risk factors",NA,NA,NA
"6ca60d5d43e0f730834be176a923bddc","0bf65519240ae40105283a5d54baed2a",2475,"MERS-CoV","Risk factors",NA,0,NA,NA,NA,"Unspecified",NA,NA,NA,NA,NA,NA,NA,NA,NA,NA,NA,NA,NA,NA,FALSE,NA,NA,NA,NA,FALSE,NA,"Death","Age,Contact with animal,Comorbidity,Hospitalisation,Occupation,Sex,Camel contact (home),Camel contact (work),Camel contact (other),Other",NA,"Unspecified","Adjusted","Both","Unspecified","Mixed groups",NA,NA,1413,"France; Iran (Islamic Republic of); Italy; Jordan; Kuwait; Lebanon; Oman; Qatar; Saudi Arabia; Tunisia; United Arab Emirates; United Kingdom of Great Britain and Northern Ireland; Yemen",NA,1,"01","2012",NA,NA,"2015",NA,NA,NA,NA,FALSE,FALSE,NA,"Risk factors",NA,NA,NA
"6ca60d5d43e0f730834be176a923bddc","ef0bd4e459f1864d635f7f12a51a3241",2475,"MERS-CoV","Risk factors",NA,0,NA,NA,NA,"Unspecified",NA,NA,NA,NA,NA,NA,NA,NA,NA,NA,NA,NA,NA,NA,NA,NA,NA,NA,NA,FALSE,NA,"Severe disease","Age,Contact with animal,Comorbidity,Hospitalisation,Occupation,Sex,Camel contact (home),Camel contact (work),Camel contact (other),Other",NA,"Unspecified","Not adjusted","Both","Unspecified","Mixed groups",NA,NA,1413,"France; Iran (Islamic Republic of); Italy; Jordan; Kuwait; Lebanon; Oman; Qatar; Saudi Arabia; Tunisia; United Arab Emirates; United Kingdom of Great Britain and Northern Ireland; Yemen",NA,1,"01","2012",NA,NA,"2015",NA,NA,NA,NA,FALSE,FALSE,NA,"Risk factors",NA,NA,NA
"6ca60d5d43e0f730834be176a923bddc","008345edc21bb5be895ec9d8a017c3c2",2475,"MERS-CoV","Risk factors",NA,0,NA,NA,NA,"Unspecified",NA,NA,NA,NA,NA,NA,NA,NA,NA,NA,NA,NA,NA,NA,FALSE,NA,NA,NA,NA,FALSE,NA,"Severe disease","Age,Contact with animal,Comorbidity,Hospitalisation,Occupation,Sex,Camel contact (home),Camel contact (work),Camel contact (other)",NA,"Unspecified","Adjusted","Both","Unspecified","Mixed groups",NA,NA,1413,"France; Iran (Islamic Republic of); Italy; Jordan; Kuwait; Lebanon; Oman; Qatar; Saudi Arabia; Tunisia; United Arab Emirates; United Kingdom of Great Britain and Northern Ireland; Yemen",NA,1,"01","2012",NA,NA,"2015",NA,NA,NA,NA,FALSE,FALSE,NA,"Risk factors",NA,NA,NA
"e9adf140974d78cadc03c2f6e48c1153","bc9a5bb2772033b48c0711ded3fcd909",2476,"MERS-CoV","Severity - case fatality ratio (CFR)",75,0,"Percentage (%)",NA,NA,"Unspecified",NA,NA,NA,NA,NA,39,52,NA,NA,NA,NA,NA,NA,NA,FALSE,"Unspecified","Naive",NA,"Age; Sex",TRUE,FALSE,NA,NA,NA,NA,NA,"Both","Hospital based","Persons under investigation",NA,NA,52,"Saudi Arabia","Jeddah",NA,"03","2014",NA,"07","2014",NA,NA,NA,NA,FALSE,FALSE,NA,"Severity",NA,NA,NA
"e9adf140974d78cadc03c2f6e48c1153","aabba6e196b1ee72bcb74c7a3d7c5835",2476,"MERS-CoV","Risk factors",NA,0,NA,NA,NA,"Unspecified",NA,NA,NA,NA,NA,NA,NA,NA,NA,NA,NA,NA,NA,NA,FALSE,"Unspecified",NA,NA,NA,FALSE,NA,"Other","Other","Unspecified","Significant","Not adjusted","Both","Hospital based","Persons under investigation",NA,NA,52,"Saudi Arabia","Jeddah",NA,"03","2014",NA,"07","2014",NA,NA,NA,NA,FALSE,FALSE,NA,"Risk factors",NA,NA,NA
"e9adf140974d78cadc03c2f6e48c1153","32d79a2ab89306e1b48b77baaf6963e6",2476,"MERS-CoV","Risk factors",NA,0,NA,NA,NA,"Unspecified",NA,NA,NA,NA,NA,NA,NA,NA,NA,NA,NA,NA,NA,NA,NA,"Unspecified",NA,NA,"Age; Sex",TRUE,FALSE,"Other","Age,Sex,Other","Unspecified","Not significant","Not adjusted","Both","Hospital based","Persons under investigation",NA,NA,52,"Saudi Arabia","Jeddah",NA,"03","2014",NA,"07","2014",NA,NA,NA,NA,FALSE,FALSE,NA,"Risk factors",NA,NA,NA
"d7b8af4c3befc7c4426967f005646664","d0e9f04636868d369d38192c87857850",2480,"MERS-CoV","Seroprevalence - Unspecified",0,0,NA,NA,NA,"Unspecified",NA,NA,NA,NA,NA,0,311,NA,NA,NA,NA,NA,NA,NA,FALSE,"Unspecified","Unspecified",NA,NA,NA,NA,NA,NA,NA,NA,NA,"Both","Trade / business based","Abattoir workers",NA,NA,311,"Nigeria","Kano",NA,"04","2016",NA,"11","2016",NA,NA,NA,NA,FALSE,FALSE,NA,"Seroprevalence",NA,NA,NA
"eeeec6bde32eaacad1cd93fba44dc0f9","82213e3d495b26d6d050cfdfdd20f606",2496,"MERS-CoV","Reproduction number (Basic R0)",11.5,0,"No units",NA,NA,"Mean",NA,"Posterior standard deviation (Sd)",7,19.3,"95% CI",NA,NA,NA,NA,NA,NA,NA,NA,NA,FALSE,"Unspecified",NA,"Growth rate",NA,FALSE,NA,NA,NA,NA,NA,NA,"Both","Unspecified","Unspecified",NA,NA,166,"China; Republic of Korea",NA,11,"05","2012","14","06","2012",NA,NA,NA,NA,FALSE,FALSE,"Human-human","Reproduction number",NA,"95% CI","7 - 19.3"
"eeeec6bde32eaacad1cd93fba44dc0f9","5e5c061195d5d37dd0bc34bfd54e10ed",2496,"MERS-CoV","Growth rate (r)",0.194,0,"Unspecified",NA,NA,"Mean",NA,NA,0.161,0.226,"95% CI",NA,NA,NA,NA,NA,NA,NA,NA,NA,FALSE,"Unspecified",NA,NA,NA,FALSE,NA,NA,NA,NA,NA,NA,"Both","Unspecified","Unspecified",NA,NA,166,"China; Republic of Korea",NA,11,"05","2012","14","06","2012",NA,NA,NA,NA,FALSE,FALSE,NA,"Growth rate",NA,"95% CI","0.161 - 0.226"
"7703d7820501700d777b9791b26bbc93","6604bb82101b6529f010bcec8b5b9136",2502,"MERS-CoV","Human delay - time in care (length of stay)",30.6,0,"Days",NA,NA,"Mean",NA,NA,27.689673557829,33.510326442171,NA,NA,NA,NA,NA,NA,NA,NA,NA,NA,FALSE,"Unspecified",NA,NA,NA,FALSE,NA,NA,NA,NA,NA,NA,"Both","Hospital based","Mixed groups",NA,NA,63,"Saudi Arabia","Riyadh",1,"07","2015","21","10","15",NA,NA,NA,NA,FALSE,FALSE,NA,"Human delay",NA,NA,NA
"7703d7820501700d777b9791b26bbc93","b73df397ff6fc84664efe27ce800ddfd",2502,"MERS-CoV","Human delay - other human delay (go to section)",15,0,"Days",NA,NA,"Mean",NA,NA,12.8582013196144,17.1417986803856,NA,NA,NA,NA,NA,NA,NA,NA,NA,NA,FALSE,"Unspecified",NA,NA,NA,FALSE,NA,NA,NA,NA,NA,NA,"Both","Hospital based","Mixed groups",NA,NA,63,"Saudi Arabia","Riyadh",1,"07","2015","21","10","15",NA,NA,"Time from entering ICU","Time leaving ICU by discharge or death",FALSE,FALSE,NA,"Human delay",NA,NA,NA
"7703d7820501700d777b9791b26bbc93","c097a23b5eb89b5fb26d4a109c632f53",2502,"MERS-CoV","Severity - case fatality ratio (CFR)",63.4,0,"Percentage (%)",NA,NA,"Unspecified",NA,NA,NA,NA,NA,NA,63,NA,NA,NA,NA,NA,NA,NA,FALSE,"Unspecified","Unspecified",NA,NA,FALSE,NA,NA,NA,NA,NA,NA,"Both","Hospital based","Mixed groups",NA,NA,63,"Saudi Arabia","Riyadh",1,"07","2015","21","10","15",NA,NA,NA,NA,FALSE,FALSE,NA,"Severity",NA,NA,NA
"b72dd357b5bfc18c668bce0fbcced7d8","c447b60602aad058959ed4c1b0557ccb",2515,"MERS-CoV","Risk factors",NA,0,NA,NA,NA,"Unspecified",NA,NA,NA,NA,NA,NA,NA,NA,NA,NA,NA,NA,NA,NA,FALSE,NA,NA,NA,"Age; Occupation; Sex; Time; Other",TRUE,FALSE,"Infection","Age,Contact with animal,Occupation,Sex,Camel contact (home),Camel contact (work),Camel contact (other),Other",NA,"Significant","Unspecified","Both","Unspecified","Mixed groups",NA,NA,1379,"Saudi Arabia",NA,NA,"06","2012",NA,"09","2016",NA,NA,NA,NA,FALSE,FALSE,NA,"Risk factors",NA,NA,NA
"b72dd357b5bfc18c668bce0fbcced7d8","67acb4a6a72b1d552956c2dd19f5b0ed",2515,"MERS-CoV","Risk factors",NA,0,NA,NA,NA,"Unspecified",NA,NA,NA,NA,NA,NA,NA,NA,NA,NA,NA,NA,NA,NA,FALSE,NA,NA,NA,NA,FALSE,NA,"Infection","Comorbidity",NA,"Not significant","Unspecified","Both","Unspecified","Mixed groups",NA,NA,1379,"Saudi Arabia",NA,NA,"06","2012",NA,"09","2016",NA,NA,NA,NA,FALSE,FALSE,NA,"Risk factors",NA,NA,NA
"ee998ef015f346f5a879ccfffa6465cd","b5f21300d7d87aa66489df0fbf42b383",2534,"MERS-CoV","Mutations - substitution rate",0.000481,-4,"Substitutions/site/year",0.000142,0.00503,"Unspecified",4.3e-05,"Posterior coefficient of variation",NA,NA,NA,NA,NA,NA,NA,NA,NA,NA,NA,NA,FALSE,"Unspecified",NA,NA,"Other",TRUE,FALSE,NA,NA,NA,NA,NA,"Unspecified","Unspecified","Unspecified",NA,NA,91,"China; Egypt; France; Jordan; Qatar; Republic of Korea; Saudi Arabia; United Arab Emirates; United Kingdom of Great Britain and Northern Ireland; United States of America",NA,NA,NA,NA,NA,NA,NA,NA,NA,NA,NA,FALSE,FALSE,NA,"Mutations","1.42 - 50.3","Posterior coefficient of variation","0.43"
"994c0770db51c2bd98bcd6f3c3d7d769","60f12e7d5525a0cea7c845a6f2e87be5",2537,"MERS-CoV","Seroprevalence - IgG",NA,0,"No units",NA,NA,"Unspecified",NA,NA,NA,NA,NA,20,294,NA,NA,NA,NA,NA,NA,NA,FALSE,"Unspecified","Unspecified",NA,"Occupation",TRUE,FALSE,NA,NA,NA,NA,NA,"Male","Other","Mixed groups",NA,NA,294,"Qatar",NA,NA,NA,"2013",NA,NA,"2014",NA,NA,NA,NA,FALSE,FALSE,NA,"Seroprevalence",NA,NA,NA
"994c0770db51c2bd98bcd6f3c3d7d769","66b1a19a4ba558aa3934196737e9f06f",2537,"MERS-CoV","Seroprevalence - IgG",NA,0,"No units",NA,NA,"Unspecified",NA,NA,NA,NA,NA,0,204,NA,NA,NA,NA,NA,NA,NA,FALSE,"Unspecified","Unspecified",NA,"Occupation; Other",TRUE,NA,NA,NA,NA,NA,NA,"Both","Other","Mixed groups",NA,NA,204,"Germany; Netherlands; Qatar",NA,NA,NA,"2008",NA,NA,"2014",NA,NA,NA,NA,FALSE,FALSE,NA,"Seroprevalence",NA,NA,NA
"994c0770db51c2bd98bcd6f3c3d7d769","1c65ba06f8467f103cafb85d46f341f7",2537,"MERS-CoV","Seroprevalence - PRNT",NA,0,"No units",NA,NA,"Unspecified",NA,NA,NA,NA,NA,10,20,NA,NA,NA,NA,NA,NA,NA,NA,"Unspecified","Unspecified",NA,"Occupation",TRUE,FALSE,NA,NA,NA,NA,NA,"Male","Other","Mixed groups",NA,NA,20,"Qatar",NA,NA,NA,"2013",NA,NA,"2014",NA,NA,NA,NA,FALSE,FALSE,NA,"Seroprevalence",NA,NA,NA
"994c0770db51c2bd98bcd6f3c3d7d769","4cdfb22fd45554d0428da21fbdeb41d1",2537,"MERS-CoV","Seroprevalence - PRNT",NA,0,"No units",NA,NA,"Unspecified",NA,NA,NA,NA,NA,1,35,NA,NA,NA,NA,NA,NA,NA,NA,"Unspecified","Unspecified",NA,"Occupation",TRUE,NA,NA,NA,NA,NA,NA,"Male","Other","Mixed groups",NA,NA,35,"Qatar",NA,NA,NA,"2013",NA,NA,"2014",NA,NA,NA,NA,FALSE,FALSE,NA,"Seroprevalence",NA,NA,NA
"994c0770db51c2bd98bcd6f3c3d7d769","fb3f1c46494c4cecc5c77fc93448148c",2537,"MERS-CoV","Seroprevalence - PRNT",NA,0,"No units",NA,NA,"Unspecified",NA,NA,NA,NA,NA,0,48,NA,NA,NA,NA,NA,NA,NA,NA,"Unspecified","Unspecified",NA,"Occupation; Other",TRUE,NA,NA,NA,NA,NA,NA,"Both","Other","Mixed groups",NA,NA,48,"Germany; Netherlands; Qatar",NA,NA,NA,"2008",NA,NA,"2014",NA,NA,NA,NA,FALSE,FALSE,NA,"Seroprevalence",NA,NA,NA
"8c526ceb6613a22b44febe5c44c5610f","f9869413ebb06991f1e574e954af7c0a",2543,"MERS-CoV","Seroprevalence - IgG",0.7,0,"Percentage (%)",NA,NA,"Unspecified",NA,NA,NA,NA,NA,5,737,NA,NA,NA,NA,NA,NA,NA,NA,"Post outbreak","Unspecified",NA,"Other",TRUE,FALSE,NA,NA,NA,NA,NA,"Both","Other","Healthcare workers",18,67,737,"Republic of Korea",NA,NA,NA,"2015",NA,NA,"2015",NA,NA,NA,NA,FALSE,FALSE,NA,"Seroprevalence",NA,NA,NA
"8c526ceb6613a22b44febe5c44c5610f","681b0f55f07f3b6c08913fe363bc55ac",2543,"MERS-CoV","Seroprevalence - IFA",0.3,0,"Percentage (%)",NA,NA,"Unspecified",NA,NA,NA,NA,NA,2,737,NA,NA,NA,NA,NA,NA,NA,NA,"Post outbreak","Unspecified",NA,"Level of exposure; Other",TRUE,FALSE,NA,NA,NA,NA,NA,"Both","Other","Healthcare workers",18,67,737,"Republic of Korea",NA,NA,NA,"2015",NA,NA,"2015",NA,NA,NA,NA,FALSE,FALSE,NA,"Seroprevalence",NA,NA,NA
"ec373ea691b65f908bc5c48222aca894","1ab0d6aa2caa2efa7cabda1eb78c6aca",2544,"MERS-CoV","Severity - case fatality ratio (CFR)",32.07,0,"Percentage (%)",11.11,48.31,"Unspecified",NA,NA,29.9,34.3,"95% CrI",559,1743,NA,NA,NA,NA,NA,NA,NA,FALSE,"Unspecified","Naive",NA,"Level of exposure; Region; Sex; Time; Other",TRUE,FALSE,NA,NA,NA,NA,NA,"Both","Unspecified","Persons under investigation",NA,NA,1743,"France; Iran (Islamic Republic of); Italy; Jordan; Kuwait; Lebanon; Oman; Qatar; Republic of Korea; Saudi Arabia; Tunisia; United Arab Emirates; United Kingdom of Great Britain and Northern Ireland; Yemen",NA,1,"03","2012","31","10","2016",NA,NA,NA,NA,FALSE,FALSE,NA,"Severity","11.11 - 48.31","95% CrI","29.9 - 34.3"
"ec373ea691b65f908bc5c48222aca894","0d866998ddce5e04133d6f3d617eca42",2544,"MERS-CoV","Risk factors",NA,0,NA,NA,NA,"Unspecified",NA,NA,NA,NA,NA,NA,NA,NA,NA,NA,NA,NA,NA,NA,FALSE,"Unspecified",NA,NA,NA,FALSE,NA,"Death","Age,Comorbidity,Sex,Other",NA,"Significant","Not adjusted","Both","Unspecified","Persons under investigation",NA,NA,1743,"France; Iran (Islamic Republic of); Italy; Jordan; Kuwait; Lebanon; Oman; Qatar; Republic of Korea; Saudi Arabia; Tunisia; United Arab Emirates; United Kingdom of Great Britain and Northern Ireland; Yemen",NA,1,"03","2012","31","10","2016",NA,NA,NA,NA,FALSE,FALSE,NA,"Risk factors",NA,NA,NA
"ec373ea691b65f908bc5c48222aca894","dd70d7e1a48bb53277eb2909207651fa",2544,"MERS-CoV","Risk factors",NA,0,NA,NA,NA,"Unspecified",NA,NA,NA,NA,NA,NA,NA,NA,NA,NA,NA,NA,NA,NA,NA,"Unspecified",NA,NA,NA,NA,NA,"Death","Contact with animal,Other",NA,"Not significant","Not adjusted","Both","Unspecified","Persons under investigation",NA,NA,1743,"France; Iran (Islamic Republic of); Italy; Jordan; Kuwait; Lebanon; Oman; Qatar; Republic of Korea; Saudi Arabia; Tunisia; United Arab Emirates; United Kingdom of Great Britain and Northern Ireland; Yemen",NA,1,"03","2012","31","10","2016",NA,NA,NA,NA,FALSE,FALSE,NA,"Risk factors",NA,NA,NA
"ec373ea691b65f908bc5c48222aca894","7411b427dda9b74bfb834c17810f2b4f",2544,"MERS-CoV","Risk factors",NA,0,NA,NA,NA,"Unspecified",NA,NA,NA,NA,NA,NA,NA,NA,NA,NA,NA,NA,NA,NA,NA,"Unspecified",NA,NA,NA,NA,NA,"Death","Age,Comorbidity,Other",NA,"Significant","Adjusted","Both","Unspecified","Persons under investigation",NA,NA,1743,"France; Iran (Islamic Republic of); Italy; Jordan; Kuwait; Lebanon; Oman; Qatar; Republic of Korea; Saudi Arabia; Tunisia; United Arab Emirates; United Kingdom of Great Britain and Northern Ireland; Yemen",NA,1,"03","2012","31","10","2016",NA,NA,NA,NA,FALSE,FALSE,NA,"Risk factors",NA,NA,NA
"ec373ea691b65f908bc5c48222aca894","334569d25634803686c430c060afa6a0",2544,"MERS-CoV","Risk factors",NA,0,NA,NA,NA,"Unspecified",NA,NA,NA,NA,NA,NA,NA,NA,NA,NA,NA,NA,NA,NA,NA,"Unspecified",NA,NA,NA,NA,NA,"Death","Sex",NA,"Not significant","Adjusted","Both","Unspecified","Persons under investigation",NA,NA,1743,"France; Iran (Islamic Republic of); Italy; Jordan; Kuwait; Lebanon; Oman; Qatar; Republic of Korea; Saudi Arabia; Tunisia; United Arab Emirates; United Kingdom of Great Britain and Northern Ireland; Yemen",NA,1,"03","2012","31","10","2016",NA,NA,NA,NA,FALSE,FALSE,NA,"Risk factors",NA,NA,NA
"279eb1cb6be6323972510e3d457b6346","9e55c3d45eeea8299a829238b65371a1",2547,"MERS-CoV","Mutations - substitution rate",3.78e-06,-6,NA,2.74e-06,5.08e-06,"Mean",NA,NA,-5.4e-07,8.1e-06,NA,NA,NA,NA,NA,NA,NA,NA,NA,NA,NA,"Unspecified",NA,NA,"Other",TRUE,NA,NA,NA,NA,NA,NA,"Both","Unspecified","Unspecified",35,52,4,"Republic of Korea",NA,NA,NA,"2015",NA,NA,"2015",NA,NA,NA,NA,FALSE,FALSE,NA,"Mutations","2.74 - 5.08",NA,NA
"279eb1cb6be6323972510e3d457b6346","1ab697aabc4565bd5ba01c3af17f5af4",2547,"MERS-CoV","Mutations - substitution rate",3.44e-06,-6,NA,0,2.58e-06,"Mean",NA,NA,1.145e-06,5.735e-06,NA,NA,NA,NA,NA,NA,NA,NA,NA,NA,NA,"Unspecified",NA,NA,"Other",TRUE,NA,NA,NA,NA,NA,NA,"Both","Unspecified","Unspecified",35,52,4,"Republic of Korea",NA,NA,NA,"2015",NA,NA,"2015",NA,NA,NA,NA,FALSE,FALSE,NA,"Mutations","0 - 2.58",NA,NA
"4429b7180528d7a6b04bfc6c3b1d845e","41bfb44876f4ee97d317812dc7591244",2554,"MERS-CoV","Human delay - other human delay (go to section)",5.6,0,"Days",NA,NA,"Mean",NA,NA,5.41012598511907,5.78987401488093,NA,NA,NA,NA,NA,NA,NA,NA,NA,NA,FALSE,"Unspecified",NA,NA,NA,FALSE,NA,NA,NA,NA,NA,NA,"Both","Unspecified","Persons with symptoms",1,109,537,"Saudi Arabia",NA,5,"01","2015","03","04","2017",NA,NA,"symptom onset","Diagnosis/test result",FALSE,FALSE,NA,"Human delay",NA,NA,NA
"071124aa470c565bade12a51455ec9f1","f95a457a5a69c00625a71bd9c27c4cce",2559,"MERS-CoV","Severity - case fatality ratio (CFR)",29.6,0,"Percentage (%)",5.6,31.7,"Unspecified",NA,NA,NA,NA,NA,53,179,NA,NA,NA,NA,NA,NA,NA,FALSE,"Unspecified",NA,NA,"Level of exposure; Occupation; Sex; Other",TRUE,TRUE,NA,NA,NA,NA,NA,"Both","Mixed settings","Mixed groups",NA,NA,179,"France; Iran (Islamic Republic of); Italy; Jordan; Qatar; Saudi Arabia; Tunisia; United Arab Emirates; United Kingdom of Great Britain and Northern Ireland","29 clusters from the Kingdom of Saudi Arabia (KSA);  six from the United Arab Emirates (UAE);  four from Jordan;  three from Qatar;  and one each from France;  Iran;  Italy;  Tunisia;  and the United Kingdom (UK)",NA,NA,"2014","31","03","2016",NA,NA,NA,NA,FALSE,FALSE,NA,"Severity","5.6 - 31.7",NA,NA
"071124aa470c565bade12a51455ec9f1","eef4e458e6fdad2c08ce1d85c2c05961",2559,"MERS-CoV","Severity - case fatality ratio (CFR)",25.6,0,"Percentage (%)",7.4,279,"Unspecified",NA,NA,NA,NA,NA,129,504,NA,NA,NA,NA,NA,NA,NA,FALSE,NA,NA,NA,"Age; Level of exposure; Occupation; Sex",TRUE,FALSE,NA,NA,NA,NA,NA,"Both","Mixed settings","Mixed groups",NA,NA,NA,"Jordan; Qatar; Saudi Arabia; Tunisia; United Arab Emirates","350 cases from KSA;  125 cases from UAE;  10 cases from Jordan;  10 from Qatar and 9 from Tunisia",NA,NA,"2014","31","03","2016",NA,NA,NA,NA,FALSE,FALSE,NA,"Severity","7.4 - 279",NA,NA
"071124aa470c565bade12a51455ec9f1","ff4f68589de39e5611482a98da87aeea",2559,"MERS-CoV","Human delay - symptom onset>admission to care",NA,0,"Days",2,5,"Unspecified",NA,NA,NA,NA,NA,NA,NA,NA,NA,NA,NA,NA,NA,NA,FALSE,NA,NA,NA,"Disease generation; Level of exposure; Region; Other",TRUE,TRUE,NA,NA,NA,NA,NA,"Both","Mixed settings","Mixed groups",NA,NA,NA,"France; Iran (Islamic Republic of); Italy; Jordan; Qatar; Saudi Arabia; Tunisia; United Arab Emirates; United Kingdom of Great Britain and Northern Ireland","All countries for clusters and sporadic: 29 Kingdom of Saudi Arabia (KSA);  six from the United Arab Emirates (UAE);  four from Jordan;  three from Qatar;  and one each from France;  Iran;  Italy;  Tunisia;  and the United Kingdom (UK); 350 cases from the KSA;  125 cases from the UAE;  10 cases from Jordan;  10 from Qatar and 9 from Tunisia",NA,NA,"2014","31","03","2016",NA,NA,NA,NA,FALSE,FALSE,NA,"Human delay","2 - 5",NA,NA
"071124aa470c565bade12a51455ec9f1","24b7fca4ede4b3364d7761ba3ac945ec",2559,"MERS-CoV","Human delay - other human delay (go to section)",NA,0,"Days",3,12.5,"Unspecified",NA,NA,NA,NA,NA,NA,NA,NA,NA,NA,NA,NA,NA,NA,FALSE,NA,NA,NA,"Disease generation; Level of exposure; Region; Other",TRUE,TRUE,NA,NA,NA,NA,NA,"Both","Mixed settings","Mixed groups",NA,NA,NA,"France; Iran (Islamic Republic of); Italy; Jordan; Qatar; Saudi Arabia; Tunisia; United Arab Emirates; United Kingdom of Great Britain and Northern Ireland","All countries for clusters and sporadic: 29 Kingdom of Saudi Arabia (KSA);  six from the United Arab Emirates (UAE);  four from Jordan;  three from Qatar;  and one each from France;  Iran;  Italy;  Tunisia;  and the United Kingdom (UK); 350 cases from the KSA;  125 cases from the UAE;  10 cases from Jordan;  10 from Qatar and 9 from Tunisia",NA,NA,"2014","31","03","2016",NA,NA,"Onset","Diagnosis/test result",FALSE,FALSE,NA,"Human delay","3 - 12.5",NA,NA
"071124aa470c565bade12a51455ec9f1","e252d10616dda70b1030105ae9465b5a",2559,"MERS-CoV","Human delay - symptom onset>death",NA,0,"Days",9,15,"Unspecified",NA,NA,NA,NA,NA,NA,NA,NA,NA,NA,NA,NA,NA,NA,FALSE,NA,NA,NA,"Disease generation; Level of exposure; Region",TRUE,NA,NA,NA,NA,NA,NA,"Both","Mixed settings","Mixed groups",NA,NA,53,"France; Iran (Islamic Republic of); Italy; Jordan; Qatar; Saudi Arabia; Tunisia; United Arab Emirates; United Kingdom of Great Britain and Northern Ireland","All countries for clusters and sporadic: 29 Kingdom of Saudi Arabia (KSA);  six from the United Arab Emirates (UAE);  four from Jordan;  three from Qatar;  and one each from France;  Iran;  Italy;  Tunisia;  and the United Kingdom (UK); 350 cases from the KSA;  125 cases from the UAE;  10 cases from Jordan;  10 from Qatar and 9 from Tunisia",NA,NA,"2014","31","03","2016",NA,NA,NA,NA,FALSE,FALSE,NA,"Human delay","9 - 15",NA,NA
"071124aa470c565bade12a51455ec9f1","a5473a51d38bb3862639777a020a0652",2559,"MERS-CoV","Human delay - symptom onset>discharge/recovery",NA,0,"Days",10,17,"Unspecified",NA,NA,NA,NA,NA,NA,NA,NA,NA,NA,NA,NA,NA,NA,FALSE,NA,NA,NA,"Disease generation; Level of exposure; Region",TRUE,NA,NA,NA,NA,NA,NA,"Both","Mixed settings","Mixed groups",NA,NA,NA,"France; Iran (Islamic Republic of); Italy; Jordan; Qatar; Saudi Arabia; Tunisia; United Arab Emirates; United Kingdom of Great Britain and Northern Ireland","All countries for clusters and sporadic: 29 Kingdom of Saudi Arabia (KSA);  six from the United Arab Emirates (UAE);  four from Jordan;  three from Qatar;  and one each from France;  Iran;  Italy;  Tunisia;  and the United Kingdom (UK); 350 cases from the KSA;  125 cases from the UAE;  10 cases from Jordan;  10 from Qatar and 9 from Tunisia",NA,NA,"2014","31","03","2016",NA,NA,NA,NA,FALSE,FALSE,NA,"Human delay","10 - 17",NA,NA
"071124aa470c565bade12a51455ec9f1","38bd487ec509252e57e91890fa8109d4",2559,"MERS-CoV","Human delay - time in care (length of stay)",NA,0,"Days",6.5,15,"Unspecified",NA,NA,NA,NA,NA,NA,NA,NA,NA,NA,NA,NA,NA,NA,FALSE,NA,NA,NA,"Disease generation; Level of exposure; Region; Other",TRUE,TRUE,NA,NA,NA,NA,NA,"Both","Mixed settings","Mixed groups",NA,NA,NA,"France; Iran (Islamic Republic of); Italy; Jordan; Qatar; Saudi Arabia; Tunisia; United Arab Emirates; United Kingdom of Great Britain and Northern Ireland",NA,NA,NA,"2014","31","03","2016",NA,NA,NA,NA,FALSE,FALSE,NA,"Human delay","6.5 - 15",NA,NA
"071124aa470c565bade12a51455ec9f1","5cc9e601346b7a4ba3770bb7f0e929aa",2559,"MERS-CoV","Human delay - incubation period",NA,0,"Days",4.5,6,"Unspecified",NA,NA,NA,NA,NA,NA,NA,NA,NA,NA,NA,NA,NA,NA,FALSE,NA,NA,NA,NA,NA,NA,NA,NA,NA,NA,NA,"Both","Mixed settings","Mixed groups",NA,NA,NA,"France; Iran (Islamic Republic of); Jordan; Saudi Arabia; United Arab Emirates","Middle East and South Korea only",NA,NA,"2014","31","03","2016",NA,NA,NA,NA,FALSE,FALSE,NA,"Human delay","4.5 - 6",NA,NA
"071124aa470c565bade12a51455ec9f1","922c50354173153f52bc4f36f726dd71",2559,"MERS-CoV","Risk factors",NA,0,NA,NA,NA,"Unspecified",NA,NA,NA,NA,NA,NA,NA,NA,NA,NA,NA,NA,NA,NA,FALSE,NA,NA,NA,NA,NA,NA,"Death","Age,Comorbidity,Other",NA,"Significant","Not adjusted","Both","Mixed settings","Mixed groups",NA,NA,NA,"France; Iran (Islamic Republic of); Italy; Jordan; Saudi Arabia; Tunisia; United Arab Emirates; United Kingdom of Great Britain and Northern Ireland","Clusters and sporadic: 9 clusters from the Kingdom of Saudi Arabia (KSA);  six from the United Arab Emirates (UAE);  four from Jordan;  three from Qatar;  and one each from France;  Iran;  Italy;  Tunisia;  and the United Kingdom (UK)   Sporadic:   350 cases from the KSA;  125 cases from the UAE;  10 cases from Jordan;  10 from Qatar and 9 from Tunisia",NA,NA,"2014","31","03","2016",NA,NA,NA,NA,FALSE,FALSE,NA,"Risk factors",NA,NA,NA
"071124aa470c565bade12a51455ec9f1","dfed219c592927304d284934dfac8908",2559,"MERS-CoV","Risk factors",NA,0,NA,NA,NA,"Unspecified",NA,NA,NA,NA,NA,NA,NA,NA,NA,NA,NA,NA,NA,NA,FALSE,NA,NA,NA,NA,NA,NA,"Death","Contact with animal,Sex,Camel contact (other),Other",NA,"Not significant","Not adjusted","Both","Mixed settings","Mixed groups",NA,NA,NA,"France; Iran (Islamic Republic of); Italy; Jordan; Saudi Arabia; Tunisia; United Arab Emirates; United Kingdom of Great Britain and Northern Ireland","Clusters and sporadic:  9 clusters from Kingdom of Saudi Arabia (KSA);  six from (UAE);  four from Jordan;  three from Qatar;  and one each from France;  Iran;  Italy;  Tunisia;  and the United Kingdom (UK)   Sporadic:   350 cases from the KSA;  125 cases from the UAE;  10 cases from Jordan;  10 from Qatar and 9 from Tunisia",NA,NA,"2014","31","03","2016",NA,NA,NA,NA,FALSE,FALSE,NA,"Risk factors",NA,NA,NA
"071124aa470c565bade12a51455ec9f1","2b9a09d362b2b1e2c95122be90f836c6",2559,"MERS-CoV","Risk factors",NA,0,NA,NA,NA,"Unspecified",NA,NA,NA,NA,NA,NA,NA,NA,NA,NA,NA,NA,NA,NA,FALSE,NA,NA,NA,NA,NA,NA,"Other","Comorbidity","Healthcare","Significant","Not adjusted","Both","Unspecified","Healthcare workers",NA,NA,NA,"France; Iran (Islamic Republic of); Italy; Qatar; Saudi Arabia; Tunisia; United Arab Emirates; United Kingdom of Great Britain and Northern Ireland","Clusters and sporadic:  9 clusters from Kingdom of Saudi Arabia (KSA);  six from (UAE);  four from Jordan;  three from Qatar;  and one each from France;  Iran;  Italy;  Tunisia;  and the United Kingdom (UK)   Sporadic:   350 cases from the KSA;  125 cases from the UAE;  10 cases from Jordan;  10 from Qatar and 9 from Tunisia",NA,NA,NA,NA,NA,NA,NA,NA,NA,NA,FALSE,FALSE,NA,"Risk factors",NA,NA,NA
"4f59108ec56e430a4df137f76dce774d","7de8951b3bcc43be666866b477a230d4",2560,"MERS-CoV","Seroprevalence - IgG",0,0,"No units",NA,NA,"Unspecified",NA,NA,NA,NA,NA,NA,45,NA,NA,NA,NA,NA,NA,NA,FALSE,"Unspecified","Unspecified",NA,NA,FALSE,NA,NA,NA,NA,NA,NA,"Both","Hospital based","Healthcare workers",NA,NA,45,"Republic of Korea",NA,NA,"06","2015",NA,NA,"xxxx",NA,NA,NA,NA,FALSE,FALSE,NA,"Seroprevalence",NA,NA,NA
"61f9f71cc9ae3c4af59ace88544b8c42","ee154b5dc1162084e23dc2d780488900",2565,"MERS-CoV","Risk factors",NA,0,NA,NA,NA,"Unspecified",NA,NA,NA,NA,NA,NA,NA,NA,NA,NA,NA,NA,NA,NA,FALSE,NA,NA,NA,"Other",TRUE,FALSE,"Serology","Contact with animal,Hospitalisation,Camel contact (work),Other","Livestock/animal herders and farm workers","Significant","Not adjusted","Male","Trade / business based","Animal workers incl. veterinary",NA,NA,52,"Qatar","Dukhan area;  West Qatar",NA,"04","2014",NA,"04","2014",NA,NA,NA,NA,FALSE,FALSE,NA,"Risk factors",NA,NA,NA
"61f9f71cc9ae3c4af59ace88544b8c42","7c19d994bc8650bd21880d0321eb3e81",2565,"MERS-CoV","Risk factors",NA,0,NA,NA,NA,"Unspecified",NA,NA,NA,NA,NA,NA,NA,NA,NA,NA,NA,NA,NA,NA,FALSE,NA,NA,NA,"Level of exposure",TRUE,TRUE,"Serology","Camel contact (other),Consumption of animal product,Other","Livestock/animal herders and farm workers","Not significant","Not adjusted","Male","Trade / business based","Animal workers incl. veterinary",NA,NA,52,"Qatar","Dukhan area;  West Qatar",NA,"04","2014",NA,"04","2014",NA,NA,NA,NA,FALSE,FALSE,NA,"Risk factors",NA,NA,NA
"ad81e038bcfe4c98d85dc8e2e7e6b164","439ab20ffaee349f79a5ca0a450b8943",4447,"MERS-CoV","Severity - case fatality ratio (CFR)",28,0,"Percentage (%)",0,92,"Unspecified",NA,NA,NA,NA,NA,120,425,NA,NA,NA,NA,NA,NA,NA,FALSE,"Unspecified","Unspecified",NA,"Age; Region; Sex; Time",TRUE,FALSE,NA,NA,NA,NA,NA,"Both","Unspecified","Other",NA,NA,425,"Saudi Arabia","Saudi Arabia",6,"06","2013","14","05","2014",NA,NA,NA,NA,FALSE,FALSE,NA,"Severity","0 - 92",NA,NA
"4ee725aa3ef1e0a6466db73b5a53fa82","39da79a08d2e797e81c416cb99b49dc2",4464,"MERS-CoV","Reproduction number (Basic R0) - Human",NA,0,"No units",2,2.8,"Other",NA,NA,NA,NA,NA,NA,NA,NA,NA,NA,NA,NA,NA,NA,FALSE,NA,NA,NA,NA,NA,NA,NA,NA,NA,NA,NA,NA,NA,NA,NA,NA,NA,"Saudi Arabia","Riyadh",NA,"03","2014",NA,"06","2014",NA,NA,NA,NA,FALSE,FALSE,NA,"Reproduction number","2 - 2.8",NA,NA
"4ee725aa3ef1e0a6466db73b5a53fa82","07f1817f701bc042e7f3994138a4f5b4",4464,"MERS-CoV","Reproduction number (Basic R0)",NA,0,"No units",3.5,6.7,"Unspecified",NA,NA,NA,NA,NA,NA,NA,NA,NA,NA,NA,NA,NA,NA,FALSE,NA,NA,NA,NA,NA,NA,NA,NA,NA,NA,NA,"Both","Unspecified","Unspecified",NA,NA,NA,"Saudi Arabia","Jeddah",NA,"03","2014",NA,"06","2014",NA,NA,NA,NA,FALSE,FALSE,NA,"Reproduction number","3.5 - 6.7",NA,NA
"4ee725aa3ef1e0a6466db73b5a53fa82","be8ca52c576416a42f90a42d0bb048ee",4464,"MERS-CoV","Severity - case fatality ratio (CFR)",NA,0,"Percentage (%)",30,51,"Mean",NA,NA,NA,NA,NA,NA,NA,NA,NA,NA,NA,NA,NA,NA,FALSE,NA,"Naive",NA,"Method; Time",TRUE,NA,NA,NA,NA,NA,NA,"Unspecified","Unspecified","Unspecified",NA,NA,NA,"Saudi Arabia","country",NA,NA,"2014",NA,"06","2014",NA,NA,NA,NA,FALSE,FALSE,NA,"Severity","30 - 51",NA,NA
"644e62fceff8554a1a1518787b1240a4","61cd5053a2a3b98761eb96cd2b3aefb2",4466,"MERS-CoV","Seroprevalence - IFA",0,0,NA,NA,NA,"Unspecified",NA,NA,NA,NA,NA,0,130,NA,NA,NA,NA,NA,NA,NA,FALSE,"Unspecified",NA,NA,NA,FALSE,NA,NA,NA,NA,NA,NA,"Unspecified",NA,"General population",NA,NA,NA,"Saudi Arabia","Jeddah;  blood donors at King Abdulaziz University Hospital",NA,"01","2012",NA,"12","2012",NA,NA,NA,NA,FALSE,FALSE,NA,"Seroprevalence",NA,NA,NA
"644e62fceff8554a1a1518787b1240a4","9d3b708190d323fb28a5ce3b81398a8d",4466,"MERS-CoV","Seroprevalence - IFA",2.2,0,"Percentage (%)",0,5.8,"Unspecified",NA,NA,NA,NA,NA,8,226,NA,NA,NA,NA,NA,NA,NA,FALSE,"Unspecified",NA,NA,"Region",TRUE,FALSE,NA,NA,NA,NA,NA,"Unspecified","Trade / business based","Abattoir workers",NA,NA,226,"Saudi Arabia","Jeddah and Makkah",NA,"10","2012",NA,"10","2012",NA,NA,NA,NA,FALSE,FALSE,NA,"Seroprevalence","0 - 5.8",NA,NA
"644e62fceff8554a1a1518787b1240a4","ee77d4fbb1b0e94bcdc4c4061d8e97c4",4466,"MERS-CoV","Seroprevalence - PRNT",NA,0,NA,NA,NA,"Unspecified",NA,NA,NA,NA,NA,0,8,NA,NA,NA,NA,NA,NA,NA,NA,"Unspecified",NA,NA,NA,NA,NA,NA,NA,NA,NA,NA,"Unspecified","Trade / business based","Abattoir workers",NA,NA,226,"Saudi Arabia","Jeddah and Makkah",NA,"10","2012",NA,"10","2012",NA,NA,NA,NA,FALSE,FALSE,NA,"Seroprevalence",NA,NA,NA
"52d022463f4d41e8bdb93c4f089573ff","60791e43ac6f03dc96a003c6e17fc2ee",4488,"MERS-CoV","Seroprevalence - Unspecified",0,0,"Percentage (%)",NA,NA,"Unspecified",NA,NA,NA,NA,NA,0,48,NA,NA,NA,NA,NA,NA,NA,FALSE,"Post outbreak","Naive",NA,NA,FALSE,NA,NA,NA,NA,NA,NA,"Both","Hospital based","Healthcare workers",22,57,48,"Saudi Arabia","Dr. Soliman Fakeeh Hospital;  Jeddah",NA,"10","2012",NA,"10","2012",NA,NA,NA,NA,FALSE,FALSE,NA,"Seroprevalence",NA,NA,NA
"becb194c35b84ee35f85c15316fa82db","96715846e74fc49c199f0d202ee5e1d2",4566,"MERS-CoV","Attack rate",4,0,"Percentage (%)",1,7,"Unspecified",NA,NA,2,7,"95% CI",NA,NA,NA,NA,NA,NA,NA,NA,NA,FALSE,"Mid outbreak",NA,NA,"Method; Time",TRUE,FALSE,NA,NA,NA,NA,NA,"Both","Household based","Persons under investigation",2,77,280,"Saudi Arabia",NA,14,"06","2013","05","11","2013",NA,NA,NA,NA,FALSE,FALSE,NA,"Attack rate","1 - 7","95% CI","2 - 7"
"becb194c35b84ee35f85c15316fa82db","6447164b6bef32cbca112f18834c230f",4566,"MERS-CoV","Seroprevalence - IgM",7,0,"Percentage (%)",6,10,"Unspecified",NA,NA,NA,NA,NA,20,280,NA,NA,NA,NA,NA,NA,NA,FALSE,"Mid outbreak",NA,NA,"Time",TRUE,FALSE,NA,NA,NA,NA,NA,"Both","Household based","Persons under investigation",2,77,280,"Saudi Arabia",NA,14,"06","2013","05","11","2013",NA,NA,NA,NA,FALSE,FALSE,NA,"Seroprevalence","6 - 10",NA,NA
"becb194c35b84ee35f85c15316fa82db","0b26cc58a41d919acf5a8377738f56bf",4566,"MERS-CoV","Seroprevalence - IFA",2,0,"Percentage (%)",1,7,"Unspecified",NA,NA,NA,NA,NA,7,280,NA,NA,NA,NA,NA,NA,NA,FALSE,"Mid outbreak",NA,NA,"Time",TRUE,FALSE,NA,NA,NA,NA,NA,"Both","Household based","Persons under investigation",2,77,280,"Saudi Arabia",NA,14,"06","2013","05","11","2013",NA,NA,NA,NA,FALSE,FALSE,NA,"Seroprevalence","1 - 7",NA,NA
"e0c59c55207c8e2e97f10cecf8fb9d04","ebf80093baca548caed635982caf5729",4734,"MERS-CoV","Severity - case fatality ratio (CFR)",59.4,0,"Percentage (%)",NA,NA,"Unspecified",NA,NA,46,71,"95% CI",NA,NA,NA,NA,NA,NA,NA,NA,NA,FALSE,"Mid outbreak",NA,NA,NA,FALSE,NA,NA,NA,NA,NA,NA,"Both","Mixed settings","Persons under investigation",2,94,64,"France; Jordan; Saudi Arabia; United Kingdom of Great Britain and Northern Ireland",NA,NA,"09","2012","21","06","2012",NA,NA,NA,NA,FALSE,FALSE,NA,"Severity",NA,"95% CI","46 - 71"
"e0c59c55207c8e2e97f10cecf8fb9d04","aca8bad5e32e70c92027ab9546af84e5",4734,"MERS-CoV","Risk factors",NA,0,NA,NA,NA,"Unspecified",NA,NA,NA,NA,NA,NA,NA,NA,NA,NA,NA,NA,NA,NA,FALSE,"Mid outbreak",NA,NA,NA,FALSE,NA,"Death","Age",NA,"Significant","Unspecified","Both","Mixed settings","Persons under investigation",2,94,64,"France; Jordan; Saudi Arabia; United Kingdom of Great Britain and Northern Ireland",NA,NA,"09","2012","21","06","2012",NA,NA,NA,NA,FALSE,FALSE,NA,"Risk factors",NA,NA,NA
"e0c59c55207c8e2e97f10cecf8fb9d04","82e50beed4b96a20652f73e5297a588b",4734,"MERS-CoV","Reproduction number (Basic R0)",0.6,0,"No units",NA,NA,"Maximum likelihood",NA,NA,0.42,0.8,"95% CI",NA,NA,NA,NA,NA,NA,NA,NA,NA,FALSE,"Mid outbreak",NA,"Branching process",NA,FALSE,NA,NA,NA,NA,NA,NA,"Both","Mixed settings","Persons with symptoms",NA,NA,62,"France; Jordan; Saudi Arabia; Tunisia; United Kingdom of Great Britain and Northern Ireland",NA,NA,"09","2012","21","06","2012",NA,NA,NA,NA,FALSE,FALSE,"Human-human","Reproduction number",NA,"95% CI","0.42 - 0.8"
"e0c59c55207c8e2e97f10cecf8fb9d04","4f8cbf32006a8a1ff53b0f1a35a2207c",4734,"MERS-CoV","Reproduction number (Basic R0)",0.69,0,"No units",NA,NA,"Maximum likelihood",NA,NA,0.5,0.92,"95% CI",NA,NA,NA,NA,NA,NA,NA,NA,NA,FALSE,"Mid outbreak",NA,"Branching process",NA,FALSE,NA,NA,NA,NA,NA,NA,"Both","Mixed settings","Persons with symptoms",NA,NA,62,"France; Jordan; Saudi Arabia; Tunisia; United Kingdom of Great Britain and Northern Ireland",NA,NA,"09","2012","21","06","2012",NA,NA,NA,NA,FALSE,FALSE,"Human-human","Reproduction number",NA,"95% CI","0.5 - 0.92"
"50b393ac6f41485ad8b45b6a208e97c6","3fe8c0c882d548749fc38319fed268b8",4766,"MERS-CoV","Reproduction number (Basic R0)",NA,0,"No units",0.07,0.82,"Unspecified",NA,NA,NA,NA,NA,NA,NA,NA,NA,NA,NA,NA,NA,NA,FALSE,"Mid outbreak",NA,"Compartmental model","Disease generation; Other",TRUE,FALSE,NA,NA,NA,NA,NA,"Unspecified","Population based","Persons under investigation",NA,NA,122,"Saudi Arabia",NA,8,"04","2013","31","10","2013",NA,NA,NA,NA,FALSE,FALSE,"Human-human","Reproduction number","0.07 - 0.82",NA,NA
"ad6eee76b1e091a94998be8c475ca0e7","55539f0fade0484e40a2f6de66a5dd0c",4815,"MERS-CoV","Human delay - symptom onset>admission to care",3,0,"Days",NA,NA,"Median",NA,NA,NA,NA,NA,NA,NA,NA,NA,NA,NA,NA,NA,NA,FALSE,"Mid outbreak",NA,NA,NA,FALSE,NA,NA,NA,NA,NA,NA,"Both","Hospital based","Persons under investigation",14,87,17,"Saudi Arabia",NA,1,"04","2013","03","06","2013",NA,NA,NA,NA,FALSE,FALSE,NA,"Human delay",NA,NA,NA
"ad6eee76b1e091a94998be8c475ca0e7","fcd362f907a761b15182884148987a6d",4815,"MERS-CoV","Human delay - other human delay (go to section)",18,0,"Days",NA,NA,"Median",NA,NA,NA,NA,NA,NA,NA,NA,NA,NA,NA,NA,NA,NA,FALSE,"Mid outbreak",NA,NA,NA,FALSE,NA,NA,NA,NA,NA,NA,"Both","Hospital based","Persons under investigation",14,87,17,"Saudi Arabia",NA,1,"04","2013","03","06","2013",NA,NA,"Admission","Outcome (recovery or death)",FALSE,FALSE,NA,"Human delay",NA,NA,NA
"ad6eee76b1e091a94998be8c475ca0e7","80b1d44b0770c378913d014ca410a138",4815,"MERS-CoV","Severity - case fatality ratio (CFR)",76,0,"Percentage (%)",NA,NA,"Unspecified",NA,NA,NA,NA,NA,NA,NA,NA,NA,NA,NA,NA,NA,NA,FALSE,"Mid outbreak","Adjusted",NA,NA,FALSE,NA,NA,NA,NA,NA,NA,"Both","Hospital based","Persons under investigation",14,87,17,"Saudi Arabia",NA,1,"04","2013","03","06","2013",NA,NA,NA,NA,FALSE,FALSE,NA,"Severity",NA,NA,NA
"ad6eee76b1e091a94998be8c475ca0e7","afdd6e418ebd7529dfce971d6a0181d1",4815,"MERS-CoV","Risk factors",NA,0,NA,NA,NA,"Unspecified",NA,NA,NA,NA,NA,NA,NA,NA,NA,NA,NA,NA,NA,NA,FALSE,"Mid outbreak",NA,NA,NA,FALSE,NA,"Other","Comorbidity,Other",NA,"Significant","Not adjusted","Both","Hospital based","Persons under investigation",5,92,99,"Saudi Arabia",NA,1,"04","2013","03","06","2013",NA,NA,NA,NA,FALSE,FALSE,NA,"Risk factors",NA,NA,NA
"ad6eee76b1e091a94998be8c475ca0e7","de0d9089c40d03c2997485c48c2c63ab",4815,"MERS-CoV","Risk factors",NA,0,NA,NA,NA,"Unspecified",NA,NA,NA,NA,NA,NA,NA,NA,NA,NA,NA,NA,NA,NA,FALSE,"Mid outbreak",NA,NA,NA,FALSE,NA,"Other","Other",NA,"Not significant","Not adjusted","Both","Hospital based","Persons under investigation",5,92,99,"Saudi Arabia",NA,1,"04","2013","03","06","2013",NA,NA,NA,NA,FALSE,FALSE,NA,"Risk factors",NA,NA,NA
"c689257ac48f08c26aff48f206a9df1a","524ccff18ff65d482bd0923d73d5ac8c",4825,"MERS-CoV","Severity - case fatality ratio (CFR)",45,0,"Percentage (%)",NA,NA,"Unspecified",NA,NA,NA,NA,NA,55,133,NA,NA,NA,NA,NA,NA,NA,FALSE,"Unspecified","Naive",NA,"Age; Sex; Time",TRUE,FALSE,NA,NA,NA,NA,NA,"Both","Mixed settings","Mixed groups",2,99,133,"France; Germany; Italy; Jordan; Qatar; Saudi Arabia; Tunisia; United Arab Emirates; United Kingdom of Great Britain and Northern Ireland",NA,30,"03","2012","25","09","2013",NA,NA,NA,NA,FALSE,FALSE,NA,"Severity",NA,NA,NA
"c689257ac48f08c26aff48f206a9df1a","504a6b66d07c41f035b227b390b26fcf",4825,"MERS-CoV","Severity - case fatality ratio (CFR)",93,0,"Percentage (%)",NA,NA,"Unspecified",NA,NA,NA,NA,NA,13,14,NA,NA,NA,NA,NA,NA,NA,FALSE,"Unspecified","Naive",NA,NA,FALSE,NA,NA,NA,NA,NA,NA,"Male","Mixed settings","Mixed groups",24,83,14,"France; Germany; Italy; Jordan; Qatar; Saudi Arabia; Tunisia; United Arab Emirates; United Kingdom of Great Britain and Northern Ireland",NA,30,"03","2012","25","09","2013",NA,NA,NA,NA,FALSE,FALSE,NA,"Severity",NA,NA,NA
"c689257ac48f08c26aff48f206a9df1a","030644cae5508cef69e2d115a45150c7",4825,"MERS-CoV","Severity - asymptomatic proportion of infections",NA,0,NA,NA,NA,"Unspecified",NA,NA,NA,NA,NA,18,77,NA,NA,NA,NA,NA,NA,NA,NA,"Unspecified","Naive",NA,NA,FALSE,NA,NA,NA,NA,NA,NA,"Both","Mixed settings","Mixed groups",2,99,77,"Saudi Arabia; United Arab Emirates",NA,NA,"06","2013","25","09","2013",NA,NA,NA,NA,FALSE,FALSE,NA,"Severity",NA,NA,NA
"de77fd42a7988d70188456e577c49a33","c72bea73a47af774e7083dcd64293221",4834,"MERS-CoV","Risk factors",NA,0,NA,NA,NA,"Unspecified",NA,NA,NA,NA,NA,NA,NA,NA,NA,NA,NA,NA,NA,NA,FALSE,"Unspecified",NA,NA,NA,FALSE,NA,"Infection","Household contact","Unspecified","Significant","Not adjusted","Both","Contact based","Unspecified",NA,NA,87,"Saudi Arabia","Hafr Al-Batin",31,"05","2013",NA,NA,NA,NA,NA,NA,NA,FALSE,FALSE,NA,"Risk factors",NA,NA,NA
"de77fd42a7988d70188456e577c49a33","901cf2861a84632267fa0db4de81fe4e",4834,"MERS-CoV","Risk factors",NA,0,NA,NA,NA,"Unspecified",NA,NA,NA,NA,NA,NA,NA,NA,NA,NA,NA,NA,NA,NA,FALSE,"Unspecified",NA,NA,NA,FALSE,NA,"Other","Comorbidity","Unspecified","Not significant","Not adjusted","Both","Contact based","Unspecified",3,79,12,"Saudi Arabia","Hafr Al-Batin",31,"05","2013","31","08","2013",NA,NA,NA,NA,FALSE,FALSE,NA,"Risk factors",NA,NA,NA
"de77fd42a7988d70188456e577c49a33","9b9a7004ed6992ca46a3e768dcfea06b",4834,"MERS-CoV","Severity - asymptomatic proportion of infections",NA,0,NA,NA,NA,"Unspecified",NA,NA,NA,NA,NA,7,12,NA,NA,NA,NA,NA,NA,NA,FALSE,"Unspecified","Naive",NA,"Age; Sex; Symptoms; Other",TRUE,FALSE,NA,NA,NA,NA,NA,"Both","Contact based","Unspecified",3,79,12,"Saudi Arabia","Hafr Al-Batin",31,"05","2013","31","08","2013",NA,NA,NA,NA,FALSE,FALSE,NA,"Severity",NA,NA,NA
"b6d74f4383b0b0a9173dfcca87ca2bea","70d7b8cc834ff10864a06541d7e3cabe",4838,"MERS-CoV","Human delay - serial interval",7.6,0,"Days",NA,NA,"Median",NA,NA,2.5,23.1,"95% CI",NA,NA,NA,NA,NA,NA,NA,NA,NA,FALSE,"Unspecified",NA,NA,NA,FALSE,NA,NA,NA,NA,NA,NA,"Both","Population based","Persons with symptoms",24,94,23,"Saudi Arabia","4 healthcare facilities;  eastern province",1,"04","2013","23","05","2013",NA,NA,NA,NA,FALSE,FALSE,NA,"Human delay",NA,"95% CI","2.5 - 23.1"
"b6d74f4383b0b0a9173dfcca87ca2bea","47b39f439eb3f4a6c9f931e0dd43e2d2",4838,"MERS-CoV","Human delay - incubation period",5.2,0,"Days",NA,NA,"Median",NA,NA,1.9,14.7,"95% CI",NA,NA,NA,NA,NA,NA,NA,NA,NA,FALSE,"Unspecified",NA,NA,NA,FALSE,NA,NA,NA,NA,NA,NA,"Both","Population based","Persons with symptoms",24,94,23,"Saudi Arabia","4 healthcare facilities;  eastern province",1,"04","2013","23","05","2013",NA,NA,NA,NA,FALSE,FALSE,NA,"Human delay",NA,"95% CI","1.9 - 14.7"
"b6d74f4383b0b0a9173dfcca87ca2bea","90a1be19b21837287bb25757ffffe2eb",4838,"MERS-CoV","Mutations - substitution rate",8e-04,0,"Unspecified",NA,NA,"Other",NA,NA,NA,NA,NA,NA,NA,NA,NA,NA,NA,NA,NA,NA,FALSE,"Unspecified",NA,NA,NA,NA,NA,NA,NA,NA,NA,NA,"Male","Population based","Persons with symptoms",45,94,4,"Saudi Arabia","2 healthcare facilities;  eastern province",1,"04","2013","23","05","2013",NA,NA,NA,NA,FALSE,FALSE,NA,"Mutations",NA,NA,NA
"d302c3d263bea9912407092248975387","739f5fd28b20562ec12abec1424d9f0b",4842,"MERS-CoV","Reproduction number (Basic R0)",0.5,0,NA,NA,NA,"Unspecified",NA,NA,0.3,0.77,"95% CI",NA,NA,NA,NA,NA,NA,NA,NA,NA,FALSE,"Unspecified",NA,"Other",NA,FALSE,NA,NA,NA,NA,NA,NA,"Unspecified","Population based","Unspecified",NA,NA,96,"Jordan; Qatar; Saudi Arabia; United Arab Emirates",NA,NA,"04","2012","31","08","2013",NA,NA,NA,NA,FALSE,FALSE,"Human-human","Reproduction number",NA,"95% CI","0.3 - 0.77"
"d302c3d263bea9912407092248975387","a232ab326586b438bc343c128619fb24",4842,"MERS-CoV","Reproduction number (Basic R0)",0.65,0,NA,NA,NA,"Unspecified",NA,NA,0.34,0.8,"95% CI",NA,NA,NA,NA,NA,NA,NA,NA,NA,FALSE,"Unspecified",NA,"Other",NA,FALSE,NA,NA,NA,NA,NA,NA,"Unspecified","Population based","Unspecified",NA,NA,104,"Jordan; Qatar; Saudi Arabia; United Arab Emirates",NA,NA,"04","2012","31","08","2013",NA,NA,NA,NA,FALSE,FALSE,"Human-human","Reproduction number",NA,"95% CI","0.34 - 0.8"
"d302c3d263bea9912407092248975387","c0bc799d250647218cbe90e024f3fc7c",4842,"MERS-CoV","Reproduction number (Basic R0)",0.5,0,NA,NA,NA,"Unspecified",NA,NA,0.31,0.77,"95% CI",NA,NA,NA,NA,NA,NA,NA,NA,NA,FALSE,"Unspecified",NA,"Other",NA,FALSE,NA,NA,NA,NA,NA,NA,"Unspecified","Population based","Unspecified",NA,NA,108,NA,NA,NA,"04","2012","31","08","2013",NA,NA,NA,NA,FALSE,FALSE,"Human-human","Reproduction number",NA,"95% CI","0.31 - 0.77"
"d302c3d263bea9912407092248975387","7bef7fb441754440947b75108c4131e9",4842,"MERS-CoV","Reproduction number (Basic R0)",0.5,0,NA,NA,NA,"Unspecified",NA,NA,0.31,0.76,"95% CI",NA,NA,NA,NA,NA,NA,NA,NA,NA,FALSE,"Unspecified",NA,"Other",NA,FALSE,NA,NA,NA,NA,NA,NA,"Unspecified","Population based","Unspecified",NA,NA,NA,"Bahrain; Iran (Islamic Republic of); Iraq; Israel; Jordan; Kuwait; Lebanon; Oman; Qatar; Saudi Arabia; Syrian Arab Republic; United Arab Emirates; Yemen",NA,NA,"04","2012","31","08","2013",NA,NA,NA,NA,FALSE,FALSE,"Human-human","Reproduction number",NA,"95% CI","0.31 - 0.76"
"d302c3d263bea9912407092248975387","590440d87c99b556c6f545c7b1cebb8c",4842,"MERS-CoV","Reproduction number (Basic R0)",0.6,0,NA,NA,NA,"Unspecified",NA,NA,0.3,0.76,"95% CI",NA,NA,NA,NA,NA,NA,NA,NA,NA,FALSE,"Unspecified",NA,"Other",NA,FALSE,NA,NA,NA,NA,NA,NA,"Unspecified","Population based","Unspecified",NA,NA,NA,"Saudi Arabia",NA,NA,"04","2012","31","08","2013",NA,NA,NA,NA,FALSE,FALSE,"Human-human","Reproduction number",NA,"95% CI","0.3 - 0.76"
"d302c3d263bea9912407092248975387","42c271baa28ec3839567c32db321d89d",4842,"MERS-CoV","Reproduction number (Basic R0)",0.69,0,NA,NA,NA,"Unspecified",NA,NA,0.34,0.79,"95% CI",NA,NA,NA,NA,NA,NA,NA,NA,NA,FALSE,"Unspecified",NA,"Other",NA,FALSE,NA,NA,NA,NA,NA,NA,"Unspecified","Population based","Unspecified",NA,NA,96,"Jordan; Qatar; Saudi Arabia; United Arab Emirates",NA,NA,"04","2012","31","08","2013",NA,NA,NA,NA,FALSE,FALSE,"Human-human","Reproduction number",NA,"95% CI","0.34 - 0.79"
"d302c3d263bea9912407092248975387","713073810fc892dd877265c654e4383b",4842,"MERS-CoV","Reproduction number (Basic R0)",0.54,0,NA,NA,NA,"Unspecified",NA,NA,0.34,0.9,"95% CI",NA,NA,NA,NA,NA,NA,NA,NA,NA,FALSE,"Unspecified",NA,"Other",NA,FALSE,NA,NA,NA,NA,NA,NA,"Unspecified","Population based","Unspecified",NA,NA,45,"Jordan; Qatar; Saudi Arabia; United Arab Emirates",NA,NA,"04","2012","31","05","2013",NA,NA,NA,NA,FALSE,FALSE,"Human-human","Reproduction number",NA,"95% CI","0.34 - 0.9"
"45daee9a3f6de4e7cd5a2b972eac46d2","48df6dfcef9670d415b5d815b15aa38e",4864,"MERS-CoV","Mutations - evolutionary rate",0.00112,-3,"Substitutions/site/year",NA,NA,"Unspecified",NA,NA,0.000876,0.00137,"95% CrI",NA,NA,NA,NA,NA,NA,NA,NA,NA,FALSE,"Unspecified",NA,NA,NA,FALSE,NA,NA,NA,NA,NA,NA,"Unspecified","Population based","Unspecified",NA,NA,42,"Saudi Arabia",NA,NA,"06","2012",NA,"09","2013","genome coverage of over 30%",TRUE,NA,NA,FALSE,FALSE,NA,"Mutations",NA,"95% CrI","0.876 - 1.37"
"0e1a4db7d8b41a49bb8ae8b61e2e0fc0","2a00bdcd0ebee2864550af1e0e98c596",4868,"MERS-CoV","Severity - case fatality ratio (CFR)",22,0,"Percentage (%)",NA,NA,"Other",NA,NA,NA,NA,NA,2,9,NA,NA,NA,NA,NA,NA,NA,FALSE,"Post outbreak","Naive",NA,NA,FALSE,NA,NA,NA,NA,NA,NA,"Both","Unspecified","Persons under investigation",25,60,9,"Jordan",NA,NA,"04","2012",NA,"04","2012",NA,NA,NA,NA,FALSE,FALSE,NA,"Severity",NA,NA,NA
"0e1a4db7d8b41a49bb8ae8b61e2e0fc0","cb804c4b0897b45bcb0e2e450cbb5916",4868,"MERS-CoV","Human delay - symptom onset>admission to care",5,0,"Days",NA,NA,"Median",NA,NA,NA,NA,NA,NA,NA,NA,NA,NA,NA,NA,NA,NA,FALSE,"Post outbreak",NA,NA,NA,FALSE,NA,NA,NA,NA,NA,NA,"Both","Unspecified","Persons under investigation",25,60,8,"Jordan",NA,NA,"04","2012",NA,"04","2012",NA,NA,NA,NA,FALSE,FALSE,NA,"Human delay",NA,NA,NA
"0e1a4db7d8b41a49bb8ae8b61e2e0fc0","a1019d36019096c368773ebd0e46fbcf",4868,"MERS-CoV","Human delay - admission to care>discharge/recovery",8,0,"Days",NA,NA,"Unspecified",NA,NA,NA,NA,NA,NA,NA,NA,NA,NA,NA,NA,NA,NA,FALSE,"Post outbreak",NA,NA,NA,FALSE,NA,NA,NA,NA,NA,NA,"Both","Unspecified","Persons under investigation",31,45,5,"Jordan",NA,NA,"04","2012",NA,"04","2012",NA,NA,NA,NA,FALSE,FALSE,NA,"Human delay",NA,NA,NA
"0e1a4db7d8b41a49bb8ae8b61e2e0fc0","1f96c005b579abdfcd29151fd8552ab2",4868,"MERS-CoV","Attack rate",10,0,"Percentage (%)",NA,NA,"Other",NA,NA,NA,NA,NA,NA,NA,NA,NA,NA,NA,NA,NA,NA,FALSE,"Post outbreak",NA,NA,NA,FALSE,NA,NA,NA,NA,NA,NA,"Both","Contact based","Healthcare workers",NA,NA,57,"Jordan",NA,NA,"02","2012",NA,"04","2012",NA,NA,NA,NA,FALSE,FALSE,NA,"Attack rate",NA,NA,NA
"9dc7c8f6ec7176966b28192f8353c686","973e60494284cd95a3d76b7469810f6f",4934,"MERS-CoV","Severity - case fatality ratio (CFR)",60,0,"Percentage (%)",39,83,"Unspecified",NA,NA,NA,NA,NA,28,47,NA,NA,NA,NA,NA,NA,NA,FALSE,"Unspecified","Unspecified",NA,"Age; Sex; Other",TRUE,FALSE,NA,NA,NA,NA,NA,"Both","Unspecified","Persons under investigation",NA,NA,47,"Saudi Arabia",NA,1,"09","2012","15","06","2013",NA,NA,NA,NA,FALSE,FALSE,NA,"Severity","39 - 83",NA,NA
"9dc7c8f6ec7176966b28192f8353c686","b86658180347612ac73fdbbc3249e4dc",4934,"MERS-CoV","Human delay - incubation period",5.2,0,"Days",NA,NA,"Median",NA,NA,NA,12.4,"Other",NA,NA,NA,NA,NA,NA,NA,NA,NA,FALSE,"Unspecified",NA,NA,NA,FALSE,NA,NA,NA,NA,NA,NA,"Both","Unspecified","Persons under investigation",NA,NA,47,"Saudi Arabia",NA,1,"09","2012","15","06","2013",NA,NA,NA,NA,FALSE,FALSE,NA,"Human delay",NA,"Other",NA
"9dc7c8f6ec7176966b28192f8353c686","144acf1d86bc09e68ff08927661e6dd7",4934,"MERS-CoV","Human delay - serial interval",7.6,0,"Days",NA,NA,"Unspecified",NA,NA,NA,NA,NA,NA,NA,NA,NA,NA,NA,NA,NA,NA,FALSE,"Unspecified",NA,NA,NA,NA,NA,NA,NA,NA,NA,NA,"Both","Unspecified","Persons under investigation",NA,NA,47,"Saudi Arabia",NA,1,"09","2012","15","06","2013",NA,NA,NA,NA,FALSE,FALSE,NA,"Human delay",NA,NA,NA
"9dc7c8f6ec7176966b28192f8353c686","ea8c789dcf74a9ba8b1908abb234541e",4934,"MERS-CoV","Risk factors",NA,0,NA,NA,NA,"Unspecified",NA,NA,NA,NA,NA,NA,NA,NA,NA,NA,NA,NA,NA,NA,FALSE,"Unspecified",NA,NA,NA,FALSE,NA,"Death","Age,Sex",NA,"Not significant","Not adjusted","Both","Unspecified","Persons under investigation",NA,NA,47,"Saudi Arabia",NA,1,"09","2012","15","06","2013",NA,NA,NA,NA,FALSE,FALSE,NA,"Risk factors",NA,NA,NA
"22ffdb3032fdf4d9527a04fcecfa8077","5a739bf16359384a074a5706c5440d8b",5103,"MERS-CoV","Seroprevalence - PRNT",0,0,"Percentage (%)",NA,NA,"Unspecified",NA,NA,0,2.3,"95% CI",0,158,NA,NA,NA,NA,NA,NA,NA,FALSE,"Unspecified","Unspecified",NA,NA,FALSE,NA,NA,NA,NA,NA,NA,"Both","Hospital based","Persons under investigation",0,9,158,"Saudi Arabia","King Fahd Hospital;  Eastern Province",NA,"05","2010",NA,"05","2011",NA,NA,NA,NA,FALSE,FALSE,NA,"Seroprevalence",NA,"95% CI","0 - 2.3"
"22ffdb3032fdf4d9527a04fcecfa8077","f8e056e0c9f09aee122a359f066b00d2",5103,"MERS-CoV","Seroprevalence - PRNT",0,0,"Percentage (%)",NA,NA,"Unspecified",NA,NA,0,3.3,"95% CI",0,110,NA,NA,NA,NA,NA,NA,NA,FALSE,"Unspecified","Unspecified",NA,NA,FALSE,NA,NA,NA,NA,NA,NA,"Male","Other","Persons under investigation",19,52,110,"Saudi Arabia","King Fahd Hospital;  Eastern Province",NA,"12","2012",NA,"12","2012",NA,NA,NA,NA,FALSE,FALSE,NA,"Seroprevalence",NA,"95% CI","0 - 3.3"
"4846d94d4e265fabc3e2cf45ee860376","9281d81a7f95d47fe744da02c2ee7839",5130,"MERS-CoV","Reproduction number (Effective, Re)",NA,0,"No units",0.3,0.7,"Unspecified",NA,NA,NA,NA,NA,NA,NA,"Negative-Binomial",NA,NA,NA,NA,NA,NA,FALSE,"Unspecified",NA,"Branching process","Method; Time",TRUE,NA,NA,NA,NA,NA,NA,"Unspecified","Unspecified","Unspecified",NA,NA,NA,NA,"Arabian Peninsula",NA,NA,NA,"08","08","2013",NA,NA,NA,NA,FALSE,FALSE,"Human-human","Reproduction number","0.3 - 0.7",NA,NA
"4846d94d4e265fabc3e2cf45ee860376","e3884f380dbb43f168ec26ebc260a4e4",5130,"MERS-CoV","Overdispersion",NA,0,"Unspecified",0.5,6.8,"Unspecified",NA,NA,NA,NA,NA,NA,NA,"Negative-Binomial",NA,NA,NA,NA,NA,NA,FALSE,"Unspecified",NA,NA,"Method; Time",TRUE,TRUE,NA,NA,NA,NA,NA,"Unspecified","Unspecified","Unspecified",NA,NA,NA,NA,"Arabian Peninsula",NA,NA,NA,"08","08","2013",NA,NA,NA,NA,FALSE,FALSE,NA,"Overdispersion","0.5 - 6.8",NA,NA
"d83a0988aadcf09dc95566647dcc18b6","aa03340fa29c735d52297b53c88af67d",5136,"MERS-CoV","Mutations - substitution rate",0.001,-3,"Substitutions/site/year",0.00049,0.0018,"Median",NA,NA,0.00068,0.0013,"95% CrI",NA,NA,NA,NA,NA,NA,NA,NA,NA,TRUE,"Unspecified",NA,NA,"Method",TRUE,TRUE,NA,NA,NA,NA,NA,"Unspecified","Unspecified","Unspecified",NA,NA,10,"Qatar; Saudi Arabia; United Arab Emirates",NA,19,"09","2013","04","06","2013","Full-length sequences",TRUE,NA,NA,FALSE,FALSE,NA,"Mutations","0.49 - 1.8","95% CrI","0.68 - 1.3"
"d83a0988aadcf09dc95566647dcc18b6","28e85f65a5b73becbc457481fdb4fe74",5136,"MERS-CoV","Growth rate (r)",0.0077,0,"Unspecified",NA,NA,"Unspecified",NA,NA,0.0052,0.0106,NA,NA,NA,NA,NA,NA,NA,NA,NA,NA,TRUE,"Unspecified",NA,NA,NA,FALSE,NA,NA,NA,NA,NA,NA,"Unspecified","Unspecified","Unspecified",2,94,111,"France; Germany; Italy; Jordan; Qatar; Saudi Arabia; Tunisia; United Arab Emirates; United Kingdom of Great Britain and Northern Ireland","KSA: Bisha;  Riyadh;  Bur Qassim;  Al Hasa;  eastern KSA;  Al-Qaseem;  Hafr Al Batin;  Taif;  Wadi Al- Dawaser;  Jeddah;  Asir; Jordan: Zarqa; UK: BIrmingham; Qatar: Doha; France: North France; Tunisia: Monastir; Italy: Florence; UAE: Silaa;  Abu Dhabi;",20,"09","2012","08","08","2013",NA,NA,NA,NA,FALSE,FALSE,NA,"Growth rate",NA,NA,"0.0052 - 0.0106"
"d83a0988aadcf09dc95566647dcc18b6","9b6ae230e9a80f853290c0455c3294b1",5136,"MERS-CoV","Doubling time",90,0,"Days",41,90,"Unspecified",NA,NA,65,133,"95% CI",NA,NA,NA,NA,NA,NA,NA,NA,NA,FALSE,"Unspecified",NA,NA,"Method",TRUE,TRUE,NA,NA,NA,NA,NA,"Both","Unspecified","Unspecified",2,94,111,"France; Germany; Italy; Jordan; Qatar; Saudi Arabia; Tunisia; United Arab Emirates; United Kingdom of Great Britain and Northern Ireland","KSA: Bisha;  Riyadh;  Bur Qassim;  Al Hasa;  eastern KSA;  Al-Qaseem;  Hafr Al Batin;  Taif;  Wadi Al- Dawaser;  Jeddah;  Asir; Jordan: Zarqa; UK: BIrmingham; Qatar: Doha; France: North France; Tunisia: Monastir; Italy: Florence; UAE: Silaa;  Abu Dhabi;",20,"09","2012","08","08","2013",NA,NA,NA,NA,FALSE,FALSE,NA,"Doubling time","41 - 90","95% CI","65 - 133"
"d83a0988aadcf09dc95566647dcc18b6","aef80f8a154d5e563c594842eb29f84a",5136,"MERS-CoV","Reproduction number (Effective, Re) - Human",0.63,0,"No units",0.32,4.87,"Unspecified",NA,NA,0.47,0.85,"95% CI",NA,NA,NA,NA,NA,NA,NA,NA,NA,NA,"Unspecified",NA,"Other","Disease generation; Method; Region; Time",TRUE,FALSE,NA,NA,NA,NA,NA,"Both","Unspecified","Unspecified",2,94,111,"France; Germany; Italy; Jordan; Qatar; Saudi Arabia; Tunisia; United Arab Emirates; United Kingdom of Great Britain and Northern Ireland","KSA: Bisha;  Riyadh;  Bur Qassim;  Al Hasa;  eastern KSA;  Al-Qaseem;  Hafr Al Batin;  Taif;  Wadi Al- Dawaser;  Jeddah;  Asir; Jordan: Zarqa; UK: BIrmingham; Qatar: Doha; France: North France; Tunisia: Monastir; Italy: Florence; UAE: Silaa;  Abu Dhabi;",20,"09","2012","08","08","2013",NA,NA,NA,NA,FALSE,FALSE,"Human-human","Reproduction number","0.32 - 4.87","95% CI","0.47 - 0.85"
"d83a0988aadcf09dc95566647dcc18b6","89c9a7e8d0f496cb9ab389381f098143",5136,"MERS-CoV","Relative contribution - human to human",NA,0,"Percentage (%)",30,100,"Unspecified",NA,NA,NA,NA,NA,NA,NA,NA,NA,NA,NA,NA,NA,NA,FALSE,"Unspecified",NA,NA,NA,NA,NA,NA,NA,NA,NA,NA,"Both","Unspecified","Unspecified",2,94,111,"France; Germany; Italy; Jordan; Qatar; Saudi Arabia; Tunisia; United Arab Emirates; United Kingdom of Great Britain and Northern Ireland","KSA: Bisha;  Riyadh;  Bur Qassim;  Al Hasa;  eastern KSA;  Al-Qaseem;  Hafr Al Batin;  Taif;  Wadi Al- Dawaser;  Jeddah;  Asir; Jordan: Zarqa; UK: BIrmingham; Qatar: Doha; France: North France; Tunisia: Monastir; Italy: Florence; UAE: Silaa;  Abu Dhabi;",20,"09","2012","08","08","2013",NA,NA,NA,NA,FALSE,FALSE,NA,"Relative contribution","30 - 100",NA,NA
"d83a0988aadcf09dc95566647dcc18b6","28194ed8f3f6a9d91512966169fc9e49",5136,"MERS-CoV","Human delay - generation time",10.7,0,"Days",NA,NA,"Mean",NA,NA,6.5,19.4,"95% CI",NA,NA,"Gamma",10.7,"Mean",TRUE,6.3,"Standard deviation",TRUE,FALSE,"Unspecified",NA,NA,NA,NA,NA,NA,NA,NA,NA,NA,"Both","Unspecified","Unspecified",NA,NA,6,"France; Italy; Tunisia; United Kingdom of Great Britain and Northern Ireland",NA,28,"01","2013","31","05","2013",NA,NA,NA,NA,FALSE,FALSE,NA,"Human delay",NA,"95% CI","6.5 - 19.4"
"d83a0988aadcf09dc95566647dcc18b6","2e3440d297b0a86b30b649520b5469b0",5136,"MERS-CoV","Human delay - incubation period",5.5,0,"Days",NA,NA,"Mean",NA,NA,3.6,10.2,"95% CI",NA,NA,"Normal-Log",5.5,"Mean",TRUE,2.5,"Standard deviation",TRUE,FALSE,"Unspecified",NA,NA,NA,FALSE,NA,NA,NA,NA,NA,NA,"Unspecified","Unspecified","Unspecified",NA,NA,6,"France; Italy; Tunisia; United Kingdom of Great Britain and Northern Ireland",NA,28,"01","2013","31","05","2013",NA,NA,NA,NA,FALSE,FALSE,NA,"Human delay",NA,"95% CI","3.6 - 10.2"
"d83a0988aadcf09dc95566647dcc18b6","e5a97e8c06d6c5b1bbcb768db6c399a3",5136,"MERS-CoV","Severity - case fatality ratio (CFR)",NA,0,"Percentage (%)",21,77,"Unspecified",NA,NA,NA,NA,"95% CI",NA,NA,NA,NA,NA,NA,NA,NA,NA,FALSE,"Unspecified","Adjusted",NA,"Age; Disease generation",TRUE,TRUE,NA,NA,NA,NA,NA,"Both","Unspecified","Unspecified",2,94,111,"France; Germany; Italy; Jordan; Qatar; Saudi Arabia; Tunisia; United Arab Emirates; United Kingdom of Great Britain and Northern Ireland","KSA: Bisha;  Riyadh;  Bur Qassim;  Al Hasa;  eastern KSA;  Al-Qaseem;  Hafr Al Batin;  Taif;  Wadi Al- Dawaser;  Jeddah;  Asir; Jordan: Zarqa; UK: BIrmingham; Qatar: Doha; France: North France; Tunisia: Monastir; Italy: Florence; UAE: Silaa;  Abu Dhabi;",20,"09","2012","08","08","2013",NA,NA,NA,NA,FALSE,FALSE,NA,"Severity","21 - 77",NA,NA
"d83a0988aadcf09dc95566647dcc18b6","703444d51de9cf82e9d931b7ce9714a0",5136,"MERS-CoV","Risk factors",NA,0,NA,NA,NA,"Unspecified",NA,NA,NA,NA,NA,NA,NA,NA,NA,NA,NA,NA,NA,NA,FALSE,"Unspecified",NA,NA,NA,FALSE,NA,"Death","Age,Other",NA,"Significant","Not adjusted","Both","Unspecified","Unspecified",2,94,111,"France; Germany; Italy; Jordan; Qatar; Saudi Arabia; Tunisia; United Arab Emirates; United Kingdom of Great Britain and Northern Ireland","KSA: Bisha;  Riyadh;  Bur Qassim;  Al Hasa;  eastern KSA;  Al-Qaseem;  Hafr Al Batin;  Taif;  Wadi Al- Dawaser;  Jeddah;  Asir; Jordan: Zarqa; UK: BIrmingham; Qatar: Doha; France: North France; Tunisia: Monastir; Italy: Florence; UAE: Silaa;  Abu Dhabi;",20,"09","2012","08","08","2013",NA,NA,NA,NA,FALSE,FALSE,NA,"Risk factors",NA,NA,NA
"120a16c1685bb8db9e3966e9294ef7c3","99d0e81cb7dc6653ce94e006d692c6a8",5145,"MERS-CoV","Seroprevalence - PRNT",0,0,"Percentage (%)",NA,NA,"Unspecified",NA,NA,NA,NA,NA,0,815,NA,NA,NA,NA,NA,NA,NA,FALSE,"Unspecified","Naive",NA,NA,FALSE,NA,NA,NA,NA,NA,NA,"Both","Community based","General population",2,79,815,"Egypt","Cairo; Nile Delta",NA,NA,"2012",NA,NA,"2013",NA,NA,NA,NA,FALSE,FALSE,NA,"Seroprevalence",NA,NA,NA
"87e639d14a627acdd0c1b30fce115bae","0ccd5c6b4ad76ac7c1edceb1729d4c11",5152,"MERS-CoV","Severity - symptomatic proportion of infections",95.7,0,"Percentage (%)",NA,NA,"Unspecified",NA,NA,NA,NA,NA,67,70,NA,NA,NA,NA,NA,NA,NA,FALSE,"Post outbreak","Naive",NA,NA,FALSE,NA,NA,NA,NA,NA,NA,"Both","Hospital based","Persons under investigation",NA,NA,70,"Saudi Arabia","Prince Sultan Military Medical City (PSMMC);  Riyadh",1,"10","2012","31","05","2014",NA,NA,NA,NA,FALSE,FALSE,NA,"Severity",NA,NA,NA
"87e639d14a627acdd0c1b30fce115bae","c1855c0d20c1356fb3c775fb42e43ec5",5152,"MERS-CoV","Severity - asymptomatic proportion of infections",30,0,"Percentage (%)",NA,NA,"Unspecified",NA,NA,NA,NA,NA,3,10,NA,NA,NA,NA,NA,NA,NA,FALSE,"Post outbreak","Naive",NA,NA,FALSE,NA,NA,NA,NA,NA,NA,"Unspecified","Hospital based","Healthcare workers",NA,NA,10,"Saudi Arabia","Prince Sultan Military Medical City (PSMMC);  Riyadh",1,"10","2012","31","05","2014",NA,NA,NA,NA,FALSE,FALSE,NA,"Severity",NA,NA,NA
"87e639d14a627acdd0c1b30fce115bae","9f5cb4ef8c9a61f9d55d50553c1f92d7",5152,"MERS-CoV","Human delay - symptom onset>admission to care",5,0,"Days",NA,NA,"Median",NA,NA,NA,NA,NA,NA,NA,NA,NA,NA,NA,NA,NA,NA,NA,"Post outbreak",NA,NA,NA,FALSE,NA,NA,NA,NA,NA,NA,"Unspecified","Hospital based","Healthcare workers",NA,NA,31,"Saudi Arabia","Prince Sultan Military Medical City (PSMMC);  Riyadh",1,"10","2012","31","05","2014",NA,NA,NA,NA,FALSE,FALSE,NA,"Human delay",NA,NA,NA
"87e639d14a627acdd0c1b30fce115bae","690061467c38929ce12066c0a84bb9aa",5152,"MERS-CoV","Human delay - other human delay (go to section)",7,0,"Days",NA,NA,"Median",NA,NA,NA,NA,NA,NA,NA,NA,NA,NA,NA,NA,NA,NA,FALSE,"Post outbreak",NA,NA,NA,FALSE,NA,NA,NA,NA,NA,NA,"Both","Hospital based","Persons under investigation",NA,NA,70,"Saudi Arabia","Prince Sultan Military Medical City (PSMMC);  Riyadh",1,"10","2012","31","05","2014",NA,NA,"Symptom onset","Diagnosis/test result",FALSE,FALSE,NA,"Human delay",NA,NA,NA
"87e639d14a627acdd0c1b30fce115bae","3c1c06995d2f38beb0431407d429a6f5",5152,"MERS-CoV","Human delay - symptom onset>death",20.5,0,"Days",NA,NA,"Median",NA,NA,NA,NA,NA,NA,NA,NA,NA,NA,NA,NA,NA,NA,FALSE,"Post outbreak",NA,NA,NA,FALSE,NA,NA,NA,NA,NA,NA,"Both","Hospital based","Persons under investigation",NA,NA,70,"Saudi Arabia","Prince Sultan Military Medical City (PSMMC);  Riyadh",1,"10","2012","31","05","2014",NA,NA,NA,NA,FALSE,FALSE,NA,"Human delay",NA,NA,NA
"87e639d14a627acdd0c1b30fce115bae","ef6a96fbc894e5a0d167f3899a57e0f2",5152,"MERS-CoV","Human delay - symptom onset>discharge/recovery",27,0,"Days",NA,NA,"Median",NA,NA,NA,NA,NA,NA,NA,NA,NA,NA,NA,NA,NA,NA,FALSE,"Post outbreak",NA,NA,NA,FALSE,NA,NA,NA,NA,NA,NA,"Both","Hospital based","Persons under investigation",NA,NA,70,"Saudi Arabia","Prince Sultan Military Medical City (PSMMC);  Riyadh",1,"10","2012","31","05","2014",NA,NA,NA,NA,FALSE,FALSE,NA,"Human delay",NA,NA,NA
"87e639d14a627acdd0c1b30fce115bae","c3c3761f3985d9b4b5931df8066dfb51",5152,"MERS-CoV","Severity - case fatality ratio (CFR)",60,0,"Percentage (%)",NA,NA,"Unspecified",NA,NA,NA,NA,NA,42,70,NA,NA,NA,NA,NA,NA,NA,FALSE,"Post outbreak","Naive",NA,NA,FALSE,NA,NA,NA,NA,NA,NA,"Both","Hospital based","Persons under investigation",NA,NA,70,"Saudi Arabia","Prince Sultan Military Medical City (PSMMC);  Riyadh",1,"10","2012","31","05","2014",NA,NA,NA,NA,FALSE,FALSE,NA,"Severity",NA,NA,NA
"87e639d14a627acdd0c1b30fce115bae","8ee306d94b5d78ee252fd8558c2136ec",5152,"MERS-CoV","Risk factors",NA,0,NA,NA,NA,"Unspecified",NA,NA,NA,NA,NA,NA,NA,NA,NA,NA,NA,NA,NA,NA,FALSE,"Post outbreak",NA,NA,NA,FALSE,NA,"Severe disease","Age,Comorbidity,Sex,Other","Healthcare","Significant","Not adjusted","Both","Hospital based","Persons under investigation",NA,NA,70,"Saudi Arabia","Prince Sultan Military Medical City (PSMMC);  Riyadh",1,"10","2012","31","05","2014",NA,NA,NA,NA,FALSE,FALSE,NA,"Risk factors",NA,NA,NA
"87e639d14a627acdd0c1b30fce115bae","dc59d1a14adbdf04314da1836a17d2e2",5152,"MERS-CoV","Risk factors",NA,0,NA,NA,NA,"Unspecified",NA,NA,NA,NA,NA,NA,NA,NA,NA,NA,NA,NA,NA,NA,FALSE,"Post outbreak",NA,NA,NA,FALSE,NA,"Severe disease","Comorbidity,Other",NA,"Not significant","Not adjusted","Both","Hospital based","Persons under investigation",NA,NA,70,"Saudi Arabia","Prince Sultan Military Medical City (PSMMC);  Riyadh",1,"10","2012","31","05","2014",NA,NA,NA,NA,FALSE,FALSE,NA,"Risk factors",NA,NA,NA
"87e639d14a627acdd0c1b30fce115bae","b69834eb65e04fe85af63a4c66f7cf56",5152,"MERS-CoV","Risk factors",NA,0,NA,NA,NA,"Unspecified",NA,NA,NA,NA,NA,NA,NA,NA,NA,NA,NA,NA,NA,NA,FALSE,"Post outbreak",NA,NA,NA,FALSE,NA,"Severe disease","Comorbidity,Other",NA,"Significant","Adjusted","Both","Hospital based","Persons under investigation",NA,NA,70,"Saudi Arabia","Prince Sultan Military Medical City (PSMMC);  Riyadh",1,"10","2012","31","05","2014",NA,NA,NA,NA,FALSE,FALSE,NA,"Risk factors",NA,NA,NA
"87e639d14a627acdd0c1b30fce115bae","a48b4af5b8e10f97b43bc452e95441d5",5152,"MERS-CoV","Risk factors",NA,0,NA,NA,NA,"Unspecified",NA,NA,NA,NA,NA,NA,NA,NA,NA,NA,NA,NA,NA,NA,FALSE,"Post outbreak",NA,NA,NA,FALSE,NA,"Severe disease","Age,Occupation,Sex,Other","Healthcare","Not significant","Adjusted","Both","Hospital based","Persons under investigation",NA,NA,70,"Saudi Arabia","Prince Sultan Military Medical City;  Riyadh",1,"10","2012","31","05","2014",NA,NA,NA,NA,FALSE,FALSE,NA,"Risk factors",NA,NA,NA
"87e639d14a627acdd0c1b30fce115bae","f2127819cf26f39c34ef1585126b52c4",5152,"MERS-CoV","Risk factors",NA,0,NA,NA,NA,"Unspecified",NA,NA,NA,NA,NA,NA,NA,NA,NA,NA,NA,NA,NA,NA,FALSE,"Post outbreak",NA,NA,NA,FALSE,NA,"Death","Age,Comorbidity,Occupation,Other","Healthcare","Significant","Not adjusted","Both","Hospital based","Persons under investigation",NA,NA,70,"Saudi Arabia","Prince Sultan Military Medical City;  Riyadh",1,"10","2012","31","05","2014",NA,NA,NA,NA,FALSE,FALSE,NA,"Risk factors",NA,NA,NA
"87e639d14a627acdd0c1b30fce115bae","4bea7a9d7c2a0cb98f0ddcb398ff2241",5152,"MERS-CoV","Risk factors",NA,0,NA,NA,NA,"Unspecified",NA,NA,NA,NA,NA,NA,NA,NA,NA,NA,NA,NA,NA,NA,NA,"Post outbreak",NA,NA,NA,FALSE,NA,"Death","Sex,Other",NA,"Not significant","Not adjusted","Both","Hospital based","Persons under investigation",NA,NA,70,"Saudi Arabia","Prince Sultan Military Medical City;  Riyadh",1,"10","2012","31","05","2014",NA,NA,NA,NA,FALSE,FALSE,NA,"Risk factors",NA,NA,NA
"87e639d14a627acdd0c1b30fce115bae","06d069d485de03c29c63d9988c127634",5152,"MERS-CoV","Risk factors",NA,0,NA,NA,NA,"Unspecified",NA,NA,NA,NA,NA,NA,NA,NA,NA,NA,NA,NA,NA,NA,FALSE,"Post outbreak",NA,NA,NA,FALSE,NA,"Death","Age",NA,"Significant","Adjusted","Both","Hospital based","Persons under investigation",NA,NA,70,"Saudi Arabia","Prince Sultan Military Medical City;  Riyadh",1,"10","2012","31","05","2014",NA,NA,NA,NA,FALSE,FALSE,NA,"Risk factors",NA,NA,NA
"87e639d14a627acdd0c1b30fce115bae","298ec12001774a625d88ef2804dcb61d",5152,"MERS-CoV","Risk factors",NA,0,NA,NA,NA,"Unspecified",NA,NA,NA,NA,NA,NA,NA,NA,NA,NA,NA,NA,NA,NA,FALSE,"Post outbreak",NA,NA,NA,NA,NA,"Death","Comorbidity,Occupation","Healthcare","Not significant","Adjusted","Both","Hospital based","Persons under investigation",NA,NA,70,"Saudi Arabia","Prince Sultan Military Medical City;  Riyadh",1,"10","2012","31","05","2014",NA,NA,NA,NA,FALSE,FALSE,NA,"Risk factors",NA,NA,NA
"27036658ba69d25e12c64e7402ff8f6a","786a9bbba94efb2a06405005e67ec66f",5155,"MERS-CoV","Seroprevalence - Unspecified",0,0,"Percentage (%)",0,0,"Unspecified",NA,NA,NA,NA,NA,0,60,NA,NA,NA,NA,NA,NA,NA,FALSE,"Unspecified","Unspecified",NA,"Level of exposure; Symptoms",TRUE,FALSE,NA,NA,NA,NA,NA,"Both","Contact based","Persons under investigation",NA,NA,60,"Germany",NA,NA,NA,"2013",NA,NA,"2013",NA,NA,NA,NA,FALSE,FALSE,NA,"Seroprevalence","0 - 0",NA,NA
"9ef70e8c4f4a68899305336327ccd620","8a9f0bd55555dead875f5812252196a0",5175,"MERS-CoV","Secondary attack rate",1.12,0,"Percentage (%)",NA,NA,"Unspecified",NA,NA,NA,NA,NA,NA,NA,NA,NA,NA,NA,NA,NA,NA,FALSE,"Endemic",NA,NA,NA,FALSE,NA,NA,NA,NA,NA,NA,"Both","Contact based","Healthcare workers",17,NA,1695,"Saudi Arabia",NA,1,"10","2012","30","09","2013",NA,NA,NA,NA,FALSE,FALSE,NA,"Other transmission parameters",NA,NA,NA
"9ef70e8c4f4a68899305336327ccd620","78f72e860b129472085c25cc10bbbbc1",5175,"MERS-CoV","Secondary attack rate",1.3,0,"Percentage (%)",NA,NA,"Unspecified",NA,NA,NA,NA,NA,NA,NA,NA,NA,NA,NA,NA,NA,NA,FALSE,"Endemic",NA,NA,NA,FALSE,NA,NA,NA,NA,NA,NA,"Female","Contact based","Healthcare workers",17,NA,1155,"Saudi Arabia",NA,1,"10","2012","30","09","2013",NA,NA,NA,NA,FALSE,FALSE,NA,"Other transmission parameters",NA,NA,NA
"9ef70e8c4f4a68899305336327ccd620","8bd125fac56088ce6e107b5bb976d856",5175,"MERS-CoV","Secondary attack rate",0.74,0,"Percentage (%)",NA,NA,"Unspecified",NA,NA,NA,NA,NA,NA,NA,NA,NA,NA,NA,NA,NA,NA,FALSE,"Endemic",NA,NA,NA,FALSE,NA,NA,NA,NA,NA,NA,"Male","Contact based","Healthcare workers",17,NA,540,"Saudi Arabia",NA,1,"10","2012","30","09","2013",NA,NA,NA,NA,FALSE,FALSE,NA,"Other transmission parameters",NA,NA,NA
"9ef70e8c4f4a68899305336327ccd620","37a26438386c415a1704b97eb26e8d59",5175,"MERS-CoV","Secondary attack rate",3.6,0,"Percentage (%)",2.04,5.7,"Unspecified",NA,NA,NA,NA,NA,NA,NA,NA,NA,NA,NA,NA,NA,NA,FALSE,"Endemic",NA,NA,"Age; Sex",TRUE,FALSE,NA,NA,NA,NA,NA,"Male","Contact based","Household contacts of survivors",NA,NA,462,"Saudi Arabia",NA,1,"10","2012","30","09","2013",NA,NA,NA,NA,FALSE,FALSE,NA,"Other transmission parameters","2.04 - 5.7",NA,NA
"9ef70e8c4f4a68899305336327ccd620","92255144caf4bb4ddf19c13bd8b295f0",5175,"MERS-CoV","Risk factors",NA,0,NA,NA,NA,"Unspecified",NA,NA,NA,NA,NA,NA,NA,NA,NA,NA,NA,NA,NA,NA,FALSE,"Endemic",NA,NA,NA,FALSE,NA,"Infection","Sex",NA,"Significant","Not adjusted","Both","Mixed settings","Mixed groups",NA,NA,5065,"Saudi Arabia",NA,1,"10","2012","30","09","2013",NA,NA,NA,NA,FALSE,FALSE,NA,"Risk factors",NA,NA,NA
"9ef70e8c4f4a68899305336327ccd620","6897d022e414f57ce540ddae816390bb",5175,"MERS-CoV","Risk factors",NA,0,NA,NA,NA,"Unspecified",NA,NA,NA,NA,NA,NA,NA,NA,NA,NA,NA,NA,NA,NA,FALSE,"Endemic",NA,NA,NA,FALSE,NA,"Infection","Household contact",NA,"Significant","Not adjusted","Both","Mixed settings","Mixed groups",NA,16,625,"Saudi Arabia",NA,1,"10","2012","30","09","2013",NA,NA,NA,NA,FALSE,FALSE,NA,"Risk factors",NA,NA,NA
"9ef70e8c4f4a68899305336327ccd620","96ffaab6c110efc72373a31f564ccb26",5175,"MERS-CoV","Risk factors",NA,0,NA,NA,NA,"Unspecified",NA,NA,NA,NA,NA,NA,NA,NA,NA,NA,NA,NA,NA,NA,FALSE,"Endemic",NA,NA,NA,FALSE,NA,"Infection","Non-household contact",NA,"Significant","Not adjusted","Both","Mixed settings","Mixed groups",17,NA,4440,"Saudi Arabia",NA,1,"10","2012","30","09","2013",NA,NA,NA,NA,FALSE,FALSE,NA,"Risk factors",NA,NA,NA
"9ef70e8c4f4a68899305336327ccd620","a48b8b3de3fcd26c398e3c66a18d1f0f",5175,"MERS-CoV","Risk factors",NA,0,NA,NA,NA,"Unspecified",NA,NA,NA,NA,NA,NA,NA,NA,NA,NA,NA,NA,NA,NA,FALSE,"Endemic",NA,NA,NA,FALSE,NA,"Infection","Household contact",NA,"Not significant","Not adjusted","Both","Mixed settings","Mixed groups",17,NA,4440,"Saudi Arabia",NA,1,"10","2012","30","09","2013",NA,NA,NA,NA,FALSE,FALSE,NA,"Risk factors",NA,NA,NA
"6bbbe4d42e114cfad516a7bcaf84b124","98d00b2c480ad1778c225f0edd08dd8b",11230,"MERS-CoV","Seroprevalence - IgG",1.52,0,"Percentage (%)",1.26,6.9,"Unspecified",NA,NA,1.29,1.78,"95% CI",152,10009,NA,NA,NA,NA,NA,NA,NA,TRUE,"Unspecified","Unspecified",NA,"Occupation; Region",TRUE,FALSE,NA,NA,NA,NA,NA,"Both","Mixed settings","Mixed groups",15,NA,10009,"Saudi Arabia","All 13 regions",1,"12","2012","01","12","2013",NA,NA,NA,NA,FALSE,FALSE,NA,"Seroprevalence","1.26 - 6.9","95% CI","1.29 - 1.78"
"6bbbe4d42e114cfad516a7bcaf84b124","49f361ba5918897708536a0985c1b094",11230,"MERS-CoV","Seroprevalence - IFA",0.17,0,"Percentage (%)",0,3.6,"Unspecified",NA,NA,NA,NA,NA,17,10009,NA,NA,NA,NA,NA,NA,NA,FALSE,"Unspecified",NA,NA,"Occupation; Region; Time",TRUE,FALSE,NA,NA,NA,NA,NA,"Both","Mixed settings","Mixed groups",15,NA,10009,"Saudi Arabia","All 13 regions",1,"12","2012","01","12","2013",NA,NA,NA,NA,FALSE,FALSE,NA,"Seroprevalence","0 - 3.6",NA,NA
"6bbbe4d42e114cfad516a7bcaf84b124","6b6f8f4805f539da5245ece2de2f4f90",11230,"MERS-CoV","Seroprevalence - PRNT",0.15,0,"Percentage (%)",0,3.6,"Unspecified",NA,NA,0.09,0.24,"95% CI",15,10009,NA,NA,NA,NA,NA,NA,NA,TRUE,"Unspecified",NA,NA,"Age; Occupation; Region; Sex; Time",TRUE,FALSE,NA,NA,NA,NA,NA,"Both","Mixed settings","Mixed groups",15,NA,10009,"Saudi Arabia","All 13 regions",1,"12","2012","01","12","2013",NA,NA,NA,NA,FALSE,FALSE,NA,"Seroprevalence","0 - 3.6","95% CI","0.09 - 0.24"
"6bbbe4d42e114cfad516a7bcaf84b124","61fe562ebde4f4aeb4ec53b16a4b62ae",11230,"MERS-CoV","Risk factors",NA,0,NA,NA,NA,"Unspecified",NA,NA,NA,NA,NA,NA,NA,NA,NA,NA,NA,NA,NA,NA,TRUE,"Unspecified",NA,NA,NA,FALSE,NA,"Infection","Sex,Camel contact (work),Other",NA,"Significant","Not adjusted","Both","Mixed settings","Mixed groups",15,NA,10009,"Saudi Arabia","All 13 regions",1,"12","2012","01","12","2013",NA,NA,NA,NA,FALSE,FALSE,NA,"Risk factors",NA,NA,NA
"6bbbe4d42e114cfad516a7bcaf84b124","45986599decd6d87aaf99ebb2596b86f",11230,"MERS-CoV","Risk factors",NA,0,NA,NA,NA,"Unspecified",NA,NA,NA,NA,NA,NA,NA,NA,NA,NA,NA,NA,NA,NA,FALSE,"Unspecified",NA,NA,NA,FALSE,NA,"Infection","Age,Other",NA,"Not significant","Not adjusted","Both","Mixed settings","Mixed groups",15,NA,10009,"Saudi Arabia","All 13 regions",1,"12","2012","01","12","2013",NA,NA,NA,NA,FALSE,FALSE,NA,"Risk factors",NA,NA,NA
"8cfe8f46f2b56780aea8c1462edcbbc5","5baf59f9a7ffe1eaea757bd317a71d0e",11415,"MERS-CoV","Relative contribution - zoonotic to human",21.4,0,"Percentage (%)",NA,NA,"Unspecified",NA,NA,NA,NA,NA,NA,NA,NA,NA,NA,NA,NA,NA,NA,FALSE,"Endemic",NA,NA,"Occupation; Sex; Symptoms; Other",TRUE,FALSE,NA,NA,NA,NA,NA,"Both","Hospital based","Persons under investigation",21,97,107,"Saudi Arabia","King Fahad Hofuf Hospital;  Hofuf;  Al-Ahsa",1,"04","2012","30","11","2016",NA,NA,NA,NA,FALSE,FALSE,NA,"Relative contribution",NA,NA,NA
"8cfe8f46f2b56780aea8c1462edcbbc5","3a28d569ec3c37f132f132b5cad79acf",11415,"MERS-CoV","Severity - case fatality ratio (CFR)",39.13,0,"Percentage (%)",NA,NA,"Unspecified",NA,NA,NA,NA,NA,9,23,NA,NA,NA,NA,NA,NA,NA,FALSE,"Endemic","Naive",NA,NA,FALSE,NA,NA,NA,NA,NA,NA,"Both","Hospital based","Mixed groups",21,93,23,"Saudi Arabia","King Fahad Hofuf Hospital;  Hofuf;  Al-Ahsa",1,"04","2012","30","11","2016",NA,NA,NA,NA,FALSE,FALSE,NA,"Severity",NA,NA,NA
"8cfe8f46f2b56780aea8c1462edcbbc5","019361c6bd1b90e92b4e530540ac822f",11415,"MERS-CoV","Human delay - other human delay (go to section)",8,0,"Days",NA,NA,"Median",NA,NA,NA,NA,NA,NA,NA,NA,NA,NA,NA,NA,NA,NA,FALSE,"Endemic",NA,NA,NA,FALSE,NA,NA,NA,NA,NA,NA,"Both","Hospital based","Mixed groups",21,93,23,"Saudi Arabia","King Fahad Hofuf Hospital;  Hofuf;  Al-Ahsa",1,"04","2012","30","11","2016",NA,NA,"symptom onset","Admission to Critical Care/ICU",FALSE,FALSE,NA,"Human delay",NA,NA,NA
"8cfe8f46f2b56780aea8c1462edcbbc5","2b7ebc13616325e9506bbe5ccec2b45d",11415,"MERS-CoV","Human delay - other human delay (go to section)",6,0,"Days",NA,NA,"Median",NA,NA,NA,NA,NA,NA,NA,NA,NA,NA,NA,NA,NA,NA,FALSE,"Endemic",NA,NA,NA,FALSE,NA,NA,NA,NA,NA,NA,"Both","Hospital based","Mixed groups",21,93,23,"Saudi Arabia","King Fahad Hofuf Hospital;  Hofuf;  Al-Ahsa",1,"04","2012","30","11","2016",NA,NA,"symptom onset","initiation of mechanical ventilation",FALSE,FALSE,NA,"Human delay",NA,NA,NA
"8cfe8f46f2b56780aea8c1462edcbbc5","9541e5fb965e8e43fd1dd092aa289906",11415,"MERS-CoV","Human delay - other human delay (go to section)",7,0,"Days",NA,NA,"Median",NA,NA,NA,NA,NA,NA,NA,NA,NA,NA,NA,NA,NA,NA,FALSE,"Endemic",NA,NA,NA,FALSE,NA,NA,NA,NA,NA,NA,"Both","Hospital based","Mixed groups",21,93,23,"Saudi Arabia","King Fahad Hofuf Hospital;  Hofuf;  Al-Ahsa",1,"04","2012","30","11","2016",NA,NA,"Unspecified","Symptom Resolution",FALSE,FALSE,NA,"Human delay",NA,NA,NA
"8cfe8f46f2b56780aea8c1462edcbbc5","f65f61e72db61bc495c8e2c9ffc78741",11415,"MERS-CoV","Human delay - symptom onset>death",11,0,"Days",NA,NA,"Median",NA,NA,NA,NA,NA,NA,NA,NA,NA,NA,NA,NA,NA,NA,FALSE,"Endemic",NA,NA,NA,FALSE,NA,NA,NA,NA,NA,NA,"Both","Hospital based","Mixed groups",21,93,23,"Saudi Arabia","King Fahad Hofuf Hospital;  Hofuf;  Al-Ahsa",1,"04","2012","30","11","2016",NA,NA,NA,NA,FALSE,FALSE,NA,"Human delay",NA,NA,NA
"8cfe8f46f2b56780aea8c1462edcbbc5","72d6fa7cee720094ae8ebb0a34a75fcd",11415,"MERS-CoV","Human delay - other human delay (go to section)",4,0,"Days",NA,NA,"Median",NA,NA,NA,NA,NA,NA,NA,NA,NA,NA,NA,NA,NA,NA,FALSE,"Endemic",NA,NA,NA,FALSE,NA,NA,NA,NA,NA,NA,"Both","Hospital based","Mixed groups",24,97,84,"Saudi Arabia","King Fahad Hofuf Hospital;  Hofuf;  Al-Ahsa",1,"04","2012","30","11","2016",NA,NA,"symptom onset","Admission to Critical Care/ICU",FALSE,FALSE,NA,"Human delay",NA,NA,NA
"8cfe8f46f2b56780aea8c1462edcbbc5","fbe0aa9fd3ef33d1319fe92b870395d5",11415,"MERS-CoV","Human delay - other human delay (go to section)",4,0,"Days",NA,NA,"Median",NA,NA,NA,NA,NA,NA,NA,NA,NA,NA,NA,NA,NA,NA,FALSE,"Endemic",NA,NA,NA,FALSE,NA,NA,NA,NA,NA,NA,"Both","Hospital based","Mixed groups",24,97,84,"Saudi Arabia","King Fahad Hofuf Hospital;  Hofuf;  Al-Ahsa",1,"04","2012","30","11","2016",NA,NA,"symptom onset","initiation of mechanical ventilation",FALSE,FALSE,NA,"Human delay",NA,NA,NA
"8cfe8f46f2b56780aea8c1462edcbbc5","c12d9c5ed7bc5df2467e7bd82d8ad363",11415,"MERS-CoV","Human delay - other human delay (go to section)",13,0,"Days",NA,NA,"Median",NA,NA,NA,NA,NA,NA,NA,NA,NA,NA,NA,NA,NA,NA,FALSE,"Endemic",NA,NA,NA,FALSE,NA,NA,NA,NA,NA,NA,"Both","Hospital based","Mixed groups",24,97,84,"Saudi Arabia","King Fahad Hofuf Hospital;  Hofuf;  Al-Ahsa",1,"04","2012","30","11","2016",NA,NA,"unspecified","Symptom Resolution",FALSE,FALSE,NA,"Human delay",NA,NA,NA
"8cfe8f46f2b56780aea8c1462edcbbc5","c3d42e224ef05b7fbf69dffa91878208",11415,"MERS-CoV","Human delay - symptom onset>death",5,0,"Days",NA,NA,"Median",NA,NA,NA,NA,NA,NA,NA,NA,NA,NA,NA,NA,NA,NA,FALSE,"Endemic",NA,NA,NA,FALSE,NA,NA,NA,NA,NA,NA,"Both","Hospital based","Mixed groups",24,97,84,"Saudi Arabia","King Fahad Hofuf Hospital;  Hofuf;  Al-Ahsa",1,"04","2012","30","11","2016",NA,NA,NA,NA,FALSE,FALSE,NA,"Human delay",NA,NA,NA
"8cfe8f46f2b56780aea8c1462edcbbc5","70c45923906a8e89b44f9a10780b8462",11415,"MERS-CoV","Severity - case fatality ratio (CFR)",53.57,0,"Percentage (%)",NA,NA,"Unspecified",NA,NA,NA,NA,NA,45,84,NA,NA,NA,NA,NA,NA,NA,FALSE,"Endemic","Naive",NA,NA,FALSE,NA,NA,NA,NA,NA,NA,"Both","Hospital based","Mixed groups",24,97,84,"Saudi Arabia","King Fahad Hofuf Hospital;  Hofuf;  Al-Ahsa",1,"04","2012","30","11","2016",NA,NA,NA,NA,FALSE,FALSE,NA,"Severity",NA,NA,NA
"8cfe8f46f2b56780aea8c1462edcbbc5","b26b7c1626dc86771c0b5397daf3668c",11415,"MERS-CoV","Risk factors",NA,0,NA,NA,NA,"Unspecified",NA,NA,NA,NA,NA,NA,NA,NA,NA,NA,NA,NA,NA,NA,FALSE,"Endemic",NA,NA,"Other",TRUE,TRUE,"Severe disease","Camel contact (other)",NA,"Significant","Not adjusted","Both","Hospital based","Persons under investigation",21,97,107,"Saudi Arabia","King Fahad Hofuf Hospital;  Hofuf;  Al-Ahsa",1,"04","2012","30","11","2016",NA,NA,NA,NA,FALSE,FALSE,NA,"Risk factors",NA,NA,NA
"8cfe8f46f2b56780aea8c1462edcbbc5","c1da48f64c2bd28dfc17d2cbacf304dc",11415,"MERS-CoV","Risk factors",NA,0,NA,NA,NA,"Unspecified",NA,NA,NA,NA,NA,NA,NA,NA,NA,NA,NA,NA,NA,NA,NA,"Endemic",NA,NA,"Other",TRUE,TRUE,"Severe disease","Camel contact (other)",NA,"Not significant","Not adjusted","Both","Hospital based","Persons under investigation",21,97,107,"Saudi Arabia","King Fahad Hofuf Hospital;  Hofuf;  Al-Ahsa",1,"04","2012","30","11","2016",NA,NA,NA,NA,FALSE,FALSE,NA,"Risk factors",NA,NA,NA
"8cfe8f46f2b56780aea8c1462edcbbc5","0d9679adcd7dce633372723e1a30861f",11415,"MERS-CoV","Risk factors",NA,0,NA,NA,NA,"Unspecified",NA,NA,NA,NA,NA,NA,NA,NA,NA,NA,NA,NA,NA,NA,FALSE,"Endemic",NA,NA,NA,FALSE,NA,"Death","Camel contact (other)",NA,"Not significant","Not adjusted","Both","Hospital based","Persons under investigation",21,97,107,"Saudi Arabia","King Fahad Hofuf Hospital;  Hofuf;  Al-Ahsa",1,"04","2012","30","11","2016",NA,NA,NA,NA,FALSE,FALSE,NA,"Risk factors",NA,NA,NA
"12f8403cd6bc2015e4ec5d13e3747d23","3f9175ec4f2428456b837104a75af067",11964,"MERS-CoV","Reproduction number (Basic R0)",NA,0,"No units",0.71,3.33,"Unspecified",NA,NA,NA,NA,NA,NA,NA,NA,NA,NA,NA,NA,NA,NA,FALSE,"Mid outbreak",NA,"Compartmental model","Time",TRUE,TRUE,NA,NA,NA,NA,NA,"Both","Unspecified","General population",NA,NA,186,"Republic of Korea",NA,20,"05","2015","11","10","2015",NA,NA,NA,NA,FALSE,FALSE,"Human-human","Reproduction number","0.71 - 3.33",NA,NA
"12f8403cd6bc2015e4ec5d13e3747d23","930424f8ef498a484c25364fbc582e69",11964,"MERS-CoV","Human delay - incubation period",NA,0,"Days",5,5,"Unspecified",NA,NA,NA,NA,NA,NA,NA,NA,NA,NA,NA,NA,NA,NA,FALSE,"Mid outbreak",NA,NA,"Time",TRUE,TRUE,NA,NA,NA,NA,NA,"Both","Unspecified","General population",NA,NA,186,"Republic of Korea",NA,20,"05","2015","11","10","2015",NA,NA,NA,NA,TRUE,FALSE,NA,"Human delay","0.2 - 0.2",NA,NA
"12f8403cd6bc2015e4ec5d13e3747d23","1c04c7dddce005631c03548b82dd8cc3",11964,"MERS-CoV","Human delay - infectious period",NA,0,"Days",1.66666666666667,1.42857142857143,"Median",NA,NA,NA,NA,NA,NA,NA,NA,NA,NA,NA,NA,NA,NA,FALSE,"Mid outbreak",NA,NA,"Time",TRUE,TRUE,NA,NA,NA,NA,NA,"Both","Unspecified","General population",NA,NA,186,"Republic of Korea",NA,20,"05","2015","11","10","2015",NA,NA,NA,NA,TRUE,FALSE,NA,"Human delay","0.6 - 0.7",NA,NA
"9acf1bdf2ccca8ec4c53f356a65f533d","a37916fab199c70cabaf90937ddcff01",12025,"MERS-CoV","Human delay - incubation period",6.83,0,"Days",NA,NA,"Median",NA,NA,6.31,7.36,"95% CI",NA,NA,NA,NA,NA,NA,NA,NA,NA,FALSE,"Unspecified",NA,NA,NA,FALSE,NA,NA,NA,NA,NA,NA,"Both","Hospital based","Mixed groups",NA,NA,186,"Republic of Korea","Republic of Korea",20,"05","2015","13","07","2015",NA,NA,NA,NA,FALSE,FALSE,NA,"Human delay",NA,"95% CI","6.31 - 7.36"
"9acf1bdf2ccca8ec4c53f356a65f533d","9baa18feca40acf2d86d664fcb6f05ae",12025,"MERS-CoV","Human delay - serial interval",12.5,0,"Days",NA,NA,"Median",NA,NA,11.8,13.2,"95% CI",NA,NA,NA,NA,NA,NA,NA,NA,NA,FALSE,"Unspecified",NA,NA,NA,FALSE,NA,NA,NA,NA,NA,NA,"Both","Hospital based","Mixed groups",NA,NA,186,"Republic of Korea","Republic of Korea",20,"05","2015","13","07","2015",NA,NA,NA,NA,FALSE,FALSE,NA,"Human delay",NA,"95% CI","11.8 - 13.2"
"9acf1bdf2ccca8ec4c53f356a65f533d","ac939411a986d96c23c03a61d37a5853",12025,"MERS-CoV","Risk factors",NA,0,NA,NA,NA,"Unspecified",NA,NA,NA,NA,NA,NA,NA,NA,NA,NA,NA,NA,NA,NA,NA,"Unspecified",NA,NA,NA,FALSE,NA,"Death","Age,Comorbidity,Other",NA,"Significant","Not adjusted","Both","Hospital based","Mixed groups",NA,NA,186,"Republic of Korea","Republic of Korea",20,"05","2015","13","07","2015",NA,NA,NA,NA,FALSE,FALSE,NA,"Risk factors",NA,NA,NA
"9acf1bdf2ccca8ec4c53f356a65f533d","f5900bfbefe216c4c2be5fef6122da78",12025,"MERS-CoV","Risk factors",NA,0,NA,NA,NA,"Unspecified",NA,NA,NA,NA,NA,NA,NA,NA,NA,NA,NA,NA,NA,NA,FALSE,"Unspecified",NA,NA,NA,FALSE,NA,"Death","Sex",NA,"Not significant","Not adjusted","Both","Hospital based","Mixed groups",NA,NA,186,"Republic of Korea","Republic of Korea",20,"05","2015","13","07","2015",NA,NA,NA,NA,FALSE,FALSE,NA,"Risk factors",NA,NA,NA
"9acf1bdf2ccca8ec4c53f356a65f533d","bb0527493e927adc10f221a21bb4a74d",12025,"MERS-CoV","Risk factors",NA,0,NA,NA,NA,"Unspecified",NA,NA,NA,NA,NA,NA,NA,NA,NA,NA,NA,NA,NA,NA,FALSE,"Unspecified",NA,NA,NA,FALSE,NA,"Death","Age,Comorbidity",NA,"Significant","Adjusted","Both","Hospital based","Mixed groups",NA,NA,186,"Republic of Korea","Republic of Korea",20,"05","2015","13","07","2015",NA,NA,NA,NA,FALSE,FALSE,NA,"Risk factors",NA,NA,NA
"9acf1bdf2ccca8ec4c53f356a65f533d","9b813fc7f2ce613787b87c0e7a362eb8",12025,"MERS-CoV","Risk factors",NA,0,NA,NA,NA,"Unspecified",NA,NA,NA,NA,NA,NA,NA,NA,NA,NA,NA,NA,NA,NA,FALSE,"Unspecified",NA,NA,NA,FALSE,NA,"Death","Comorbidity,Sex",NA,"Not significant","Adjusted","Both","Hospital based","Mixed groups",NA,NA,186,"Republic of Korea","Republic of Korea",20,"05","2015","13","07","2015",NA,NA,NA,NA,FALSE,FALSE,NA,"Risk factors",NA,NA,NA
"9acf1bdf2ccca8ec4c53f356a65f533d","94e61025d156b2a47ed036506bb90244",12025,"MERS-CoV","Human delay - incubation period",13.48,0,"Days",NA,NA,"Other",NA,NA,12.23,14.73,"95% CI",NA,NA,NA,NA,NA,NA,NA,NA,NA,FALSE,"Unspecified",NA,NA,NA,NA,NA,NA,NA,NA,NA,NA,"Both","Hospital based","Mixed groups",NA,NA,186,"Republic of Korea","Republic of Korea",20,"05","2015","13","07","2015",NA,NA,NA,NA,FALSE,FALSE,NA,"Human delay",NA,"95% CI","12.23 - 14.73"
"9acf1bdf2ccca8ec4c53f356a65f533d","daabcf93d606b34ebd118e3ae2502ca6",12025,"MERS-CoV","Human delay - incubation period",2.27,0,"Days",NA,NA,"Other",NA,NA,1.98,2.48,"95% CI",NA,NA,NA,NA,NA,NA,NA,NA,NA,FALSE,"Unspecified",NA,NA,NA,FALSE,NA,NA,NA,NA,NA,NA,"Both","Hospital based","Mixed groups",NA,NA,186,"Republic of Korea","Republic of Korea",20,"05","2015","13","07","2015",NA,NA,NA,NA,FALSE,FALSE,NA,"Human delay",NA,"95% CI","1.98 - 2.48"
"9acf1bdf2ccca8ec4c53f356a65f533d","31575c9494c4251796612ac4a38dc73b",12025,"MERS-CoV","Human delay - serial interval",20.65,0,"Days",NA,NA,"Other",NA,NA,19.15,22.15,"95% CI",NA,NA,NA,NA,NA,NA,NA,NA,NA,FALSE,"Unspecified",NA,NA,NA,FALSE,NA,NA,NA,NA,NA,NA,"Both","Hospital based","Mixed groups",NA,NA,186,"Republic of Korea","Republic of Korea",20,"05","2015","13","07","2015",NA,NA,NA,NA,FALSE,FALSE,NA,"Human delay",NA,"95% CI","19.15 - 22.15"
"9acf1bdf2ccca8ec4c53f356a65f533d","828da4c876f5a3bcd26233032803a3f7",12025,"MERS-CoV","Human delay - serial interval",6.15,0,"Days",NA,NA,"Other",NA,NA,3.65,8.65,"95% CI",NA,NA,NA,NA,NA,NA,NA,NA,NA,FALSE,"Unspecified",NA,NA,NA,FALSE,NA,NA,NA,NA,NA,NA,"Both","Hospital based","Mixed groups",NA,NA,186,"Republic of Korea","Republic of Korea",20,"05","2015","13","07","2015",NA,NA,NA,NA,FALSE,FALSE,NA,"Human delay",NA,"95% CI","3.65 - 8.65"
"9acf1bdf2ccca8ec4c53f356a65f533d","6a874e662150850d8c70acf3c858876c",12025,"MERS-CoV","Severity - case fatality ratio (CFR)",19.4,0,"Percentage (%)",NA,NA,"Unspecified",NA,NA,NA,NA,NA,36,186,NA,NA,NA,NA,NA,NA,NA,FALSE,"Unspecified","Naive",NA,NA,FALSE,NA,NA,NA,NA,NA,NA,"Both","Hospital based","Mixed groups",NA,NA,186,"Republic of Korea","Republic of Korea",20,"05","2015","13","07","2015",NA,NA,NA,NA,FALSE,FALSE,NA,"Severity",NA,NA,NA
"381555066aee8a1bc0c993e209d2b674","2d65bb062e5db5607fe04723e35f5ced",12589,"MERS-CoV","Risk factors",NA,0,NA,NA,NA,"Unspecified",NA,NA,NA,NA,NA,NA,NA,NA,NA,NA,NA,NA,NA,NA,FALSE,"Unspecified",NA,NA,NA,FALSE,NA,"Other","Age,Comorbidity,Other",NA,"Significant","Not adjusted","Both","Hospital based","Unspecified",NA,NA,32,NA,NA,NA,NA,"xxxx",NA,NA,"xxxx",NA,NA,NA,NA,FALSE,FALSE,NA,"Risk factors",NA,NA,NA
"381555066aee8a1bc0c993e209d2b674","d4b2b6eee450367faa571df3953bfba0",12589,"MERS-CoV","Risk factors",NA,0,NA,NA,NA,"Unspecified",NA,NA,NA,NA,NA,NA,NA,NA,NA,NA,NA,NA,NA,NA,FALSE,"Unspecified",NA,NA,NA,NA,NA,"Other","Sex",NA,"Not significant","Not adjusted","Both","Hospital based","Unspecified",NA,NA,32,NA,NA,NA,NA,"xxxx",NA,NA,"xxxx",NA,NA,NA,NA,FALSE,FALSE,NA,"Risk factors",NA,NA,NA
"381555066aee8a1bc0c993e209d2b674","6a0c4f5596b9a76ec6fca12a0d57e964",12589,"MERS-CoV","Human delay - time in care (length of stay)",15,0,"Days",NA,NA,"Unspecified",3.6,"Standard Error",11.4,18.6,NA,NA,NA,NA,NA,NA,NA,NA,NA,NA,FALSE,"Unspecified",NA,NA,"Other",TRUE,FALSE,NA,NA,NA,NA,NA,"Both","Hospital based","Unspecified",NA,NA,32,NA,NA,NA,NA,"xxxx",NA,NA,"xxxx",NA,NA,NA,NA,FALSE,FALSE,NA,"Human delay",NA,"Standard Error","3.6"
"1914669aa5e3070d8e3635a2b462f406","eb7758675377171e9363352fe2aaaf0d",12702,"MERS-CoV","Seroprevalence - Unspecified",6,0,"Percentage (%)",NA,NA,"Unspecified",NA,NA,NA,NA,NA,NA,NA,NA,NA,NA,NA,NA,NA,NA,FALSE,"Unspecified",NA,NA,NA,FALSE,NA,NA,NA,NA,NA,NA,"Unspecified","Trade / business based","Animal workers incl. veterinary",NA,NA,100,"United Arab Emirates","an open-air animal market and public slaughterhouse in Abu Dhabi",11,"05","2014","14","05","2014",NA,NA,NA,NA,FALSE,FALSE,NA,"Seroprevalence",NA,NA,NA
"1914669aa5e3070d8e3635a2b462f406","4240add9077b87468b032da792a95f9a",12702,"MERS-CoV","Seroprevalence - Unspecified",19,0,"Percentage (%)",NA,NA,"Unspecified",NA,NA,NA,NA,NA,NA,NA,NA,NA,NA,NA,NA,NA,NA,FALSE,"Unspecified",NA,NA,NA,FALSE,NA,NA,NA,NA,NA,NA,"Unspecified","Trade / business based","Animal workers incl. veterinary",NA,NA,151,"United Arab Emirates","an open-air animal market and public slaughterhouse in Abu Dhabi",23,"03","2015","13","05","2015",NA,NA,NA,NA,FALSE,FALSE,NA,"Seroprevalence",NA,NA,NA
"1914669aa5e3070d8e3635a2b462f406","e5348bfcdfcf9080aeef8ae34441bf81",12702,"MERS-CoV","Seroprevalence - Unspecified",17,0,"Percentage (%)",NA,NA,"Unspecified",NA,NA,NA,NA,NA,NA,NA,NA,NA,NA,NA,NA,NA,NA,FALSE,"Unspecified",NA,NA,NA,FALSE,NA,NA,NA,NA,NA,NA,"Unspecified","Trade / business based","Animal workers incl. veterinary",NA,NA,235,"United Arab Emirates","an open-air animal market;  public slaughterhouse;  and the newly opened commercial slaughterhouse in Abu Dhabi",22,"09","2016","23","03","2017",NA,NA,NA,NA,FALSE,FALSE,NA,"Seroprevalence",NA,NA,NA
"1914669aa5e3070d8e3635a2b462f406","fb4913494e13610cb4c47ff76d7bc93d",12702,"MERS-CoV","Risk factors",NA,0,NA,NA,NA,"Unspecified",NA,NA,NA,NA,NA,NA,NA,NA,NA,NA,NA,NA,NA,NA,FALSE,"Unspecified",NA,NA,"Occupation",TRUE,FALSE,"Serology","Comorbidity,Occupation,Camel contact (work),Other","Other","Significant","Not adjusted","Unspecified","Trade / business based","Animal workers incl. veterinary",NA,NA,235,"United Arab Emirates","an open-air animal market;  public slaughterhouse;  and the newly opened commercial slaughterhouse in Abu Dhabi",22,"09","2016","23","03","2017",NA,NA,NA,NA,FALSE,FALSE,NA,"Risk factors",NA,NA,NA
"1914669aa5e3070d8e3635a2b462f406","d457fcdafa45526dddf986281c058c2f",12702,"MERS-CoV","Risk factors",NA,0,NA,NA,NA,"Unspecified",NA,NA,NA,NA,NA,NA,NA,NA,NA,NA,NA,NA,NA,NA,FALSE,"Unspecified",NA,NA,"Occupation",TRUE,FALSE,"Serology","Comorbidity,Occupation,Consumption of animal product,Other","Other","Not significant","Not adjusted","Unspecified","Trade / business based","Animal workers incl. veterinary",NA,NA,235,"United Arab Emirates","an open-air animal market;  public slaughterhouse;  and a newly opened commercial slaughterhouse in Abu Dhabi",22,"09","2016","23","03","2017",NA,NA,NA,NA,FALSE,FALSE,NA,"Risk factors",NA,NA,NA
"1914669aa5e3070d8e3635a2b462f406","6ed9c2543db98633031cb03f958e5e56",12702,"MERS-CoV","Risk factors",NA,0,NA,NA,NA,"Unspecified",NA,NA,NA,NA,NA,NA,NA,NA,NA,NA,NA,NA,NA,NA,FALSE,"Unspecified",NA,NA,NA,FALSE,NA,"Serology","Camel contact (work),Other",NA,"Significant","Not adjusted","Unspecified","Trade / business based","Animal workers incl. veterinary",NA,NA,235,"United Arab Emirates","an open-air animal market;  public slaughterhouse;  and a newly opened commercial slaughterhouse in Abu Dhabi",22,"09","2016","23","03","2017",NA,NA,NA,NA,FALSE,FALSE,NA,"Risk factors",NA,NA,NA
"1914669aa5e3070d8e3635a2b462f406","e62940d9fd6e1547f8c81db37cb7eae3",12702,"MERS-CoV","Risk factors",NA,0,NA,NA,NA,"Unspecified",NA,NA,NA,NA,NA,NA,NA,NA,NA,NA,NA,NA,NA,NA,FALSE,"Unspecified",NA,NA,NA,FALSE,NA,"Serology","Other",NA,"Not significant","Not adjusted","Unspecified","Trade / business based","Animal workers incl. veterinary",NA,NA,235,"United Arab Emirates","an open-air animal market;  public slaughterhouse;  and a newly opened commercial slaughterhouse in Abu Dhabi",22,"09","2016","23","03","2017",NA,NA,NA,NA,FALSE,FALSE,NA,"Risk factors",NA,NA,NA
"1914669aa5e3070d8e3635a2b462f406","c6a7dc960f8c588bbfe3f21d85ff8a90",12702,"MERS-CoV","Risk factors",NA,0,NA,NA,NA,"Unspecified",NA,NA,NA,NA,NA,NA,NA,NA,NA,NA,NA,NA,NA,NA,FALSE,"Unspecified",NA,NA,NA,FALSE,NA,"Serology","Camel contact (work),Other",NA,"Not significant","Not adjusted","Unspecified","Trade / business based","Animal workers incl. veterinary",NA,NA,235,"United Arab Emirates","an open-air animal market;  public slaughterhouse;  and a newly opened commercial slaughterhouse in Abu Dhabi",22,"09","2016","23","03","2017",NA,NA,NA,NA,FALSE,FALSE,NA,"Risk factors",NA,NA,NA
"1914669aa5e3070d8e3635a2b462f406","ca75932dfac468656b3dada2669cf590",12702,"MERS-CoV","Risk factors",NA,0,NA,NA,NA,"Unspecified",NA,NA,NA,NA,NA,NA,NA,NA,NA,NA,NA,NA,NA,NA,FALSE,"Unspecified",NA,NA,NA,FALSE,NA,"Serology","Comorbidity,Occupation,Camel contact (home)","Other","Significant","Adjusted","Unspecified","Trade / business based","Animal workers incl. veterinary",NA,NA,235,"United Arab Emirates","an open-air animal market;  public slaughterhouse;  and a newly opened commercial slaughterhouse in Abu Dhabi",22,"09","2016","23","03","2017",NA,NA,NA,NA,FALSE,FALSE,NA,"Risk factors",NA,NA,NA
"1914669aa5e3070d8e3635a2b462f406","722ae1dbf99028352bcff6dbe5988054",12702,"MERS-CoV","Risk factors",NA,0,NA,NA,NA,"Unspecified",NA,NA,NA,NA,NA,NA,NA,NA,NA,NA,NA,NA,NA,NA,FALSE,"Unspecified",NA,NA,NA,FALSE,NA,"Serology","Comorbidity,Camel contact (work),Other",NA,"Significant","Adjusted","Unspecified","Trade / business based","Animal workers incl. veterinary",NA,NA,235,"United Arab Emirates","an open-air animal market;  public slaughterhouse;  and a newly opened commercial slaughterhouse in Abu Dhabi",22,"09","2016","23","03","2017",NA,NA,NA,NA,FALSE,FALSE,NA,"Risk factors",NA,NA,NA
"1a151f7f2f6de3ac1be42edf88373e2a","57bcbae677665fff8bbf4b27c2169d80",13554,"MERS-CoV","Human delay - symptom onset>admission to care",1,0,"Days",NA,NA,"Median",NA,NA,NA,NA,NA,NA,NA,NA,NA,NA,NA,NA,NA,NA,FALSE,"Unspecified",NA,NA,NA,FALSE,NA,NA,NA,NA,NA,NA,"Both","Hospital based","Persons with symptoms",36,83,12,"Saudi Arabia","King Abdulaziz Hospital;  Al-Ahsa; King Abdulaziz Medical City;  Riyadh.",NA,"12","2012",NA,"08","2013",NA,NA,NA,NA,FALSE,FALSE,NA,"Human delay",NA,NA,NA
"1a151f7f2f6de3ac1be42edf88373e2a","bfd3ee95adece803a28ce6afdc62e19c",13554,"MERS-CoV","Human delay - other human delay (go to section)",2,0,"Days",NA,NA,"Median",NA,NA,NA,NA,NA,NA,NA,NA,NA,NA,NA,NA,NA,NA,FALSE,"Unspecified",NA,NA,NA,FALSE,NA,NA,NA,NA,NA,NA,"Both","Hospital based","Persons with symptoms",36,83,12,"Saudi Arabia","King Abdulaziz Hospital;  Al-Ahsa; King Abdulaziz Medical City;  Riyadh.",NA,"12","2012",NA,"08","2013",NA,NA,"Symptom onset","Admission to Critical Care/ICU",FALSE,FALSE,NA,"Human delay",NA,NA,NA
"1a151f7f2f6de3ac1be42edf88373e2a","8f4fc41fbfb9c9bb7c0ff87dcc7643bf",13554,"MERS-CoV","Human delay - other human delay (go to section)",4.5,0,"Days",NA,NA,"Median",NA,NA,NA,NA,NA,NA,NA,NA,NA,NA,NA,NA,NA,NA,FALSE,"Unspecified",NA,NA,NA,FALSE,NA,NA,NA,NA,NA,NA,"Both","Hospital based","Persons with symptoms",36,83,12,"Saudi Arabia","King Abdulaziz Hospital;  Al-Ahsa; King Abdulaziz Medical City;  Riyadh.",NA,"12","2012",NA,"08","2013",NA,NA,"Symptom onset","Intubation",FALSE,FALSE,NA,"Human delay",NA,NA,NA
"1a151f7f2f6de3ac1be42edf88373e2a","4508e8ab508a5a41502f7a1df37c8722",13554,"MERS-CoV","Human delay - time in care (length of stay)",41,0,"Days",NA,NA,"Median",NA,NA,NA,NA,NA,NA,NA,NA,NA,NA,NA,NA,NA,NA,FALSE,"Unspecified",NA,NA,NA,NA,NA,NA,NA,NA,NA,NA,"Both","Hospital based","Persons with symptoms",36,83,11,"Saudi Arabia","King Abdulaziz Hospital;  Al-Ahsa; King Abdulaziz Medical City;  Riyadh.",NA,"12","2012",NA,"08","2013",NA,NA,NA,NA,FALSE,FALSE,NA,"Human delay",NA,NA,NA
"1a151f7f2f6de3ac1be42edf88373e2a","9ad7b14c50683e830179507446757a63",13554,"MERS-CoV","Human delay - other human delay (go to section)",30,0,"Days",NA,NA,"Median",NA,NA,NA,NA,NA,NA,NA,NA,NA,NA,NA,NA,NA,NA,FALSE,"Unspecified",NA,NA,NA,FALSE,NA,NA,NA,NA,NA,NA,"Both","Hospital based","Persons with symptoms",36,83,11,"Saudi Arabia","King Abdulaziz Hospital;  Al-Ahsa; King Abdulaziz Medical City;  Riyadh.",NA,"12","2012",NA,"08","2013",NA,NA,"Admission to ICU","Discharge from Critical Care/ICU",FALSE,FALSE,NA,"Human delay",NA,NA,NA
"1a151f7f2f6de3ac1be42edf88373e2a","7075e5904a858389f2178f3aea339267",13554,"MERS-CoV","Human delay - other human delay (go to section)",16,0,"Days",NA,NA,"Median",NA,NA,NA,NA,NA,NA,NA,NA,NA,NA,NA,NA,NA,NA,FALSE,"Unspecified",NA,NA,NA,FALSE,NA,NA,NA,NA,NA,NA,"Both","Hospital based","Persons with symptoms",36,83,11,"Saudi Arabia","King Abdulaziz Hospital;  Al-Ahsa; King Abdulaziz Medical City;  Riyadh.",NA,"12","2012",NA,"08","2013",NA,NA,"Start of mechanical ventilation","End of mechanical ventilation",FALSE,FALSE,NA,"Human delay",NA,NA,NA
"2466cddafc585e0114fca358279e961b","704f9a01226de4f508e9053633a5c32a",13613,"MERS-CoV","Severity - case fatality ratio (CFR)",20,0,"Percentage (%)",NA,NA,"Unspecified",NA,NA,NA,NA,NA,55,281,NA,NA,NA,NA,NA,NA,NA,FALSE,"Unspecified","Naive",NA,NA,FALSE,NA,NA,NA,NA,NA,NA,"Both","Unspecified","Unspecified",NA,NA,281,"Saudi Arabia",NA,23,"04","2012","07","06","2014",NA,NA,NA,NA,FALSE,FALSE,NA,"Severity",NA,NA,NA
"2466cddafc585e0114fca358279e961b","ba0c9d234decf3ad2aa32a0bee0851e8",13613,"MERS-CoV","Risk factors",NA,0,NA,NA,NA,"Unspecified",NA,NA,NA,NA,NA,NA,NA,NA,NA,NA,NA,NA,NA,NA,FALSE,"Unspecified",NA,NA,NA,FALSE,NA,"Death","Age,Comorbidity,Other",NA,"Significant","Not adjusted","Both","Unspecified","Unspecified",NA,NA,281,"Saudi Arabia",NA,23,"04","2012","07","06","2014",NA,NA,NA,NA,FALSE,FALSE,NA,"Risk factors",NA,NA,NA
"2466cddafc585e0114fca358279e961b","ddd11e58db237c425a3ba4d08df92821",13613,"MERS-CoV","Risk factors",NA,0,NA,NA,NA,"Unspecified",NA,NA,NA,NA,NA,NA,NA,NA,NA,NA,NA,NA,NA,NA,NA,"Unspecified",NA,NA,NA,FALSE,NA,"Death","Sex,Other",NA,"Not significant","Not adjusted","Both","Unspecified","Unspecified",NA,NA,281,"Saudi Arabia",NA,23,"04","2012","07","06","2014",NA,NA,NA,NA,FALSE,FALSE,NA,"Risk factors",NA,NA,NA
"3deeb478f371d933d4eefad2ef6e28c2","6cdca82ba482ff6d29ce30c15e65c929",13642,"MERS-CoV","Human delay - other human delay (go to section)",8,0,"Days",NA,NA,"Median",NA,NA,NA,NA,NA,NA,NA,NA,NA,NA,NA,NA,NA,NA,FALSE,NA,NA,NA,NA,FALSE,NA,NA,NA,NA,NA,NA,"Unspecified","Unspecified","Unspecified",NA,NA,NA,"Bahrain; Kuwait; Qatar; Saudi Arabia; United Arab Emirates; Yemen",NA,NA,"06","2012",NA,"07","2017",NA,NA,"Case observation","Reporting by official entities",FALSE,FALSE,NA,"Human delay",NA,NA,NA
"3deeb478f371d933d4eefad2ef6e28c2","dbe524fe339e27cc5ceeb6bc2d95179d",13642,"MERS-CoV","Reproduction number (Effective, Re) - Human",NA,0,"No units",1.191,16.79,"Unspecified",NA,NA,NA,NA,NA,NA,NA,NA,NA,NA,NA,NA,NA,NA,FALSE,NA,NA,"Branching process","Region; Time",TRUE,TRUE,NA,NA,NA,NA,NA,"Unspecified","Unspecified","Unspecified",NA,NA,NA,"Bahrain; Kuwait; Qatar; Saudi Arabia; United Arab Emirates; Yemen","Eastern province;  Riyadh;  and Makkah in Saudi Arabia and combined Gulf Cooperative Council countries",NA,"06","2012",NA,"07","2017",NA,NA,NA,NA,FALSE,FALSE,"Unspecified","Reproduction number","1.191 - 16.79",NA,NA
"723f29c53eb27ca12d102d32c788170b","33f8fdb0a8d5bd80654112149ecb20f1",13986,"MERS-CoV","Human delay - other human delay (go to section)",NA,0,"Days",3,8,"Median",NA,NA,NA,NA,NA,NA,NA,NA,NA,NA,NA,NA,NA,NA,TRUE,"Unspecified",NA,NA,"Region; Other",TRUE,FALSE,NA,NA,NA,NA,NA,"Both","Unspecified","Mixed groups",NA,NA,2450,"Algeria; Austria; Bahrain; China; Egypt; France; Germany; Greece; Iran (Islamic Republic of); Italy; Jordan; Kuwait; Lebanon; Malaysia; Netherlands; Oman; Philippines; Qatar; Republic of Korea; Saudi Arabia; Thailand; Tunisia; Türkiye; United Arab Emirates; United Kingdom of Great Britain and Northern Ireland; United States of America; Yemen",NA,NA,"09","2012",NA,"06","2020",NA,NA,"Disease onset","Diagnosis/test result",FALSE,FALSE,NA,"Human delay","3 - 8",NA,NA
"723f29c53eb27ca12d102d32c788170b","fc8a82700724a2f509cb5668e92e69a3",13986,"MERS-CoV","Human delay - symptom onset>death",NA,0,"Days",9,21.5,"Median",NA,NA,NA,NA,NA,NA,NA,NA,NA,NA,NA,NA,NA,NA,TRUE,"Unspecified",NA,NA,"Region; Other",TRUE,FALSE,NA,NA,NA,NA,NA,"Both","Unspecified","Mixed groups",NA,NA,2450,"Algeria; Austria; Bahrain; China; Egypt; France; Germany; Greece; Iran (Islamic Republic of); Italy; Jordan; Kuwait; Lebanon; Malaysia; Netherlands; Oman; Philippines; Qatar; Republic of Korea; Saudi Arabia; Thailand; Tunisia; Türkiye; United Arab Emirates; United Kingdom of Great Britain and Northern Ireland; United States of America; Yemen",NA,NA,"09","2012",NA,"06","2020",NA,NA,NA,NA,FALSE,FALSE,NA,"Human delay","9 - 21.5",NA,NA
"723f29c53eb27ca12d102d32c788170b","60d34bc187911cae257e137a5d7a55a0",13986,"MERS-CoV","Severity - asymptomatic proportion of infections",NA,0,"Percentage (%)",1.4,20.4,"Unspecified",NA,NA,NA,NA,NA,NA,NA,NA,NA,NA,NA,NA,NA,NA,TRUE,"Unspecified",NA,NA,"Region; Other",TRUE,FALSE,NA,NA,NA,NA,NA,"Both","Unspecified","Mixed groups",NA,NA,2450,"Algeria; Austria; Bahrain; China; Egypt; France; Germany; Greece; Iran (Islamic Republic of); Italy; Jordan; Kuwait; Lebanon; Malaysia; Netherlands; Oman; Philippines; Qatar; Republic of Korea; Saudi Arabia; Thailand; Tunisia; Türkiye; United Arab Emirates; United Kingdom of Great Britain and Northern Ireland; United States of America; Yemen",NA,NA,"09","2012",NA,"06","2020",NA,NA,NA,NA,FALSE,FALSE,NA,"Severity","1.4 - 20.4",NA,NA
"723f29c53eb27ca12d102d32c788170b","ff27c9b6e46412b361eeb2de521d52a3",13986,"MERS-CoV","Severity - case fatality ratio (CFR)",NA,0,"Percentage (%)",16.1,35.1,"Unspecified",NA,NA,NA,NA,NA,NA,NA,NA,NA,NA,NA,NA,NA,NA,TRUE,"Unspecified","Unspecified",NA,"Region; Other",TRUE,FALSE,NA,NA,NA,NA,NA,"Both,Unspecified","Unspecified","Mixed groups",NA,NA,2450,"Algeria; Austria; Bahrain; China; Egypt; France; Germany; Greece; Iran (Islamic Republic of); Italy; Jordan; Kuwait; Lebanon; Malaysia; Netherlands; Oman; Philippines; Qatar; Republic of Korea; Saudi Arabia; Thailand; Tunisia; Türkiye; United Arab Emirates; United Kingdom of Great Britain and Northern Ireland; United States of America; Yemen",NA,NA,"09","2012",NA,"06","2020",NA,NA,NA,NA,FALSE,FALSE,NA,"Severity","16.1 - 35.1",NA,NA
"723f29c53eb27ca12d102d32c788170b","23937eafdbee4a1156a290c14da26261",13986,"MERS-CoV","Risk factors",NA,0,NA,NA,NA,"Unspecified",NA,NA,NA,NA,NA,NA,NA,NA,NA,NA,NA,NA,NA,NA,FALSE,"Unspecified",NA,NA,"Age; Sex; Other",TRUE,FALSE,"Death","Age,Contact with animal,Comorbidity,Occupation,Sex,Other","Healthcare","Significant","Not adjusted","Both","Unspecified","Mixed groups",NA,NA,2450,"Algeria; Austria; Bahrain; China; Egypt; France; Germany; Greece; Iran (Islamic Republic of); Italy; Jordan; Kuwait; Lebanon; Malaysia; Netherlands; Oman; Philippines; Qatar; Republic of Korea; Saudi Arabia; Thailand; Tunisia; Türkiye; United Arab Emirates; United Kingdom of Great Britain and Northern Ireland; United States of America; Yemen",NA,NA,"09","2012",NA,"06","2020",NA,NA,NA,NA,FALSE,FALSE,NA,"Risk factors",NA,NA,NA
"723f29c53eb27ca12d102d32c788170b","ed1671cc70490a498163280b9640b115",13986,"MERS-CoV","Risk factors",NA,0,NA,NA,NA,"Unspecified",NA,NA,NA,NA,NA,NA,NA,NA,NA,NA,NA,NA,NA,NA,FALSE,"Unspecified",NA,NA,"Age; Sex; Other",TRUE,FALSE,"Death","Age,Contact with animal,Comorbidity,Occupation,Other","Healthcare","Significant","Adjusted","Both","Unspecified","Mixed groups",NA,NA,2450,"Algeria; Austria; Bahrain; China; Egypt; France; Germany; Greece; Iran (Islamic Republic of); Italy; Jordan; Kuwait; Lebanon; Malaysia; Netherlands; Oman; Philippines; Qatar; Republic of Korea; Saudi Arabia; Thailand; Tunisia; Türkiye; United Arab Emirates; United Kingdom of Great Britain and Northern Ireland; United States of America; Yemen",NA,NA,"09","2012",NA,"06","2020",NA,NA,NA,NA,FALSE,FALSE,NA,"Risk factors",NA,NA,NA
"723f29c53eb27ca12d102d32c788170b","d6ce6f4d438fb41b3113fd3c2565465b",13986,"MERS-CoV","Risk factors",NA,0,NA,NA,NA,"Unspecified",NA,NA,NA,NA,NA,NA,NA,NA,NA,NA,NA,NA,NA,NA,FALSE,"Unspecified",NA,NA,"Age; Sex; Other",TRUE,FALSE,"Death","Sex",NA,"Not significant","Adjusted","Both","Unspecified","Mixed groups",NA,NA,2450,"Algeria; Austria; Bahrain; China; Egypt; France; Germany; Greece; Iran (Islamic Republic of); Italy; Jordan; Kuwait; Lebanon; Malaysia; Netherlands; Oman; Philippines; Qatar; Republic of Korea; Saudi Arabia; Thailand; Tunisia; Türkiye; United Arab Emirates; United Kingdom of Great Britain and Northern Ireland; United States of America; Yemen",NA,NA,"09","2012",NA,"06","2020",NA,NA,NA,NA,FALSE,FALSE,NA,"Risk factors",NA,NA,NA
"4b4b3b3c3c7ad96622ee87973694c30b","58da2352e4a0942cc6bbfb31b6c064f7",13989,"MERS-CoV","Severity - case fatality ratio (CFR)",31,0,"Percentage (%)",NA,NA,"Unspecified",NA,NA,NA,NA,NA,4,13,NA,NA,NA,NA,NA,NA,NA,FALSE,"Start outbreak","Naive",NA,NA,FALSE,NA,NA,NA,NA,NA,NA,"Both","Mixed settings","Persons under investigation",30,77,13,"Oman","North Al Batinah; South Ash Sharqiyah",23,"01","2019","16","02","2019",NA,NA,NA,NA,FALSE,FALSE,NA,"Severity",NA,NA,NA
"4b4b3b3c3c7ad96622ee87973694c30b","e792981da9f0d0df551e9404436193e3",13989,"MERS-CoV","Severity - symptomatic proportion of infections",15,0,"Percentage (%)",NA,NA,"Unspecified",NA,NA,NA,NA,NA,NA,NA,NA,NA,NA,NA,NA,NA,NA,FALSE,"Start outbreak",NA,NA,NA,FALSE,NA,NA,NA,NA,NA,NA,"Both","Mixed settings","Persons under investigation",30,77,13,"Oman","North Al Batinah; South Ash Sharqiyah",23,"01","2019","16","02","2019",NA,NA,NA,NA,FALSE,FALSE,NA,"Severity",NA,NA,NA
"4b4b3b3c3c7ad96622ee87973694c30b","33b38039b5a88e25a56ba74334c7e3bd",13989,"MERS-CoV","Severity - symptomatic proportion of infections",85,0,"Percentage (%)",NA,NA,"Unspecified",NA,NA,NA,NA,NA,NA,NA,NA,NA,NA,NA,NA,NA,NA,FALSE,"Start outbreak",NA,NA,NA,NA,NA,NA,NA,NA,NA,NA,"Both","Mixed settings","Persons under investigation",30,77,13,"Oman","North Al Batinah; South Ash Sharqiyah",23,"01","2019","16","02","2019",NA,NA,NA,NA,FALSE,FALSE,NA,"Severity",NA,NA,NA
"4b4b3b3c3c7ad96622ee87973694c30b","e2170974410063dc9876707f388596b4",13989,"MERS-CoV","Human delay - symptom onset>admission to care",4,0,"Days",NA,NA,"Median",NA,NA,NA,NA,NA,NA,NA,NA,NA,NA,NA,NA,NA,NA,FALSE,"Start outbreak",NA,NA,NA,FALSE,NA,NA,NA,NA,NA,NA,"Both","Mixed settings","Persons under investigation",30,77,13,"Oman","North Al Batinah; South Ash Sharqiyah",23,"01","2019","16","02","2019",NA,NA,NA,NA,FALSE,FALSE,NA,"Human delay",NA,NA,NA
"4b4b3b3c3c7ad96622ee87973694c30b","210752dee821dbb26100b3dc1b3d60b1",13989,"MERS-CoV","Human delay - other human delay (go to section)",12,0,"Days",NA,NA,"Median",NA,NA,NA,NA,NA,NA,NA,NA,NA,NA,NA,NA,NA,NA,FALSE,"Start outbreak",NA,NA,NA,NA,NA,NA,NA,NA,NA,NA,"Both","Mixed settings","Persons under investigation",30,77,13,"Oman","North Al Batinah; South Ash Sharqiyah",23,"01","2019","16","02","2019",NA,NA,"Hospitalisation","case notification",FALSE,FALSE,NA,"Human delay",NA,NA,NA
"4b4b3b3c3c7ad96622ee87973694c30b","6f98dabc0e56b62f10f7587e9ddefa64",13989,"MERS-CoV","Human delay - symptom onset>admission to care",4,0,"Days",NA,NA,"Mean",NA,NA,NA,NA,NA,NA,NA,NA,NA,NA,NA,NA,NA,NA,NA,"Start outbreak",NA,NA,NA,NA,NA,NA,NA,NA,NA,NA,"Both","Mixed settings","Persons under investigation",30,77,13,"Oman","North Al Batinah; South Ash Sharqiyah",23,"01","2019","16","02","2019",NA,NA,NA,NA,FALSE,FALSE,NA,"Human delay",NA,NA,NA
"2a3b8531874b9c463bf866b51a30ce4a","43ea9241b2a09e0207bfa2375c607b54",14021,"MERS-CoV","Risk factors",NA,0,NA,NA,NA,"Unspecified",NA,NA,NA,NA,NA,NA,NA,NA,NA,NA,NA,NA,NA,NA,TRUE,"Unspecified",NA,NA,NA,FALSE,NA,"Serology","Age,Occupation,Sex,Camel contact (work),Consumption of animal product","Abattoir services/butchery","Not significant","Not adjusted","Both","Trade / business based","Abattoir workers",NA,NA,37,"Kenya","Isiolo Camel Slaughterhouse",NA,"10","2016",NA,"11","2016",NA,NA,NA,NA,FALSE,FALSE,NA,"Risk factors",NA,NA,NA
"2a3b8531874b9c463bf866b51a30ce4a","a151f6febc274f528f94f174e25d9632",14021,"MERS-CoV","Risk factors",NA,0,NA,NA,NA,"Unspecified",NA,NA,NA,NA,NA,NA,NA,NA,NA,NA,NA,NA,NA,NA,TRUE,"Unspecified",NA,NA,NA,FALSE,NA,"Serology","Consumption of animal product",NA,"Significant","Not adjusted","Both","Trade / business based","Abattoir workers",NA,NA,37,"Kenya","Isiolo Camel Slaughterhouse",NA,"10","2016",NA,"11","2016",NA,NA,NA,NA,FALSE,FALSE,NA,"Risk factors",NA,NA,NA
"2a3b8531874b9c463bf866b51a30ce4a","55bf5ff1dbae247438c8a349b94b21b0",14021,"MERS-CoV","Seroprevalence - Unspecified",8.6,0,"Percentage (%)",8.6,8.6,"Unspecified",NA,NA,NA,NA,NA,8,93,NA,NA,NA,NA,NA,NA,NA,FALSE,"Unspecified","Unspecified",NA,"Occupation",TRUE,FALSE,NA,NA,NA,NA,NA,"Both","Trade / business based","Abattoir workers",17,73,93,"Kenya","Isiolo;  Laikipia and Machakos camel slaughterhouses",NA,"10","2016",NA,"11","2016",NA,NA,NA,NA,FALSE,FALSE,NA,"Seroprevalence","8.6 - 8.6",NA,NA
"2a3b8531874b9c463bf866b51a30ce4a","328825878fddaf97c7cac0892b92f0a7",14021,"MERS-CoV","Seroprevalence - Unspecified",5.4,0,"Percentage (%)",2.9,6.8,"Unspecified",NA,NA,NA,NA,NA,5,93,NA,NA,NA,NA,NA,NA,NA,FALSE,"Unspecified","Unspecified",NA,"Occupation",TRUE,NA,NA,NA,NA,NA,NA,"Both","Trade / business based","Abattoir workers",17,73,93,"Kenya","Isiolo;  Laikipia and Machakos camel slaughterhouses",NA,"10","2016",NA,"11","2016",NA,NA,NA,NA,FALSE,FALSE,NA,"Seroprevalence","2.9 - 6.8",NA,NA
"2a3b8531874b9c463bf866b51a30ce4a","8d5db8e09f5457254ebf6ccca3e8b32e",14021,"MERS-CoV","Seroprevalence - PRNT",NA,0,NA,NA,NA,"Unspecified",NA,NA,NA,NA,NA,4,21,NA,NA,NA,NA,NA,NA,NA,FALSE,"Unspecified","Unspecified",NA,"Method; Occupation; Region",TRUE,FALSE,NA,NA,NA,NA,NA,"Both","Trade / business based","Abattoir workers",NA,NA,21,"Kenya","Isiolo;  Laikipia and Machakos camel slaughterhouses",NA,"10","2016",NA,"11","2016",NA,NA,NA,NA,FALSE,FALSE,NA,"Seroprevalence",NA,NA,NA
"2a3b8531874b9c463bf866b51a30ce4a","eea16cade7707dad4074ac3cdb775bd9",14021,"MERS-CoV","Seroprevalence - PRNT",10.8,0,"Percentage (%)",NA,NA,"Unspecified",NA,NA,4.4,24.6,"95% CI",4,37,NA,NA,NA,NA,NA,NA,NA,FALSE,"Unspecified","Unspecified",NA,NA,FALSE,NA,NA,NA,NA,NA,NA,"Both","Trade / business based","Abattoir workers",NA,NA,37,"Kenya","Isiolo camel slaughterhouse",NA,"10","2016",NA,"11","2016",NA,NA,NA,NA,FALSE,FALSE,NA,"Seroprevalence",NA,"95% CI","4.4 - 24.6"
"bfd89e14cb25872a05674705bc26e611","6a69fe75569cc31efbf05af1df21ac9a",14029,"MERS-CoV","Seroprevalence - IgG",NA,0,"Percentage (%)",1.4,9,"Unspecified",NA,NA,NA,NA,NA,NA,NA,NA,NA,NA,NA,NA,NA,NA,FALSE,"Unspecified",NA,NA,"Method; Other",TRUE,TRUE,NA,NA,NA,NA,NA,"Both","Community based","Other",NA,NA,NA,"Jordan","Aqaba East;  Aqaba West;  Ma'an East and Ma'an West",27,"09","2025","11","10","2018",NA,NA,NA,NA,FALSE,FALSE,NA,"Seroprevalence","1.4 - 9",NA,NA
"bfd89e14cb25872a05674705bc26e611","49c72b824c4f46cecb1a56db134e3514",14029,"MERS-CoV","Seroprevalence - PRNT",0.1,0,"Percentage (%)",0,1,"Unspecified",NA,NA,0,0.5,"95% CI",NA,NA,NA,NA,NA,NA,NA,NA,NA,FALSE,"Unspecified",NA,NA,"Method; Other",TRUE,FALSE,NA,NA,NA,NA,NA,"Both","Community based","Other",NA,NA,879,"Jordan","Aqaba East;  Aqaba West;  Ma'an East and Ma'an West",27,"09","2025","11","10","2018",NA,NA,NA,NA,FALSE,FALSE,NA,"Seroprevalence","0 - 1","95% CI","0 - 0.5"
"bfd89e14cb25872a05674705bc26e611","d8938dd6c20feb6ed676d549fd937b5b",14029,"MERS-CoV","Seroprevalence - Unspecified",0.1,0,"Percentage (%)",0,1,"Unspecified",NA,NA,0,0.05,"95% CI",NA,NA,NA,NA,NA,NA,NA,NA,NA,FALSE,"Unspecified",NA,NA,"Method; Other",TRUE,FALSE,NA,NA,NA,NA,NA,"Both","Community based","Other",NA,NA,879,"Jordan","Aqaba East;  Aqaba West;  Ma'an East and Ma'an West",27,"09","2025","11","10","2018",NA,NA,NA,NA,FALSE,FALSE,NA,"Seroprevalence","0 - 1","95% CI","0 - 0.05"
"bfd89e14cb25872a05674705bc26e611","82e42209682bab8aa777d7924405944f",14029,"MERS-CoV","Risk factors",NA,0,NA,NA,NA,"Unspecified",NA,NA,NA,NA,NA,NA,NA,NA,NA,NA,NA,NA,NA,NA,FALSE,"Unspecified",NA,NA,NA,FALSE,NA,"Serology","Age,Comorbidity,Household contact,Camel contact (home),Camel contact (other)",NA,"Significant","Not adjusted","Both","Community based","Other",NA,NA,879,"Jordan","Aqaba East;  Aqaba West;  Ma'an East and Ma'an West",27,"09","2025","11","10","2018",NA,NA,NA,NA,FALSE,FALSE,NA,"Risk factors",NA,NA,NA
"bfd89e14cb25872a05674705bc26e611","27f21a00bfebfab499b5273452e90d52",14029,"MERS-CoV","Risk factors",NA,0,NA,NA,NA,"Unspecified",NA,NA,NA,NA,NA,NA,NA,NA,NA,NA,NA,NA,NA,NA,FALSE,"Unspecified",NA,NA,NA,FALSE,NA,"Serology","Comorbidity,Household contact,Occupation,Sex,Social gathering,Camel contact (home),Camel contact (other),Consumption of animal product,Other",NA,"Not significant","Not adjusted","Both","Community based","Other",NA,NA,879,"Jordan","Aqaba East;  Aqaba West;  Ma'an East and Ma'an West",27,"09","2025","11","10","2018",NA,NA,NA,NA,FALSE,FALSE,NA,"Risk factors",NA,NA,NA
"bfd89e14cb25872a05674705bc26e611","dc80de987e4340c701eee27f96c389ec",14029,"MERS-CoV","Risk factors",NA,0,NA,NA,NA,"Unspecified",NA,NA,NA,NA,NA,NA,NA,NA,NA,NA,NA,NA,NA,NA,FALSE,"Unspecified",NA,NA,NA,FALSE,NA,"Serology","Age,Comorbidity,Camel contact (home),Camel contact (other),Other",NA,"Significant","Not adjusted","Both","Community based","Other",NA,NA,879,"Jordan","Aqaba East;  Aqaba West;  Ma'an East and Ma'an West",27,"09","2025","11","10","2018",NA,NA,NA,NA,FALSE,FALSE,NA,"Risk factors",NA,NA,NA
"bfd89e14cb25872a05674705bc26e611","69ab17a6061b7308c3d205401efbdb31",14029,"MERS-CoV","Risk factors",NA,0,NA,NA,NA,"Unspecified",NA,NA,NA,NA,NA,NA,NA,NA,NA,NA,NA,NA,NA,NA,FALSE,"Unspecified",NA,NA,NA,FALSE,NA,"Serology","Comorbidity,Household contact,Sex,Social gathering,Camel contact (home),Camel contact (other),Consumption of animal product,Other",NA,"Not significant","Not adjusted","Both","Community based","Other",NA,NA,879,"Jordan","Aqaba East;  Aqaba West;  Ma'an East and Ma'an West",27,"09","2025","11","10","2018",NA,NA,NA,NA,FALSE,FALSE,NA,"Risk factors",NA,NA,NA
"bfd89e14cb25872a05674705bc26e611","9dc9486754b60afad11030e851797d5c",14029,"MERS-CoV","Risk factors",NA,0,NA,NA,NA,"Unspecified",NA,NA,NA,NA,NA,NA,NA,NA,NA,NA,NA,NA,NA,NA,FALSE,"Unspecified",NA,NA,"Method",TRUE,FALSE,"Serology","Age,Comorbidity,Camel contact (home),Camel contact (other),Other",NA,"Significant","Adjusted","Both","Community based","Other",NA,NA,879,"Jordan","Aqaba East;  Aqaba West;  Ma'an East and Ma'an West",27,"09","2025","11","10","2018",NA,NA,NA,NA,FALSE,FALSE,NA,"Risk factors",NA,NA,NA
"bfd89e14cb25872a05674705bc26e611","4d76c7f3e254f22543208b7a8f0aaf8d",14029,"MERS-CoV","Risk factors",NA,0,NA,NA,NA,"Unspecified",NA,NA,NA,NA,NA,NA,NA,NA,NA,NA,NA,NA,NA,NA,FALSE,"Unspecified",NA,NA,NA,FALSE,NA,"Serology","Comorbidity,Sex,Camel contact (home)",NA,"Not significant","Adjusted","Both","Community based","Other",NA,NA,879,"Jordan","Aqaba East;  Aqaba West;  Ma'an East and Ma'an West",27,"09","2025","11","10","2018",NA,NA,NA,NA,FALSE,FALSE,NA,"Risk factors",NA,NA,NA
"2180191d9007410aa3a3ccbe71450f30","2c7378ddab47ab721fc00269c0879d07",14057,"MERS-CoV","Severity - case fatality ratio (CFR)",32,0,"Percentage (%)",NA,NA,"Unspecified",NA,NA,NA,NA,NA,451,1408,NA,NA,NA,NA,NA,NA,NA,FALSE,"Unspecified","Naive",NA,"Region",TRUE,FALSE,NA,NA,NA,NA,NA,"Both","Population based","Persons under investigation",2,109,1408,NA,"Globally",23,"09","2012","18","06","2018",NA,NA,NA,NA,FALSE,FALSE,NA,"Severity",NA,NA,NA
"2180191d9007410aa3a3ccbe71450f30","143d74a46975c1421445d8d2a36383e7",14057,"MERS-CoV","Severity - case fatality ratio (CFR)",30,0,"Percentage (%)",NA,NA,"Unspecified",NA,NA,NA,NA,NA,352,1162,NA,NA,NA,NA,NA,NA,NA,FALSE,"Unspecified","Naive",NA,NA,FALSE,NA,NA,NA,NA,NA,NA,"Both","Population based","Persons under investigation",NA,NA,1162,"Saudi Arabia",NA,23,"09","2012","18","06","2018",NA,NA,NA,NA,FALSE,FALSE,NA,"Severity",NA,NA,NA
"2180191d9007410aa3a3ccbe71450f30","9cc2ad9b7ccf8fafab7fcc2d86a86bd2",14057,"MERS-CoV","Severity - case fatality ratio (CFR)",14,0,"Percentage (%)",NA,NA,"Unspecified",NA,NA,NA,NA,NA,8,57,NA,NA,NA,NA,NA,NA,NA,FALSE,"Unspecified","Naive",NA,NA,FALSE,NA,NA,NA,NA,NA,NA,"Both","Population based","Persons under investigation",NA,NA,57,"Republic of Korea",NA,23,"09","2012","18","06","2018",NA,NA,NA,NA,FALSE,FALSE,NA,"Severity",NA,NA,NA
"2180191d9007410aa3a3ccbe71450f30","7d7c040e5a3a12711d771efc66735114",14057,"MERS-CoV","Severity - case fatality ratio (CFR)",34,0,"Percentage (%)",NA,NA,"Unspecified",NA,NA,NA,NA,NA,8,23,NA,NA,NA,NA,NA,NA,NA,FALSE,"Unspecified","Naive",NA,NA,FALSE,NA,NA,NA,NA,NA,NA,"Both","Population based","Persons under investigation",NA,NA,23,"Qatar",NA,23,"09","2012","18","06","2018",NA,NA,NA,NA,FALSE,FALSE,NA,"Severity",NA,NA,NA
"2180191d9007410aa3a3ccbe71450f30","933bd2e986cb6a5c5b735391d66d148d",14057,"MERS-CoV","Severity - case fatality ratio (CFR)",36,0,"Percentage (%)",NA,NA,"Unspecified",NA,NA,NA,NA,NA,4,11,NA,NA,NA,NA,NA,NA,NA,FALSE,"Unspecified","Naive",NA,NA,FALSE,NA,NA,NA,NA,NA,NA,"Both","Population based","Persons under investigation",NA,NA,11,"Oman",NA,23,"09","2012","18","06","2018",NA,NA,NA,NA,FALSE,FALSE,NA,"Severity",NA,NA,NA
"2180191d9007410aa3a3ccbe71450f30","50799b326c0edf1e2b5b473a5f9d7dbb",14057,"MERS-CoV","Severity - case fatality ratio (CFR)",45,0,"Percentage (%)",NA,NA,"Unspecified",NA,NA,NA,NA,NA,36,80,NA,NA,NA,NA,NA,NA,NA,FALSE,"Unspecified","Naive",NA,NA,FALSE,NA,NA,NA,NA,NA,NA,"Both","Population based","Persons under investigation",NA,NA,80,"United Arab Emirates",NA,23,"09","2012","18","06","2018",NA,NA,NA,NA,FALSE,FALSE,NA,"Severity",NA,NA,NA
"2180191d9007410aa3a3ccbe71450f30","73e33bc6615e3faeff306696db50034c",14057,"MERS-CoV","Severity - case fatality ratio (CFR)",84,0,"Percentage (%)",NA,NA,"Unspecified",NA,NA,NA,NA,NA,22,26,NA,NA,NA,NA,NA,NA,NA,FALSE,"Unspecified","Naive",NA,NA,FALSE,NA,NA,NA,NA,NA,NA,"Both","Population based","Persons under investigation",NA,NA,26,"Jordan",NA,23,"09","2012","18","06","2018",NA,NA,NA,NA,FALSE,FALSE,NA,"Severity",NA,NA,NA
"2180191d9007410aa3a3ccbe71450f30","25f2130ac9d9a75bfde561d9d28444ba",14057,"MERS-CoV","Severity - case fatality ratio (CFR)",32.7,0,"Percentage (%)",NA,NA,"Unspecified",NA,NA,NA,NA,NA,431,1316,NA,NA,NA,NA,NA,NA,NA,FALSE,"Unspecified","Naive",NA,"Region",TRUE,FALSE,NA,NA,NA,NA,NA,"Both","Population based","Persons under investigation",NA,NA,1316,"Bahrain; Egypt; Iran (Islamic Republic of); Jordan; Kuwait; Lebanon; Oman; Qatar; Saudi Arabia; United Arab Emirates; Yemen","Middle East",23,"09","2012","18","06","2018",NA,NA,NA,NA,FALSE,FALSE,NA,"Severity",NA,NA,NA
"2180191d9007410aa3a3ccbe71450f30","86b2b5520eb389f358a8ab99b360f871",14057,"MERS-CoV","Severity - case fatality ratio (CFR)",14.2,0,"Percentage (%)",NA,NA,"Unspecified",NA,NA,NA,NA,NA,2,14,NA,NA,NA,NA,NA,NA,NA,FALSE,"Unspecified","Naive",NA,"Region",TRUE,FALSE,NA,NA,NA,NA,NA,"Both","Population based","Persons under investigation",NA,NA,14,"Austria; France; Germany; Greece; Italy; Netherlands; Spain; United Kingdom of Great Britain and Northern Ireland","Europe",23,"09","2012","18","06","2018",NA,NA,NA,NA,FALSE,FALSE,NA,"Severity",NA,NA,NA
"2180191d9007410aa3a3ccbe71450f30","1645e1a2d5c040f78c5f11cce624bc12",14057,"MERS-CoV","Severity - case fatality ratio (CFR)",18.3,0,"Percentage (%)",NA,NA,"Unspecified",NA,NA,NA,NA,NA,13,71,NA,NA,NA,NA,NA,NA,NA,FALSE,"Unspecified","Naive",NA,"Region",TRUE,FALSE,NA,NA,NA,NA,NA,"Both","Population based","Persons under investigation",NA,NA,71,"China; Malaysia; Philippines; Republic of Korea; Thailand; Türkiye","Asia",23,"09","2012","18","06","2018",NA,NA,NA,NA,FALSE,FALSE,NA,"Severity",NA,NA,NA
"2180191d9007410aa3a3ccbe71450f30","f8da7a58d0b855af4477e48a256e8156",14057,"MERS-CoV","Risk factors",NA,0,NA,NA,NA,"Unspecified",NA,NA,NA,NA,NA,NA,NA,NA,NA,NA,NA,NA,NA,NA,FALSE,"Unspecified",NA,NA,NA,FALSE,NA,"Death","Age,Comorbidity,Camel contact (other),Other",NA,"Significant","Not adjusted","Both","Population based","Persons under investigation",2,109,1408,NA,"Globally",23,"09","2012","18","06","2018",NA,NA,NA,NA,FALSE,FALSE,NA,"Risk factors",NA,NA,NA
"2180191d9007410aa3a3ccbe71450f30","248260757b41787b6455da4fa6231bed",14057,"MERS-CoV","Risk factors",NA,0,NA,NA,NA,"Unspecified",NA,NA,NA,NA,NA,NA,NA,NA,NA,NA,NA,NA,NA,NA,FALSE,"Unspecified",NA,NA,NA,FALSE,NA,"Death","Age,Comorbidity,Camel contact (other),Other",NA,"Significant","Adjusted","Both","Population based","Persons under investigation",2,109,1408,NA,"Globally",23,"09","2012","18","06","2018",NA,NA,NA,NA,FALSE,FALSE,NA,"Risk factors",NA,NA,NA
"2180191d9007410aa3a3ccbe71450f30","e86ea2e4cd42a31425be2bf4f09117c4",14057,"MERS-CoV","Risk factors",NA,0,NA,NA,NA,"Unspecified",NA,NA,NA,NA,NA,NA,NA,NA,NA,NA,NA,NA,NA,NA,NA,"Unspecified",NA,NA,NA,FALSE,NA,"Death","Occupation,Sex,Other","Healthcare","Not significant","Adjusted","Both","Population based","Persons under investigation",2,109,1408,NA,"Globally",23,"09","2012","18","06","2018",NA,NA,NA,NA,FALSE,FALSE,NA,"Risk factors",NA,NA,NA
"2180191d9007410aa3a3ccbe71450f30","30574d9f0a55baf1d41eeabbbb9fd728",14057,"MERS-CoV","Risk factors",NA,0,NA,NA,NA,"Unspecified",NA,NA,NA,NA,NA,NA,NA,NA,NA,NA,NA,NA,NA,NA,FALSE,"Unspecified",NA,NA,NA,FALSE,NA,"Death","Occupation,Sex,Other","Healthcare","Not significant","Not adjusted","Both","Population based","Persons under investigation",2,109,1408,NA,"Globally",23,"09","2012","18","06","2018",NA,NA,NA,NA,FALSE,FALSE,NA,"Risk factors",NA,NA,NA
"54980bcb4f737e6dceb1faa90ac811c2","06407231360bd6759091a87afe6c08ad",14066,"MERS-CoV","Severity - case fatality ratio (CFR)",20.2,0,"Percentage (%)",8.33,40.7,"Mean",NA,NA,NA,NA,NA,349,1733,NA,NA,NA,NA,NA,NA,NA,FALSE,"Unspecified","Naive",NA,"Age; Occupation; Sex; Time; Other",TRUE,FALSE,NA,NA,NA,NA,NA,"Both","Population based","Persons under investigation",1,109,1733,NA,"Global linelist",NA,"01","2013",NA,"01","2020",NA,NA,NA,NA,FALSE,FALSE,NA,"Severity","8.33 - 40.7",NA,NA
"54980bcb4f737e6dceb1faa90ac811c2","2e77a34cd2321215785b7ebe8d1e515c",14066,"MERS-CoV","Human delay - symptom onset>admission to care",4.3,0,"Days",1.38,6.3,"Mean",NA,NA,NA,NA,NA,NA,NA,NA,NA,NA,NA,NA,NA,NA,FALSE,"Unspecified",NA,NA,"Age; Occupation; Sex; Time",TRUE,FALSE,NA,NA,NA,NA,NA,"Both","Population based","Persons under investigation",1,109,1733,NA,"Global linelist",NA,"01","2013",NA,"01","2020",NA,NA,NA,NA,FALSE,FALSE,NA,"Human delay","1.38 - 6.3",NA,NA
"54980bcb4f737e6dceb1faa90ac811c2","d396e24991c17d61f7b0bb9c3725fb07",14066,"MERS-CoV","Human delay - other human delay (go to section)",3.5,0,"Days",1.3,7.8,"Mean",NA,NA,NA,NA,NA,NA,NA,NA,NA,NA,NA,NA,NA,NA,FALSE,"Unspecified",NA,NA,"Occupation; Sex; Time",TRUE,FALSE,NA,NA,NA,NA,NA,"Both","Population based","Persons under investigation",1,109,1733,NA,"Global linelist",NA,"01","2013",NA,"01","2020",NA,NA,"Admission","Diagnosis/test result",FALSE,FALSE,NA,"Human delay","1.3 - 7.8",NA,NA
"54980bcb4f737e6dceb1faa90ac811c2","c448979deae6f0961804d4bb34bfc2ec",14066,"MERS-CoV","Risk factors",NA,0,NA,NA,NA,"Unspecified",NA,NA,NA,NA,NA,NA,NA,NA,NA,NA,NA,NA,NA,NA,FALSE,"Unspecified",NA,NA,NA,FALSE,NA,"Death","Close contact,Comorbidity,Occupation,Camel contact (other),Consumption of animal product","Healthcare","Significant","Not adjusted","Both","Population based","Persons under investigation",NA,NA,NA,NA,"Global linelist",NA,"01","2013",NA,"01","2020",NA,NA,NA,NA,FALSE,FALSE,NA,"Risk factors",NA,NA,NA
"e6582a4b78bc59f9c5d386cfd1c30ed7","b47c7cd3fe9c34bf3890b0fbedea2d03",14076,"MERS-CoV","Human delay - other human delay (go to section)",5,0,"Days",NA,NA,"Median",NA,NA,NA,NA,NA,NA,NA,NA,NA,NA,NA,NA,NA,NA,FALSE,"Unspecified",NA,NA,NA,FALSE,NA,NA,NA,NA,NA,NA,"Both","Unspecified","Persons under investigation",10,90,266,NA,"Global linelist",2,"01","2017","16","05","2018",NA,NA,"Symptom onset","Diagnosis/test result",FALSE,FALSE,NA,"Human delay",NA,NA,NA
"e6582a4b78bc59f9c5d386cfd1c30ed7","9b32952adfdc7f6640031c36d71ad4fd",14076,"MERS-CoV","Human delay - symptom onset>admission to care",4,0,"Days",NA,NA,"Median",NA,NA,NA,NA,NA,NA,NA,NA,NA,NA,NA,NA,NA,NA,FALSE,"Unspecified",NA,NA,NA,FALSE,NA,NA,NA,NA,NA,NA,"Both","Unspecified","Persons under investigation",10,90,266,NA,"Global linelist",2,"01","2017","16","05","2018",NA,NA,NA,NA,FALSE,FALSE,NA,"Human delay",NA,NA,NA
"e6582a4b78bc59f9c5d386cfd1c30ed7","87cf01c64a43592e7ef2d32eb2820d97",14076,"MERS-CoV","Human delay - other human delay (go to section)",2,0,"Days",NA,NA,"Median",NA,NA,NA,NA,NA,NA,NA,NA,NA,NA,NA,NA,NA,NA,FALSE,"Unspecified",NA,NA,NA,NA,NA,NA,NA,NA,NA,NA,"Both","Unspecified","Persons under investigation",10,90,266,NA,"Global linelist",2,"01","2017","16","05","2018",NA,NA,"Hospitalization","Diagnosis/test result",FALSE,FALSE,NA,"Human delay",NA,NA,NA
"91bb0061d5d35b65721416d751b3a98c","34d1577459aefecbe24d3bb64203185e",14082,"MERS-CoV","Seroprevalence - Unspecified",NA,0,NA,NA,NA,"Unspecified",NA,NA,NA,NA,NA,49,91,NA,NA,NA,NA,NA,NA,NA,FALSE,"Unspecified","Naive",NA,NA,FALSE,NA,NA,NA,NA,NA,NA,"Both","Community based","Animal workers incl. veterinary",8,76,91,"Pakistan","Bahawalnagar and Bahawalpur districts;  Cholistan",NA,NA,"2017",NA,NA,"2019",NA,NA,NA,NA,FALSE,FALSE,NA,"Seroprevalence",NA,NA,NA
"91bb0061d5d35b65721416d751b3a98c","ec77790ac5e90e672f62f68f8dca27d9",14082,"MERS-CoV","Seroprevalence - PRNT",NA,0,NA,NA,NA,"Unspecified",NA,NA,NA,NA,NA,12,91,NA,NA,NA,NA,NA,NA,NA,FALSE,"Unspecified","Naive",NA,NA,FALSE,NA,NA,NA,NA,NA,NA,"Both","Community based","Animal workers incl. veterinary",8,76,91,"Pakistan","Bahawalnagar and Bahawalpur districts;  Cholistan",NA,NA,"2017",NA,NA,"2019",NA,NA,NA,NA,FALSE,FALSE,NA,"Seroprevalence",NA,NA,NA
"91bb0061d5d35b65721416d751b3a98c","0380219c5a35cba6e08bc7844bfc6f4c",14082,"MERS-CoV","Seroprevalence - IFA",NA,0,NA,NA,NA,"Unspecified",NA,NA,NA,NA,NA,10,12,NA,NA,NA,NA,NA,NA,NA,FALSE,"Unspecified","Naive",NA,NA,FALSE,NA,NA,NA,NA,NA,NA,"Both","Community based","Other",8,76,12,"Pakistan","Bahawalnagar and Bahawalpur districts;  Cholistan",NA,NA,"2017",NA,NA,"2019",NA,NA,NA,NA,FALSE,FALSE,NA,"Seroprevalence",NA,NA,NA
"f094e2a78be3a225b017e6d1c356f3e6","02c274f7f65b88fb4ef6e4727566b6b7",14089,"MERS-CoV","Severity - case fatality ratio (CFR)",47.62,0,"Percentage (%)",NA,NA,"Unspecified",NA,NA,NA,NA,NA,20,42,NA,NA,NA,NA,NA,NA,NA,FALSE,"Post outbreak","Naive",NA,"Time",TRUE,FALSE,NA,NA,NA,NA,NA,"Both","Hospital based","Other",25,85,42,"Saudi Arabia","King Fahd Armed Forces Hospital Jeddah",NA,"01","2014",NA,"12","2019",NA,NA,NA,NA,FALSE,FALSE,NA,"Severity",NA,NA,NA
"701e810e7d212274e2695f81a4b4174c","1105877f2ff3a455cc7d0e310be31177",14093,"MERS-CoV","Severity - case fatality ratio (CFR)",NA,0,"Percentage (%)",11.3,44.4,"Unspecified",NA,NA,NA,NA,NA,NA,NA,NA,NA,NA,NA,NA,NA,NA,FALSE,"Unspecified","Naive",NA,"Sex; Time",TRUE,FALSE,NA,NA,NA,NA,NA,"Both","Population based","General population",NA,NA,1396,"Saudi Arabia",NA,NA,NA,"2012",NA,NA,"2019",NA,NA,NA,NA,FALSE,FALSE,NA,"Severity","11.3 - 44.4",NA,NA
"701e810e7d212274e2695f81a4b4174c","a3ad00e4d6a599fc21260c4e59ea3641",14093,"MERS-CoV","Severity - symptomatic proportion of infections",90.6,0,"Percentage (%)",NA,NA,"Unspecified",NA,NA,NA,NA,NA,837,924,NA,NA,NA,NA,NA,NA,NA,FALSE,"Unspecified","Naive",NA,"Sex; Time",TRUE,FALSE,NA,NA,NA,NA,NA,"Both","Population based","General population",NA,NA,924,"Saudi Arabia",NA,NA,NA,"2013",NA,NA,"2016",NA,NA,NA,NA,FALSE,FALSE,NA,"Severity",NA,NA,NA
"701e810e7d212274e2695f81a4b4174c","6bfda1e89b1176f85f2c3c0c0dd1922b",14093,"MERS-CoV","Severity - asymptomatic proportion of infections",6.7,0,"Percentage (%)",NA,NA,"Unspecified",NA,NA,NA,NA,NA,62,924,NA,NA,NA,NA,NA,NA,NA,FALSE,"Unspecified","Naive",NA,"Time",TRUE,FALSE,NA,NA,NA,NA,NA,"Both","Population based","General population",NA,NA,924,"Saudi Arabia",NA,NA,NA,"2013",NA,NA,"2016",NA,NA,NA,NA,FALSE,FALSE,NA,"Severity",NA,NA,NA
"701e810e7d212274e2695f81a4b4174c","3569fb111356e3013d3065fe39842353",14093,"MERS-CoV","Risk factors",NA,0,NA,NA,NA,"Unspecified",NA,NA,NA,NA,NA,NA,NA,NA,NA,NA,NA,NA,NA,NA,FALSE,"Unspecified",NA,NA,NA,FALSE,NA,"Infection","Comorbidity",NA,"Significant","Unspecified","Both","Population based","General population",NA,NA,924,"Saudi Arabia",NA,NA,NA,"2013",NA,NA,"2016",NA,NA,NA,NA,FALSE,FALSE,NA,"Risk factors",NA,NA,NA
"0a282739dc7ae381289257124e376ac0","a46ac90cd14d87f5787c4febc04c335b",14104,"MERS-CoV","Severity - case fatality ratio (CFR)",28,0,"Percentage (%)",NA,NA,"Unspecified",NA,NA,NA,NA,NA,164,586,NA,NA,NA,NA,NA,NA,NA,FALSE,NA,"Unspecified",NA,NA,FALSE,NA,NA,NA,NA,NA,NA,"Both","Population based","Persons with symptoms",NA,NA,586,"Saudi Arabia",NA,1,"03","2016","20","03","2019",NA,NA,NA,NA,FALSE,FALSE,NA,"Severity",NA,NA,NA
"8e1cfc59b5b800d30594d7c7acbd5d81","691e1e1209a057a7cd5868f4a69e2da4",14154,"MERS-CoV","Seroprevalence - IgG",NA,0,"Percentage (%)",2.2,3.8,"Unspecified",NA,NA,NA,NA,NA,NA,NA,NA,NA,NA,NA,NA,NA,NA,FALSE,"Unspecified","Naive",NA,"Time; Other",TRUE,FALSE,NA,NA,NA,NA,NA,"Both","Travel based","General population",18,84,1975,"Malaysia","Greater Kuala Lumpur metropolitan area",NA,NA,"2016",NA,NA,"2018",NA,NA,NA,NA,FALSE,FALSE,NA,"Seroprevalence","2.2 - 3.8",NA,NA
"8e1cfc59b5b800d30594d7c7acbd5d81","2f60e457f455f8629a938c9a9a1bff7a",14154,"MERS-CoV","Risk factors",NA,0,NA,NA,NA,"Unspecified",NA,NA,NA,NA,NA,NA,NA,NA,NA,NA,NA,NA,NA,NA,FALSE,"Unspecified",NA,NA,NA,FALSE,NA,"Serology","Camel contact (other),Consumption of animal product",NA,"Not significant","Not adjusted","Both","Travel based","General population",18,84,1773,"Malaysia","Greater Kuala Lumpur metropolitan area",NA,NA,"2016",NA,NA,"2018",NA,NA,NA,NA,FALSE,FALSE,NA,"Risk factors",NA,NA,NA
"e20df715a174a79718a1ea8fda39ce83","3ed5c731f1e141d4ed2a0d535ecc47b6",14161,"MERS-CoV","Risk factors",NA,0,NA,NA,NA,"Unspecified",NA,NA,NA,NA,NA,NA,NA,NA,NA,NA,NA,NA,NA,NA,FALSE,"Unspecified",NA,NA,NA,FALSE,NA,"Death","Age,Comorbidity",NA,"Significant","Not adjusted","Both","Hospital based","Persons under investigation",26,78,32,"Saudi Arabia","Riyadh",1,"08","2015","31","08","2016",NA,NA,NA,NA,FALSE,FALSE,NA,"Risk factors",NA,NA,NA
"e20df715a174a79718a1ea8fda39ce83","7502b382f7d9f70b28ce7f342d780431",14161,"MERS-CoV","Risk factors",NA,0,NA,NA,NA,"Unspecified",NA,NA,NA,NA,NA,NA,NA,NA,NA,NA,NA,NA,NA,NA,FALSE,"Unspecified",NA,NA,NA,FALSE,NA,"Death","Comorbidity,Sex",NA,"Not significant","Not adjusted","Both","Hospital based","Persons under investigation",26,78,32,"Saudi Arabia","Riyadh",1,"08","2015","31","08","2016",NA,NA,NA,NA,FALSE,FALSE,NA,"Risk factors",NA,NA,NA
"e20df715a174a79718a1ea8fda39ce83","e439b4259230eb03613fa10756310b1a",14161,"MERS-CoV","Human delay - symptom onset>admission to care",4,0,"Days",NA,NA,"Median",NA,NA,NA,NA,NA,NA,NA,NA,NA,NA,NA,NA,NA,NA,FALSE,"Unspecified",NA,NA,"Symptoms",TRUE,FALSE,NA,NA,NA,NA,NA,"Both","Hospital based","Persons under investigation",26,78,20,"Saudi Arabia","Riyadh",1,"08","2015","31","08","2016",NA,NA,NA,NA,FALSE,FALSE,NA,"Human delay",NA,NA,NA
"e20df715a174a79718a1ea8fda39ce83","cbb44ed8fe4384a2aee2a822a11b41ab",14161,"MERS-CoV","Human delay - other human delay (go to section)",8.5,0,"Days",NA,NA,"Median",NA,NA,NA,NA,NA,NA,NA,NA,NA,NA,NA,NA,NA,NA,TRUE,"Unspecified",NA,NA,NA,FALSE,NA,NA,NA,NA,NA,NA,"Both","Hospital based","Other",NA,NA,12,"Saudi Arabia","Riyadh",1,"08","2015","31","08","2016",NA,NA,"Onset of Symptoms","Mechanical Ventilation",FALSE,FALSE,NA,"Human delay",NA,NA,NA
"e20df715a174a79718a1ea8fda39ce83","580bfad05288326dee62f69c9cb2c82a",14161,"MERS-CoV","Human delay - time in care (length of stay)",NA,0,"Days",12,33,"Median",NA,NA,NA,NA,NA,NA,NA,NA,NA,NA,NA,NA,NA,NA,TRUE,"Unspecified",NA,NA,"Symptoms",TRUE,TRUE,NA,NA,NA,NA,NA,"Both","Hospital based","Mixed groups",26,78,31,"Saudi Arabia","Riyadh",1,"08","2015","31","08","2016",NA,NA,NA,NA,FALSE,FALSE,NA,"Human delay","12 - 33",NA,NA
"ee8a3c1ac8dab42e5d173675f7089063","7e2ae6a225b34968119a5e7aa6458b79",14166,"MERS-CoV","Severity - case fatality ratio (CFR)",16,0,"Percentage (%)",NA,NA,"Unspecified",NA,NA,NA,NA,NA,NA,105,NA,NA,NA,NA,NA,NA,NA,FALSE,"Unspecified","Naive",NA,NA,FALSE,NA,NA,NA,NA,NA,NA,"Both","Hospital based","Healthcare workers",NA,NA,105,"Lebanon; Malaysia; Oman; Qatar; Saudi Arabia; United Arab Emirates",NA,NA,"12","2016",NA,"01","2019",NA,NA,NA,NA,FALSE,FALSE,NA,"Severity",NA,NA,NA
"ee8a3c1ac8dab42e5d173675f7089063","e95723bb2520cdc2e472c101eb7a6fbb",14166,"MERS-CoV","Severity - case fatality ratio (CFR)",34,0,"Percentage (%)",NA,NA,"Unspecified",NA,NA,NA,NA,NA,NA,NA,NA,NA,NA,NA,NA,NA,NA,FALSE,"Unspecified","Naive",NA,NA,FALSE,NA,NA,NA,NA,NA,NA,"Both","Hospital based","Unspecified",NA,NA,NA,"Lebanon; Malaysia; Oman; Qatar; Saudi Arabia; United Arab Emirates",NA,NA,"12","2016",NA,"01","2019",NA,NA,NA,NA,FALSE,FALSE,NA,"Severity",NA,NA,NA
"ee8a3c1ac8dab42e5d173675f7089063","e714151fe3bc6b8173ef70836c67d022",14166,"MERS-CoV","Severity - case fatality ratio (CFR)",29.3,0,"Percentage (%)",NA,NA,"Unspecified",NA,NA,NA,NA,NA,NA,403,NA,NA,NA,NA,NA,NA,NA,NA,"Unspecified","Naive",NA,NA,NA,NA,NA,NA,NA,NA,NA,"Both","Hospital based","Unspecified",NA,NA,403,"Lebanon; Malaysia; Oman; Qatar; Saudi Arabia; United Arab Emirates",NA,NA,"12","2016",NA,"01","2019",NA,NA,NA,NA,FALSE,FALSE,NA,"Severity",NA,NA,NA
"9e7c8d097df0d9753026468e6c847538","7811ff12a60da3af47159b42c30acd7f",14168,"MERS-CoV","Mutations - evolutionary rate",0.000743,-4,"Substitutions/site/year",NA,NA,"Mean",NA,NA,0.000603,0.000916,"HPDI 95%",NA,NA,NA,NA,NA,NA,NA,NA,NA,FALSE,"Unspecified",NA,NA,"Disease generation; Region",TRUE,FALSE,NA,NA,NA,NA,NA,"Both","Mixed settings","Mixed groups",NA,NA,120,"Saudi Arabia",NA,19,"06","2012","23","01","2017","Whole Genome",FALSE,NA,NA,FALSE,FALSE,NA,"Mutations",NA,"HPDI 95%","6.03 - 9.16"
"7e1b9ea8ad6913d795a3bf02269d15dc","c09512ca6327ac411d8f26e34906bb7a",14170,"MERS-CoV","Seroprevalence - IgG",25,0,"Percentage (%)",NA,NA,"Unspecified",NA,NA,NA,NA,NA,7,28,NA,NA,NA,NA,NA,NA,NA,FALSE,"Unspecified","Naive",NA,"Age; Region; Sex",TRUE,FALSE,NA,NA,NA,NA,NA,"Both","Trade / business based","Animal workers incl. veterinary",20,60,28,"Egypt","Asyut; New Valley",NA,"01","2015",NA,"12","2016",NA,NA,NA,NA,FALSE,FALSE,NA,"Seroprevalence",NA,NA,NA
"6aaffb713b3c17c4d0e37fa50c2839cb","1c41a6c5e072c30cbd80c1dd7fc11e12",14180,"MERS-CoV","Severity - case fatality ratio (CFR)",27.7,0,"Percentage (%)",NA,NA,"Unspecified",NA,NA,NA,NA,NA,83,299,NA,NA,NA,NA,NA,NA,NA,FALSE,NA,"Naive",NA,"Age",TRUE,FALSE,NA,NA,NA,NA,NA,"Both","Unspecified",NA,NA,NA,299,"Saudi Arabia","All of KSA",NA,"01","2019",NA,"10","2020",NA,NA,NA,NA,FALSE,FALSE,NA,"Severity",NA,NA,NA
"6aaffb713b3c17c4d0e37fa50c2839cb","57d3a6c812648f11bb5537fac7af8e14",14180,"MERS-CoV","Human delay - symptom onset>admission to care",3.76,0,"Days",NA,NA,"Unspecified",NA,NA,3.49050524170373,4.02949475829627,NA,NA,NA,NA,NA,NA,NA,NA,NA,NA,FALSE,NA,NA,NA,NA,FALSE,NA,NA,NA,NA,NA,NA,"Both","Unspecified","Unspecified",NA,NA,299,"Saudi Arabia","All of KSA",NA,"01","2019",NA,"10","2020",NA,NA,NA,NA,FALSE,FALSE,NA,"Human delay",NA,NA,NA
"6aaffb713b3c17c4d0e37fa50c2839cb","2945cd172969ed97f8f1a45199a791c6",14180,"MERS-CoV","Risk factors",NA,0,NA,NA,NA,"Unspecified",NA,NA,NA,NA,NA,NA,NA,NA,NA,NA,NA,NA,NA,NA,NA,NA,NA,NA,NA,NA,NA,"Other","Age,Comorbidity,Camel contact (other)","Unspecified","Not significant","Not adjusted","Both","Unspecified",NA,NA,NA,299,"Saudi Arabia","All of KSA",NA,"01","2019",NA,"10","2020",NA,NA,NA,NA,FALSE,FALSE,NA,"Risk factors",NA,NA,NA
"6aaffb713b3c17c4d0e37fa50c2839cb","c4b5461b5ed5d6228dbfd813a8d8d226",14180,"MERS-CoV","Risk factors",NA,0,NA,NA,NA,"Unspecified",NA,NA,NA,NA,NA,NA,NA,NA,NA,NA,NA,NA,NA,NA,FALSE,NA,NA,NA,NA,FALSE,NA,"Death","Age,Camel contact (other),Other",NA,"Significant","Not adjusted","Both","Unspecified",NA,NA,NA,83,"Saudi Arabia","All of KSA",NA,"01","2019",NA,"10","2020",NA,NA,NA,NA,FALSE,FALSE,NA,"Risk factors",NA,NA,NA
"bdf64fc1fdfacae5e2c84e90ddf2fd01","100af632d11597b424408e18209f371d",14187,"MERS-CoV","Severity - case fatality ratio (CFR)",25.4,0,"Percentage (%)",NA,NA,"Unspecified",NA,NA,NA,NA,NA,16,63,NA,NA,NA,NA,NA,NA,NA,FALSE,NA,NA,NA,NA,NA,NA,NA,NA,NA,NA,NA,"Both",NA,NA,NA,NA,63,"Saudi Arabia","cases admitted to  Buraidah Central Hospital in Al-Qassim;  Saudi Arabia",NA,NA,"2014",NA,NA,"2017",NA,NA,NA,NA,FALSE,FALSE,NA,"Severity",NA,NA,NA
"bdf64fc1fdfacae5e2c84e90ddf2fd01","540727f2aa6645e81b2fa8e157c0f10d",14187,"MERS-CoV","Risk factors",NA,0,NA,NA,NA,"Unspecified",NA,NA,NA,NA,NA,NA,NA,NA,NA,NA,NA,NA,NA,NA,FALSE,NA,NA,NA,NA,FALSE,NA,"Death","Age,Comorbidity,Sex",NA,"Not significant","Not adjusted","Both",NA,NA,NA,NA,63,"Saudi Arabia","cases admitted to  Buraidah Central Hospital in Al-Qassim;  Saudi Arabia",NA,NA,"2014",NA,NA,"2017",NA,NA,NA,NA,FALSE,FALSE,NA,"Risk factors",NA,NA,NA
"bdf64fc1fdfacae5e2c84e90ddf2fd01","40471d1dfcc9609e9bbbfc4ea1795599",14187,"MERS-CoV","Risk factors",NA,0,NA,NA,NA,"Unspecified",NA,NA,NA,NA,NA,NA,NA,NA,NA,NA,NA,NA,NA,NA,NA,NA,NA,NA,NA,FALSE,NA,"Other","Other",NA,NA,NA,"Both",NA,NA,NA,NA,63,"Saudi Arabia","cases admitted to  Buraidah Central Hospital in Al-Qassim;  Saudi Arabia",NA,NA,"2014",NA,NA,"2017",NA,NA,NA,NA,FALSE,FALSE,NA,"Risk factors",NA,NA,NA
"87437515d2f181447d95c94e29d20e34","f889a9544fa6e973003133aebf0ad555",14190,"MERS-CoV","Severity - case fatality ratio (CFR)",37.2,0,"Percentage (%)",NA,NA,"Unspecified",NA,NA,NA,NA,NA,813,2184,NA,NA,NA,NA,NA,NA,NA,FALSE,"Unspecified","Unspecified",NA,NA,FALSE,NA,NA,NA,NA,NA,NA,"Unspecified","Unspecified","Unspecified",NA,NA,2184,"Saudi Arabia",NA,NA,"04","2012","03","08","2022",NA,NA,NA,NA,FALSE,FALSE,NA,"Severity",NA,NA,NA
"5c0b53191cb494ba6c1c87fa10ba5bfc","4d24dd571bd1a03caad21cc3c0f3a3d0",14192,"MERS-CoV","Severity - asymptomatic proportion of infections",43,0,"Percentage (%)",NA,NA,"Unspecified",NA,NA,NA,NA,NA,10,23,NA,NA,NA,NA,NA,NA,NA,FALSE,NA,NA,NA,NA,NA,NA,NA,NA,NA,NA,NA,"Both",NA,"Children",0,17,23,"Saudi Arabia",NA,20,"09","2012","31","12","2018",NA,NA,NA,NA,FALSE,FALSE,NA,"Severity",NA,NA,NA
"5c0b53191cb494ba6c1c87fa10ba5bfc","2318e9cc2570ea7e2ce0795f61318ab8",14192,"MERS-CoV","Severity - infection fatality ratio (IFR)",NA,0,NA,NA,NA,"Unspecified",NA,NA,NA,NA,NA,3,30,NA,NA,NA,NA,NA,NA,NA,NA,NA,NA,NA,NA,NA,NA,NA,NA,NA,NA,NA,"Both",NA,"Children",0,17,23,"Saudi Arabia",NA,20,"09","2012","31","12","2018",NA,NA,NA,NA,FALSE,FALSE,NA,"Severity",NA,NA,NA
"5c0b53191cb494ba6c1c87fa10ba5bfc","038c77f9cbc15fd53caeb0b431b9b1f5",14192,"MERS-CoV","Risk factors",NA,0,NA,NA,NA,"Unspecified",NA,NA,NA,NA,NA,NA,NA,NA,NA,NA,NA,NA,NA,NA,NA,NA,NA,NA,NA,NA,NA,"Other","Age","Unspecified","Significant","Not adjusted","Both",NA,NA,0,NA,1755,"Saudi Arabia",NA,20,"09","2012","31","12","2018",NA,NA,NA,NA,FALSE,FALSE,NA,"Risk factors",NA,NA,NA
"5c0b53191cb494ba6c1c87fa10ba5bfc","d24a5e11945beeafef55119b8577af71",14192,"MERS-CoV","Risk factors",NA,0,NA,NA,NA,"Unspecified",NA,NA,NA,NA,NA,NA,NA,NA,NA,NA,NA,NA,NA,NA,FALSE,NA,NA,NA,NA,NA,NA,"Death","Age",NA,"Not significant","Not adjusted","Both",NA,NA,0,NA,1755,"Saudi Arabia",NA,20,"09","2012","31","12","2018",NA,NA,NA,NA,FALSE,FALSE,NA,"Risk factors",NA,NA,NA
"1a14c79da85bf435f1d937a6803e68a3","0ace7a1979c229f6f7db5dbfeb436e45",14200,"MERS-CoV","Severity - infection fatality ratio (IFR)",35,0,"Percentage (%)",NA,NA,"Unspecified",NA,NA,NA,NA,NA,8,23,NA,NA,NA,NA,NA,NA,NA,FALSE,NA,NA,NA,"Symptoms; Other",TRUE,TRUE,NA,NA,NA,NA,NA,"Unspecified",NA,NA,NA,NA,23,"Saudi Arabia","A university hospital in Riyadh;  KSA",NA,"02","2015",NA,"03","2015",NA,NA,NA,NA,FALSE,FALSE,NA,"Severity",NA,NA,NA
"1a14c79da85bf435f1d937a6803e68a3","eacaa0a9c59df24922c715b0e6883b91",14200,"MERS-CoV","Severity - infection fatality ratio (IFR)",80,0,"Percentage (%)",NA,NA,"Unspecified",NA,NA,NA,NA,NA,8,10,NA,NA,NA,NA,NA,NA,NA,FALSE,NA,NA,NA,NA,NA,NA,NA,NA,NA,NA,NA,"Unspecified","Hospital based","Healthcare workers",NA,NA,10,"Saudi Arabia","A university hospital in Riyadh;  KSA",NA,"02","2015",NA,"03","2015",NA,NA,NA,NA,FALSE,FALSE,NA,"Severity",NA,NA,NA
"7aa0706888865675bf8061ba7d325c53","dff7a2244932e9874eb90a5cb97a0119",14202,"MERS-CoV","Reproduction number (Basic R0)",0.96,0,NA,NA,NA,"Mean",NA,NA,0.6915,1.2285,"95% CI",NA,NA,NA,NA,NA,NA,NA,NA,NA,FALSE,NA,NA,"Branching process",NA,FALSE,NA,NA,NA,NA,NA,NA,"Both","Hospital based",NA,NA,NA,167,"Republic of Korea","Hospital(s) in ROK",NA,NA,"2015",NA,NA,"2015",NA,NA,NA,NA,FALSE,FALSE,"Human-human","Reproduction number",NA,"95% CI","0.6915 - 1.2285"
"7aa0706888865675bf8061ba7d325c53","55aaaec469faedf23062ed830b04ee1e",14202,"MERS-CoV","Reproduction number (Basic R0)",1.06,0,NA,NA,NA,"Mean",NA,NA,0.772,1.348,"95% CI",NA,NA,"Negative-Binomial",1.06,"Mean",TRUE,0.12,"Shape",NA,FALSE,NA,NA,"Branching process",NA,FALSE,NA,NA,NA,NA,NA,NA,"Both","Hospital based",NA,NA,NA,186,"Republic of Korea","Hospital(s) in ROK",NA,NA,"2015",NA,NA,"2015",NA,NA,NA,NA,FALSE,FALSE,"Human-human","Reproduction number",NA,"95% CI","0.772 - 1.348"
"14079fc460626a64c1cd5b7a09e45385","a32dacbf5528d04d0e2205f069cae559",14207,"MERS-CoV","Seroprevalence - IgG",NA,0,"Percentage (%)",0,83.3,"Unspecified",NA,NA,NA,NA,NA,NA,NA,NA,NA,NA,NA,NA,NA,NA,FALSE,NA,NA,NA,NA,NA,NA,NA,NA,NA,NA,NA,"Unspecified","Unspecified","Other",NA,NA,70,"Republic of Korea",NA,NA,NA,NA,NA,NA,NA,NA,NA,NA,NA,FALSE,FALSE,NA,"Seroprevalence","0 - 83.3",NA,NA
"14079fc460626a64c1cd5b7a09e45385","c5ca7590fc1a7508e7a27aac3af9f412",14207,"MERS-CoV","Risk factors",NA,0,NA,NA,NA,"Unspecified",NA,NA,NA,NA,NA,NA,NA,NA,NA,NA,NA,NA,NA,NA,NA,NA,NA,NA,"Symptoms",TRUE,NA,"Other","Other",NA,"Significant","Not adjusted","Unspecified","Unspecified","Other",NA,NA,70,"Republic of Korea",NA,NA,NA,NA,NA,NA,NA,NA,NA,NA,NA,FALSE,FALSE,NA,"Risk factors",NA,NA,NA
"9e628a591d4808274d8e4a89ec811f9a","ebd8931de510a4477e190bffd77b49a8",14231,"MERS-CoV","Seroprevalence - IgG",NA,0,NA,NA,NA,"Unspecified",NA,NA,NA,NA,NA,20,479,NA,NA,NA,NA,NA,NA,NA,FALSE,"Unspecified","Unspecified",NA,"Occupation",TRUE,NA,NA,NA,NA,NA,NA,"Both","Mixed settings","General population",NA,NA,479,"Morocco",NA,NA,"11","2017",NA,"01","2018",NA,NA,NA,NA,FALSE,FALSE,NA,"Seroprevalence",NA,NA,NA
"9e628a591d4808274d8e4a89ec811f9a","4f2204623141cb0c46150229770e4fed",14231,"MERS-CoV","Seroprevalence - PRNT",NA,0,NA,NA,NA,"Unspecified",NA,NA,NA,NA,NA,3,479,NA,NA,NA,NA,NA,NA,NA,FALSE,"Unspecified","Unspecified",NA,"Occupation",TRUE,FALSE,NA,NA,NA,NA,NA,"Both","Mixed settings","General population",NA,NA,479,"Morocco",NA,NA,"11","2017",NA,"01","2018",NA,NA,NA,NA,FALSE,FALSE,NA,"Seroprevalence",NA,NA,NA
"3c52619f3c523f01775d9da7abd41fa5","7e9edb2c72f2b7303abac01717cb8f58",14232,"MERS-CoV","Attack rate",2.3,0,"Percentage (%)",NA,NA,"Unspecified",NA,NA,NA,NA,NA,NA,NA,NA,NA,NA,NA,NA,NA,NA,FALSE,"Mid outbreak",NA,NA,NA,FALSE,NA,NA,NA,NA,NA,NA,"Female","Housing estate based","Mixed groups",16,NA,828,"Saudi Arabia","Riyadh",19,"10","2015","22","03","2015",NA,NA,NA,NA,FALSE,FALSE,NA,"Attack rate",NA,NA,NA
"3c52619f3c523f01775d9da7abd41fa5","a5c0fe8aa708a414fc9a38a4d9cd78e9",14232,"MERS-CoV","Risk factors",NA,0,NA,NA,NA,"Unspecified",NA,NA,NA,NA,NA,NA,NA,NA,NA,NA,NA,NA,NA,NA,FALSE,"Mid outbreak",NA,NA,NA,FALSE,NA,"Infection","Other",NA,"Significant","Not adjusted","Female","Housing estate based","Mixed groups",16,NA,828,"Saudi Arabia","Riyadh",19,"10","2015","22","03","2015",NA,NA,NA,NA,FALSE,FALSE,NA,"Risk factors",NA,NA,NA
"3c52619f3c523f01775d9da7abd41fa5","acd08721e34f98df6ad690a164d1eda1",14232,"MERS-CoV","Risk factors",NA,0,NA,NA,NA,"Unspecified",NA,NA,NA,NA,NA,NA,NA,NA,NA,NA,NA,NA,NA,NA,NA,"Mid outbreak",NA,NA,NA,FALSE,NA,"Infection","Comorbidity",NA,"Not significant","Not adjusted","Female","Housing estate based","Mixed groups",16,NA,828,"Saudi Arabia","Riyadh",19,"10","2015","22","03","2015",NA,NA,NA,NA,FALSE,FALSE,NA,"Risk factors",NA,NA,NA
"3c52619f3c523f01775d9da7abd41fa5","a68dd1dee19215ffb48a2de9ca06fc3f",14232,"MERS-CoV","Risk factors",NA,0,NA,NA,NA,"Unspecified",NA,NA,NA,NA,NA,NA,NA,NA,NA,NA,NA,NA,NA,NA,FALSE,"Mid outbreak",NA,NA,NA,FALSE,NA,"Infection","Other",NA,"Significant","Adjusted","Female","Housing estate based","Mixed groups",16,NA,828,"Saudi Arabia","Riyadh",19,"10","2015","22","03","2015",NA,NA,NA,NA,FALSE,FALSE,NA,"Risk factors",NA,NA,NA
"ccbe180034b7fc063f1d58e89649afe7","eef0dd072dae6e186a2271b2008b374a",14235,"MERS-CoV","Severity - case fatality ratio (CFR)",NA,0,"Percentage (%)",0,18.9,"Unspecified",NA,NA,NA,NA,NA,24,415,NA,NA,NA,NA,NA,NA,NA,FALSE,"Unspecified","Naive",NA,"Time",TRUE,TRUE,NA,NA,NA,NA,NA,"Both",NA,"Healthcare workers",NA,NA,NA,NA,"global",NA,"09","2012","02","06","2018",NA,NA,NA,NA,FALSE,FALSE,NA,"Severity","0 - 18.9",NA,NA
"ccbe180034b7fc063f1d58e89649afe7","2cff05f9e7e3705ac97a4c096bdf5c83",14235,"MERS-CoV","Severity - case fatality ratio (CFR)",NA,0,"Percentage (%)",29.8,66.7,"Unspecified",NA,NA,NA,NA,NA,NA,1808,NA,NA,NA,NA,NA,NA,NA,FALSE,"Unspecified","Naive",NA,"Time",TRUE,TRUE,NA,NA,NA,NA,NA,"Both","Unspecified","Other",NA,NA,1808,NA,"global",NA,"09","2012","02","06","2018",NA,NA,NA,NA,FALSE,FALSE,NA,"Severity","29.8 - 66.7",NA,NA
"ccbe180034b7fc063f1d58e89649afe7","59b15051e6e492bf9c84fa0fcf315658",14235,"MERS-CoV","Risk factors",NA,0,NA,NA,NA,"Unspecified",NA,NA,NA,NA,NA,NA,NA,NA,NA,NA,NA,NA,NA,NA,NA,"Unspecified",NA,NA,NA,FALSE,NA,"Death","Comorbidity,Other","Healthcare","Significant","Adjusted","Both","Unspecified","Other",NA,NA,338,NA,"global",NA,"09","2012","02","06","2018",NA,NA,NA,NA,FALSE,FALSE,NA,"Risk factors",NA,NA,NA
"089a2fe86707f4e9c7d49f3e6609cc51","d77d696209ce2430099ee3f4683f6e3f",14249,"MERS-CoV","Human delay - other human delay (go to section)",12.2,0,"Days",NA,NA,"Unspecified",NA,NA,NA,NA,NA,NA,NA,NA,NA,NA,NA,NA,NA,NA,FALSE,"Unspecified",NA,NA,NA,FALSE,NA,NA,NA,NA,NA,NA,"Unspecified","Unspecified","Unspecified",NA,NA,13,"Democratic People's Republic of Korea; Republic of Korea; Saudi Arabia",NA,NA,NA,NA,NA,NA,NA,NA,NA,"symptom onset","peak viral load",FALSE,FALSE,NA,"Human delay",NA,NA,NA
"ef7d2dd5f3b28f28d804c666f605f6b5","b8efe080543e54f57666e804e1010d11",14250,"MERS-CoV","Growth rate (r)",0.106,0,"Per day",NA,NA,"Mean",NA,NA,NA,NA,NA,NA,NA,NA,NA,NA,NA,NA,NA,NA,FALSE,NA,NA,NA,"Time",TRUE,FALSE,NA,NA,NA,NA,NA,"Unspecified","Population based","General population",NA,NA,NA,"Saudi Arabia","Saudi Arabia",19,"03","2012","16","06","2019",NA,NA,NA,NA,FALSE,FALSE,NA,"Growth rate",NA,NA,NA
"4c49bf7e6ae1d70e54466f46accf5b29","128050313d82a2e2d9da63d80840cf9f",14258,"MERS-CoV","Reproduction number (Basic R0)",NA,0,"No units",2.0706,5.0661,"Unspecified",NA,NA,NA,NA,NA,NA,NA,NA,NA,NA,NA,NA,NA,NA,FALSE,"Post outbreak",NA,"Compartmental model","Region",TRUE,NA,NA,NA,NA,NA,NA,"Both","Population based","General population",NA,NA,NA,"Saudi Arabia","Riyadh;  Macca;  Madina",6,"07","2013","28","06","2016",NA,NA,NA,NA,FALSE,FALSE,"Human-human","Reproduction number","2.0706 - 5.0661",NA,NA
"8db24cee7a8c978db2454a0f9034b283","40019197ae3bc1787160d34e7cb7680f",14259,"MERS-CoV","Seroprevalence - IgG",0.23,0,"Percentage (%)",0,0.9,"Unspecified",NA,NA,NA,NA,NA,17,174,NA,NA,NA,NA,NA,NA,NA,FALSE,"Unspecified","Naive",NA,"Age; Time; Other",TRUE,FALSE,NA,NA,NA,NA,NA,"Both","Population based","Other",NA,NA,7461,"Saudi Arabia","western part of Saudi Arabia",NA,NA,"2011",NA,NA,"2016",NA,NA,NA,NA,FALSE,FALSE,NA,"Seroprevalence","0 - 0.9",NA,NA
"8db24cee7a8c978db2454a0f9034b283","64bc9247ce9f5a9623011a750f651fe8",14259,"MERS-CoV","Seroprevalence - IgG",2.3,0,"Percentage (%)",0.5,7.7,"Unspecified",NA,NA,NA,NA,NA,174,7461,NA,NA,NA,NA,NA,NA,NA,FALSE,"Unspecified","Naive",NA,"Age; Time; Other",TRUE,FALSE,NA,NA,NA,NA,NA,"Both","Population based","Other",NA,NA,7461,"Saudi Arabia","western part of Saudi Arabia",NA,NA,"2011",NA,NA,"2016",NA,NA,NA,NA,FALSE,FALSE,NA,"Seroprevalence","0.5 - 7.7",NA,NA
"d9cb3c6ec9c5766c1ba438870da3c8d2","323347ad62913924b524fc79db385337",14267,"MERS-CoV","Risk factors",NA,0,NA,NA,NA,"Unspecified",NA,NA,NA,NA,NA,NA,NA,NA,NA,NA,NA,NA,NA,NA,FALSE,"Unspecified",NA,NA,NA,FALSE,NA,"Death","Age,Other",NA,"Significant","Adjusted","Both","Hospital based","Persons under investigation",NA,NA,314,"Saudi Arabia","Prince Mohammed bin Abdulaziz Hospital;  Riyadh",NA,"04","2014",NA,"03","2018",NA,NA,NA,NA,FALSE,FALSE,NA,"Risk factors",NA,NA,NA
"d9cb3c6ec9c5766c1ba438870da3c8d2","15b0f8832c3c791d916363fe48a90eba",14267,"MERS-CoV","Risk factors",NA,0,NA,NA,NA,"Unspecified",NA,NA,NA,NA,NA,NA,NA,NA,NA,NA,NA,NA,NA,NA,FALSE,"Unspecified",NA,NA,NA,NA,NA,"Death","Other",NA,"Not significant","Adjusted","Both","Hospital based","Persons under investigation",NA,NA,314,"Saudi Arabia","Prince Mohammed bin Abdulaziz Hospital;  Riyadh",NA,"04","2014",NA,"03","2018",NA,NA,NA,NA,FALSE,FALSE,NA,"Risk factors",NA,NA,NA
"d9cb3c6ec9c5766c1ba438870da3c8d2","0224b72559bb13d0fca0ba8462765d1c",14267,"MERS-CoV","Severity - case fatality ratio (CFR)",24.8,0,"Percentage (%)",NA,NA,"Unspecified",NA,NA,NA,NA,NA,78,314,NA,NA,NA,NA,NA,NA,NA,FALSE,"Unspecified","Unspecified",NA,NA,FALSE,NA,NA,NA,NA,NA,NA,"Both","Hospital based","Persons under investigation",NA,NA,314,"Saudi Arabia","Prince Mohammed bin Abdulaziz Hospital;  Riyadh",NA,"04","2014",NA,"03","2018",NA,NA,NA,NA,FALSE,FALSE,NA,"Severity",NA,NA,NA
"0f541b38c6dd1e0f477d9807f81f0518","c55ebd00328ba78d93ce2616c84f4552",14274,"MERS-CoV","Human delay - symptom onset>death",15,0,"Days",2,177,"Mean",NA,NA,NA,NA,NA,NA,NA,NA,NA,NA,NA,NA,NA,NA,FALSE,"Post outbreak",NA,NA,NA,FALSE,NA,NA,NA,NA,NA,NA,"Unspecified","Unspecified","Persons under investigation",NA,NA,185,"Republic of Korea","South Korea",19,"05","2015","20","08","2015",NA,NA,NA,NA,FALSE,FALSE,NA,"Human delay","2 - 177",NA,NA
"0f541b38c6dd1e0f477d9807f81f0518","a64bf26023aa52b341ee6d01f8f3f549",14274,"MERS-CoV","Human delay - other human delay (go to section)",5.8,0,"Days",0,18,"Mean",NA,NA,NA,NA,NA,NA,NA,NA,NA,NA,NA,NA,NA,NA,FALSE,"Post outbreak",NA,NA,NA,NA,NA,NA,NA,NA,NA,NA,"Unspecified","Unspecified","Persons under investigation",NA,NA,185,"Republic of Korea","South Korea",19,"05","2015","20","08","2015",NA,NA,"Symptom Onset","Diagnosis/test result",FALSE,FALSE,NA,"Human delay","0 - 18",NA,NA
"0f541b38c6dd1e0f477d9807f81f0518","311cdd92a69ea83fcb72d247137dc87a",14274,"MERS-CoV","Human delay - other human delay (go to section)",17,0,"Days",NA,NA,"Mean",NA,NA,NA,NA,NA,NA,NA,NA,NA,NA,NA,NA,NA,NA,NA,"Post outbreak",NA,NA,NA,NA,NA,NA,NA,NA,NA,NA,"Unspecified","Unspecified","Persons under investigation",NA,NA,185,"Republic of Korea","South Korea",19,"05","2015","20","08","2015",NA,NA,"Symptom onset","Virus detection",FALSE,FALSE,NA,"Human delay",NA,NA,NA
"0f541b38c6dd1e0f477d9807f81f0518","69bc033e682dc5cde18c3ad02a2acc44",14274,"MERS-CoV","Human delay - incubation period",6,0,"Days",NA,NA,"Median",NA,NA,NA,NA,NA,NA,NA,NA,NA,NA,NA,NA,NA,NA,FALSE,"Post outbreak",NA,NA,"Other",TRUE,FALSE,NA,NA,NA,NA,NA,"Unspecified","Unspecified","Persons under investigation",NA,NA,185,"Republic of Korea","South Korea",19,"05","2015","20","08","2015",NA,NA,NA,NA,FALSE,FALSE,NA,"Human delay",NA,NA,NA
"0f541b38c6dd1e0f477d9807f81f0518","6d2982663e9ff9dc92f9a2bdf07da344",14274,"MERS-CoV","Human delay - incubation period",4.3,0,"Days",NA,NA,"Median",NA,NA,NA,NA,NA,NA,NA,NA,NA,NA,NA,NA,NA,NA,FALSE,"Post outbreak",NA,NA,NA,FALSE,NA,NA,NA,NA,NA,NA,"Unspecified","Unspecified","Persons under investigation",NA,NA,38,"Republic of Korea","South Korea",19,"05","2015","20","08","2015",NA,NA,NA,NA,FALSE,FALSE,NA,"Human delay",NA,NA,NA
"0f541b38c6dd1e0f477d9807f81f0518","25cd6dddde1484420067c1e517c9f183",14274,"MERS-CoV","Human delay - incubation period",6,0,"Days",NA,NA,"Median",NA,NA,NA,NA,NA,NA,NA,NA,NA,NA,NA,NA,NA,NA,NA,"Post outbreak",NA,NA,NA,FALSE,NA,NA,NA,NA,NA,NA,"Unspecified","Unspecified","Persons under investigation",NA,NA,131,"Republic of Korea","South Korea",19,"05","2015","20","08","2015",NA,NA,NA,NA,FALSE,FALSE,NA,"Human delay",NA,NA,NA
"0f541b38c6dd1e0f477d9807f81f0518","9d7c3faf45c9d5d0af18411d9cd658cd",14274,"MERS-CoV","Human delay - other human delay (go to section)",NA,0,"Days",4,10,"Unspecified",NA,NA,NA,NA,NA,NA,NA,NA,NA,NA,NA,NA,NA,NA,FALSE,"Post outbreak",NA,NA,NA,NA,NA,NA,NA,NA,NA,NA,"Unspecified","Unspecified","Persons under investigation",NA,NA,169,"Republic of Korea","South Korea",19,"05","2015","20","08","2015",NA,NA,"Symptom onset","Peak viral load",FALSE,FALSE,NA,"Human delay","4 - 10",NA,NA
"0f541b38c6dd1e0f477d9807f81f0518","2294f460ccd60874f176c3cca3b39579",14274,"MERS-CoV","Severity - asymptomatic proportion of infections",NA,0,"No units",NA,NA,"Unspecified",NA,NA,NA,NA,NA,3,185,NA,NA,NA,NA,NA,NA,NA,FALSE,"Post outbreak",NA,NA,NA,NA,NA,NA,NA,NA,NA,NA,"Unspecified","Unspecified","Persons under investigation",NA,NA,169,"Republic of Korea","South Korea",19,"05","2015","20","08","2015",NA,NA,NA,NA,FALSE,FALSE,NA,"Severity",NA,NA,NA
"4652fc8f62b9affb780dfe7a2d16c71e","e0dd462b77d7b002e0b2efa4003116d3",14302,"MERS-CoV","Human delay - other human delay (go to section)",4.4,0,"Days",NA,NA,"Mean",NA,NA,NA,NA,NA,NA,NA,NA,NA,NA,NA,NA,NA,NA,FALSE,"Unspecified",NA,NA,"Age; Sex; Time",TRUE,FALSE,NA,NA,NA,NA,NA,"Both","Unspecified","Persons under investigation",1,109,1066,"Saudi Arabia","All countries with cases from 2013-Oct 2016 (KSA + unspecified)",NA,NA,"2013",NA,"10","2018",NA,NA,"Symptom onset","Admission to Care/Hospitalisation",FALSE,FALSE,NA,"Human delay",NA,NA,NA
"4652fc8f62b9affb780dfe7a2d16c71e","a9b57b2c2a85b15590edf942036a177e",14302,"MERS-CoV","Human delay - other human delay (go to section)",4,0,"Days",NA,NA,"Mean",NA,NA,NA,NA,NA,NA,NA,NA,NA,NA,NA,NA,NA,NA,FALSE,"Unspecified",NA,NA,NA,NA,NA,NA,NA,NA,NA,NA,"Both","Unspecified","Persons under investigation",1,109,816,"Saudi Arabia","All countries with cases from 2013-Oct 2016 (KSA + unspecified)",NA,NA,"2013",NA,"10","2018",NA,NA,"Hospitalisation","Diagnosis/test result",FALSE,FALSE,NA,"Human delay",NA,NA,NA
"4652fc8f62b9affb780dfe7a2d16c71e","33545e6bdf71b87dc83329293003c999",14302,"MERS-CoV","Severity - case fatality ratio (CFR)",19.4,0,"Percentage (%)",NA,NA,"Unspecified",NA,NA,NA,NA,NA,286,1472,NA,NA,NA,NA,NA,NA,NA,FALSE,"Unspecified","Adjusted",NA,NA,NA,NA,NA,NA,NA,NA,NA,"Both","Unspecified","Persons under investigation",1,109,1477,"Saudi Arabia","All countries with cases from 2013-Oct 2016 (KSA + unspecified)",NA,NA,"2013",NA,"10","2018",NA,NA,NA,NA,FALSE,FALSE,NA,"Severity",NA,NA,NA
"4652fc8f62b9affb780dfe7a2d16c71e","9487afb5bf63f12ec960e374249a9bec",14302,"MERS-CoV","Severity - case fatality ratio (CFR)",NA,0,"Percentage (%)",62.1,91.6,"Unspecified",NA,NA,NA,NA,NA,NA,NA,NA,NA,NA,NA,NA,NA,NA,FALSE,"Unspecified","Adjusted",NA,"Age",TRUE,TRUE,NA,NA,NA,NA,NA,"Both","Unspecified","Persons under investigation",1,109,1477,"Saudi Arabia","All reported cases in WHO linelist from KSA in the included dates.",NA,NA,"2013",NA,"10","2018",NA,NA,NA,NA,FALSE,FALSE,NA,"Severity","62.1 - 91.6",NA,NA
"4652fc8f62b9affb780dfe7a2d16c71e","f3e27a0257981375275dfa43fa90451a",14302,"MERS-CoV","Severity - case fatality ratio (CFR)",20.9,0,"Percentage (%)",11.1,32,"Unspecified",NA,NA,NA,NA,NA,255,1214,NA,NA,NA,NA,NA,NA,NA,FALSE,"Unspecified","Adjusted",NA,"Sex; Time",TRUE,FALSE,NA,NA,NA,NA,NA,"Both","Unspecified","Persons under investigation",1,109,1214,"Saudi Arabia","All reported cases in WHO linelist from KSA in the included dates.",NA,NA,"2013",NA,"10","2018",NA,NA,NA,NA,FALSE,FALSE,NA,"Severity","11.1 - 32",NA,NA
"4652fc8f62b9affb780dfe7a2d16c71e","950d6f8fe49206c5103008877dadadc3",14302,"MERS-CoV","Risk factors",NA,0,NA,NA,NA,"Unspecified",NA,NA,NA,NA,NA,NA,NA,NA,NA,NA,NA,NA,NA,NA,FALSE,"Unspecified",NA,NA,NA,FALSE,NA,"Death","Comorbidity,Occupation,Camel contact (other)","Healthcare","Significant","Not adjusted","Both","Unspecified","Persons under investigation",1,109,1477,"Saudi Arabia","All reported cases in WHO linelist from KSA in the included dates.",NA,NA,"2013",NA,"10","2018",NA,NA,NA,NA,FALSE,FALSE,NA,"Risk factors",NA,NA,NA
"4652fc8f62b9affb780dfe7a2d16c71e","12193f727dd69362e45d6cbfc6b9fbcd",14302,"MERS-CoV","Risk factors",NA,0,NA,NA,NA,"Unspecified",NA,NA,NA,NA,NA,NA,NA,NA,NA,NA,NA,NA,NA,NA,FALSE,"Unspecified",NA,NA,NA,FALSE,NA,"Death","Close contact,Sex,Consumption of animal product",NA,"Not significant","Not adjusted","Both","Unspecified","Persons under investigation",1,109,1477,"Saudi Arabia","All reported cases in WHO linelist from KSA in the included dates.",NA,NA,"2013",NA,"10","2018",NA,NA,NA,NA,FALSE,FALSE,NA,"Risk factors",NA,NA,NA
"4652fc8f62b9affb780dfe7a2d16c71e","9baac076788d7de2099689df826d7a5a",14302,"MERS-CoV","Risk factors",NA,0,NA,NA,NA,"Unspecified",NA,NA,NA,NA,NA,NA,NA,NA,NA,NA,NA,NA,NA,NA,TRUE,"Unspecified",NA,NA,NA,FALSE,NA,"Death","Comorbidity",NA,"Significant","Not adjusted","Both","Unspecified","Persons under investigation",1,109,1256,"Saudi Arabia","All reported cases in WHO linelist from KSA in the included dates.",NA,NA,"2013",NA,"10","2018",NA,NA,NA,NA,FALSE,FALSE,NA,"Risk factors",NA,NA,NA
"4652fc8f62b9affb780dfe7a2d16c71e","06729af61fe80ab24eca0bf0f759a904",14302,"MERS-CoV","Risk factors",NA,0,NA,NA,NA,"Unspecified",NA,NA,NA,NA,NA,NA,NA,NA,NA,NA,NA,NA,NA,NA,TRUE,"Unspecified",NA,NA,NA,FALSE,NA,"Death","Occupation","Healthcare","Significant","Not adjusted","Both","Unspecified","Persons under investigation",1,109,1256,"Saudi Arabia","All reported cases in WHO linelist from KSA in the included dates.",NA,NA,"2013",NA,"10","2018",NA,NA,NA,NA,FALSE,FALSE,NA,"Risk factors",NA,NA,NA
"4652fc8f62b9affb780dfe7a2d16c71e","bd0f60b7dc5400e9997c544fd4da52b3",14302,"MERS-CoV","Human delay - symptom onset>admission to care",1.4,0,"Days",NA,NA,"Mean",NA,NA,1.19074446533513,1.60925553466487,NA,NA,NA,NA,NA,NA,NA,NA,NA,NA,TRUE,"Unspecified",NA,NA,"Occupation",TRUE,TRUE,NA,NA,NA,NA,NA,"Both","Unspecified","Persons under investigation",1,109,66,"Saudi Arabia","All reported cases in WHO linelist from KSA in the included dates.",NA,NA,"2013",NA,"10","2018",NA,NA,NA,NA,FALSE,FALSE,NA,"Human delay",NA,NA,NA
"4652fc8f62b9affb780dfe7a2d16c71e","78300601e7caa55deeccabf2f3873edd",14302,"MERS-CoV","Human delay - symptom onset>admission to care",4.5,0,"Days",NA,NA,"Mean",NA,NA,4.37470218962646,4.62529781037354,NA,NA,NA,NA,NA,NA,NA,NA,NA,NA,TRUE,"Unspecified",NA,NA,"Occupation",TRUE,TRUE,NA,NA,NA,NA,NA,"Both",NA,"Persons under investigation",1,109,872,"Saudi Arabia","All WHO linelist cases in KSA inclusive of the dates",NA,"01","2013",NA,"10","2018",NA,NA,NA,NA,FALSE,FALSE,NA,"Human delay",NA,NA,NA
"4652fc8f62b9affb780dfe7a2d16c71e","1819d28d007655066d5f72b3f618e377",14302,"MERS-CoV","Human delay - other human delay (go to section)",2.377,0,"Days",NA,NA,"Mean",NA,NA,NA,NA,NA,NA,NA,NA,NA,NA,NA,NA,NA,NA,TRUE,"Unspecified",NA,NA,"Occupation",TRUE,TRUE,NA,NA,NA,NA,NA,"Both",NA,"Persons under investigation",1,109,51,"Saudi Arabia","All WHO linelist cases in KSA inclusive of the dates",NA,"01","2013",NA,"10","2018",NA,NA,"Hospitalisation","Laboratory confirmation (WHO definition)",FALSE,FALSE,NA,"Human delay",NA,NA,NA
"4652fc8f62b9affb780dfe7a2d16c71e","ca3605bd1ac4f87b333f90b67adbf5ad",14302,"MERS-CoV","Human delay - other human delay (go to section)",3.5,0,"Days",NA,NA,"Mean",NA,NA,3.31110083988934,3.68889916011066,NA,NA,NA,NA,NA,NA,NA,NA,NA,NA,TRUE,"Unspecified",NA,NA,"Occupation",TRUE,TRUE,NA,NA,NA,NA,NA,"Both",NA,"Persons under investigation",1,109,643,"Saudi Arabia","All WHO linelist cases in KSA inclusive of the dates",NA,"01","2013",NA,"10","2018",NA,NA,"Hospitalisation","Lab confirmation (WHO definition)",FALSE,FALSE,NA,"Human delay",NA,NA,NA
"4652fc8f62b9affb780dfe7a2d16c71e","de289e0a630757ff640543f9724ef58d",14302,"MERS-CoV","Human delay - symptom onset>admission to care",4.6,0,"Days",NA,NA,"Mean",NA,NA,4.47343074029177,4.72656925970823,NA,NA,NA,NA,NA,NA,NA,NA,NA,NA,TRUE,"Unspecified",NA,NA,NA,FALSE,NA,NA,NA,NA,NA,NA,"Male",NA,"Persons under investigation",1,109,809,"Saudi Arabia","All WHO linelist cases in KSA inclusive of the dates",NA,"01","2013",NA,"10","2018",NA,NA,NA,NA,FALSE,FALSE,NA,"Human delay",NA,NA,NA
"4652fc8f62b9affb780dfe7a2d16c71e","acf7e83e7e5734f06bcf0ce8eca1f33d",14302,"MERS-CoV","Human delay - other human delay (go to section)",3.3,0,"Days",NA,NA,"Mean",NA,NA,NA,NA,NA,NA,NA,NA,NA,NA,NA,NA,NA,NA,TRUE,"Unspecified",NA,NA,NA,FALSE,NA,NA,NA,NA,NA,NA,"Male",NA,"Persons under investigation",1,109,809,"Saudi Arabia","All WHO linelist cases in KSA inclusive of the dates",NA,"01","2013",NA,"10","2018",NA,NA,"Hospitalisation","Lab confirmation (WHO definition)",FALSE,FALSE,NA,"Human delay",NA,NA,NA
"4652fc8f62b9affb780dfe7a2d16c71e","806d028a11345dba02aff162236995a7",14302,"MERS-CoV","Severity - case fatality ratio (CFR)",24.9,0,"Percentage (%)",NA,NA,"Unspecified",NA,NA,NA,NA,NA,202,809,NA,NA,NA,NA,NA,NA,NA,TRUE,"Unspecified","Unspecified",NA,NA,FALSE,NA,NA,NA,NA,NA,NA,"Male",NA,"Persons under investigation",1,109,809,"Saudi Arabia","All WHO linelist cases in KSA inclusive of the dates",NA,"01","2013",NA,"10","2018",NA,NA,NA,NA,FALSE,FALSE,NA,"Severity",NA,NA,NA
"4652fc8f62b9affb780dfe7a2d16c71e","97b462abf8b2dd03724da73c4ff0ec39",14302,"MERS-CoV","Human delay - symptom onset>admission to care",4.2,0,"Days",NA,NA,"Mean",NA,NA,3.94324804065509,4.45675195934491,NA,NA,NA,NA,NA,NA,NA,NA,NA,NA,TRUE,"Unspecified",NA,NA,NA,FALSE,NA,NA,NA,NA,NA,NA,"Female",NA,"Persons under investigation",1,109,255,"Saudi Arabia","All WHO linelist cases in KSA inclusive of the dates",NA,"01","2013",NA,"10","2018",NA,NA,NA,NA,FALSE,FALSE,NA,"Human delay",NA,NA,NA
"4652fc8f62b9affb780dfe7a2d16c71e","2c84ed7a30f5f2e8e9e500a3559ce477",14302,"MERS-CoV","Human delay - other human delay (go to section)",4.1,0,"Days",NA,NA,"Mean",NA,NA,3.75557663990317,4.44442336009683,NA,NA,NA,NA,NA,NA,NA,NA,NA,NA,TRUE,"Unspecified",NA,NA,NA,FALSE,NA,NA,NA,NA,NA,NA,"Female",NA,"Persons under investigation",1,109,255,"Saudi Arabia","All WHO linelist cases in KSA inclusive of the dates",NA,"01","2013",NA,"10","2018",NA,NA,"Symptom onset","Lab confirmation",FALSE,FALSE,NA,"Human delay",NA,NA,NA
"4652fc8f62b9affb780dfe7a2d16c71e","72a5562418d09f57032737f8617c0ca2",14302,"MERS-CoV","Severity - case fatality ratio (CFR)",20,0,"Percentage (%)",NA,NA,"Unspecified",NA,NA,NA,NA,NA,51,255,NA,NA,NA,NA,NA,NA,NA,TRUE,"Unspecified","Naive",NA,NA,FALSE,NA,NA,NA,NA,NA,NA,"Female",NA,"Persons under investigation",1,109,255,"Saudi Arabia","All WHO linelist cases in KSA inclusive of the dates",NA,"01","2013",NA,"10","2018",NA,NA,NA,NA,FALSE,FALSE,NA,"Severity",NA,NA,NA
"4652fc8f62b9affb780dfe7a2d16c71e","54beeaafa8c1f88f3318da0bd934a720",14302,"MERS-CoV","Human delay - symptom onset>admission to care",4.5,0,"Days",NA,NA,"Mean",NA,NA,4.38656922219528,4.61343077780472,NA,NA,NA,NA,NA,NA,NA,NA,NA,NA,TRUE,"Unspecified",NA,NA,"Sex",TRUE,FALSE,NA,NA,NA,NA,NA,"Female",NA,"Persons under investigation",1,109,1064,"Saudi Arabia","All WHO linelist cases in KSA inclusive of the dates",NA,"01","2013",NA,"10","2018",NA,NA,NA,NA,FALSE,FALSE,NA,"Human delay",NA,NA,NA
"4652fc8f62b9affb780dfe7a2d16c71e","5f77c15fdb05081ec85de0e6d4972562",14302,"MERS-CoV","Human delay - other human delay (go to section)",3.5,0,"Days",NA,NA,"Mean",NA,NA,3.35284655852361,3.64715344147639,NA,NA,NA,NA,NA,NA,NA,NA,NA,NA,TRUE,"Unspecified",NA,NA,"Age",TRUE,FALSE,NA,NA,NA,NA,NA,"Both","Unspecified","Persons under investigation",1,109,1064,"Saudi Arabia","All WHO linelist cases from KSA inclusive of the dates.",NA,"01","2013",NA,"10","2018",NA,NA,"Hospitalisation","Lab confirmation",FALSE,FALSE,NA,"Human delay",NA,NA,NA
"4652fc8f62b9affb780dfe7a2d16c71e","fe5c571f97a12741f139f684eb65ec90",14302,"MERS-CoV","Severity - case fatality ratio (CFR)",23.8,0,"Percentage (%)",NA,NA,"Unspecified",NA,NA,NA,NA,NA,253,1064,NA,NA,NA,NA,NA,NA,NA,TRUE,"Unspecified","Naive",NA,"Sex",TRUE,FALSE,NA,NA,NA,NA,NA,"Both","Unspecified","Persons under investigation",1,109,1064,"Saudi Arabia","All WHO linelist cases from KSA inclusive of the dates.",NA,"01","2013",NA,"10","2018",NA,NA,NA,NA,FALSE,FALSE,NA,"Severity",NA,NA,NA
"5ae6f1616a875522e7fdeee715c5485c","d2292f7035e8ca48dc2b9f68dba47bf5",14316,"MERS-CoV","Human delay - symptom onset>admission to care",4.3,0,"Days",NA,NA,"Mean",NA,NA,NA,NA,NA,NA,NA,NA,NA,NA,NA,NA,NA,NA,FALSE,"Unspecified",NA,NA,NA,FALSE,NA,NA,NA,NA,NA,NA,"Both","Unspecified","Persons under investigation",30,100,31,"Saudi Arabia","Unspecified",NA,NA,"xxxx",NA,NA,"xxxx",NA,NA,NA,NA,FALSE,FALSE,NA,"Human delay",NA,NA,NA
"5ae6f1616a875522e7fdeee715c5485c","8360743dc2998c93a60a4c2d0457535a",14316,"MERS-CoV","Risk factors",NA,0,NA,NA,NA,"Unspecified",NA,NA,NA,NA,NA,NA,NA,NA,NA,NA,NA,NA,NA,NA,FALSE,"Unspecified",NA,NA,NA,NA,NA,"Death","Age",NA,"Unspecified","Unspecified","Both","Unspecified","Persons under investigation",30,100,31,"Saudi Arabia","Unspecified",NA,NA,"xxxx",NA,NA,"xxxx",NA,NA,NA,NA,FALSE,FALSE,NA,"Risk factors",NA,NA,NA
"5ae6f1616a875522e7fdeee715c5485c","d98b1d8e4484950e2ed22ffdeb18cbaa",14316,"MERS-CoV","Severity - case fatality ratio (CFR)",71,0,"Percentage (%)",4.5,68,"Unspecified",NA,NA,NA,NA,NA,22,31,NA,NA,NA,NA,NA,NA,NA,FALSE,"Unspecified","Unspecified",NA,"Age",TRUE,FALSE,NA,NA,NA,NA,NA,"Both","Unspecified","Persons under investigation",30,100,31,"Saudi Arabia","Unspecified",NA,NA,"xxxx",NA,NA,"xxxx",NA,NA,NA,NA,FALSE,FALSE,NA,"Severity","4.5 - 68",NA,NA
"242d825044fa77e28d7e3d9a6983e899","691514469ffbd9099bc32501487af86b",14332,"MERS-CoV","Seroprevalence - IgG",0.13,0,"Percentage (%)",NA,NA,"Unspecified",NA,NA,NA,NA,NA,7,4719,NA,NA,NA,NA,NA,NA,NA,FALSE,"Unspecified",NA,NA,"Time",TRUE,FALSE,NA,NA,NA,NA,NA,"Both",NA,"Other",19,88,4719,"Qatar","Qatar",NA,NA,"2012",NA,NA,"2016",NA,NA,NA,NA,FALSE,FALSE,NA,"Seroprevalence",NA,NA,NA
"242d825044fa77e28d7e3d9a6983e899","f16e146c8230eb0103d53e5a159c6a7b",14332,"MERS-CoV","Seroprevalence - IgG",0.74,0,"Percentage (%)",NA,NA,"Unspecified",NA,NA,NA,NA,NA,1,135,NA,NA,NA,NA,NA,NA,NA,FALSE,"Unspecified",NA,NA,"Time",TRUE,FALSE,NA,NA,NA,NA,NA,"Both","Contact based","Other",14,49,135,"Qatar","Qatar",NA,"05","2015",NA,"06","2016",NA,NA,NA,NA,FALSE,FALSE,NA,"Seroprevalence",NA,NA,NA
"242d825044fa77e28d7e3d9a6983e899","8327f641ab70758a759efd96888cd4bc",14332,"MERS-CoV","Seroprevalence - IgG",75,0,"Percentage (%)",NA,NA,"Unspecified",NA,NA,NA,NA,NA,3,4,NA,NA,NA,NA,NA,NA,NA,FALSE,"Unspecified",NA,NA,"Time; Other",TRUE,FALSE,NA,NA,NA,NA,NA,"Male","Hospital based","Persons under investigation",30,70,4,"Qatar","Qatar",NA,"03","2015",NA,"05","2016",NA,NA,NA,NA,FALSE,FALSE,NA,"Seroprevalence",NA,NA,NA
"e068ed680b1d3b21ca0f6f9a28c9fa5a","98a3eb2e49473af785bec5e881299edb",14334,"MERS-CoV","Severity - case fatality ratio (CFR)",30.5,0,"Percentage (%)",NA,NA,"Unspecified",NA,NA,NA,NA,NA,70,229,NA,NA,NA,NA,NA,NA,NA,FALSE,"Unspecified","Unspecified",NA,"Sex",TRUE,FALSE,NA,NA,NA,NA,NA,"Both","Unspecified","Persons under investigation",10,89,229,"Lebanon; Malaysia; Oman; Qatar; Saudi Arabia; United Arab Emirates",NA,1,"01","2017","17","01","2018",NA,NA,NA,NA,FALSE,FALSE,NA,"Severity",NA,NA,NA
"e068ed680b1d3b21ca0f6f9a28c9fa5a","8e2012d157a5d61d8b2ad6fa952d89ff",14334,"MERS-CoV","Severity - case fatality ratio (CFR)",32.1,0,"Percentage (%)",NA,NA,"Unspecified",NA,NA,NA,NA,NA,55,171,NA,NA,NA,NA,NA,NA,NA,FALSE,"Unspecified","Unspecified",NA,NA,FALSE,NA,NA,NA,NA,NA,NA,"Male","Unspecified","Persons under investigation",10,89,171,"Lebanon; Malaysia; Oman; Qatar; Saudi Arabia; United Arab Emirates",NA,1,"01","2017","17","01","2018",NA,NA,NA,NA,FALSE,FALSE,NA,"Severity",NA,NA,NA
"e068ed680b1d3b21ca0f6f9a28c9fa5a","fe18c88c100992ee3ed969cc4c90408f",14334,"MERS-CoV","Severity - case fatality ratio (CFR)",25.3,0,"Percentage (%)",NA,NA,"Unspecified",NA,NA,NA,NA,NA,15,58,NA,NA,NA,NA,NA,NA,NA,NA,"Unspecified","Unspecified",NA,NA,FALSE,NA,NA,NA,NA,NA,NA,"Female","Unspecified","Persons under investigation",10,89,58,"Lebanon; Malaysia; Oman; Qatar; Saudi Arabia; United Arab Emirates",NA,1,"01","2017","17","01","2018",NA,NA,NA,NA,FALSE,FALSE,NA,"Severity",NA,NA,NA
"e068ed680b1d3b21ca0f6f9a28c9fa5a","690397a793791759294226d9596e2f86",14334,"MERS-CoV","Risk factors",NA,0,NA,NA,NA,"Unspecified",NA,NA,NA,NA,NA,NA,NA,NA,NA,NA,NA,NA,NA,NA,FALSE,"Unspecified",NA,NA,NA,NA,NA,"Infection","Close contact,Comorbidity,Sex,Camel contact (other),Consumption of animal product",NA,"Unspecified",NA,"Both","Unspecified","Persons under investigation",10,89,229,"Lebanon; Malaysia; Oman; Qatar; Saudi Arabia; United Arab Emirates",NA,1,"01","2017","17","01","2018",NA,NA,NA,NA,FALSE,FALSE,NA,"Risk factors",NA,NA,NA
"e068ed680b1d3b21ca0f6f9a28c9fa5a","1465094dca8bed6700b85552175d47f7",14334,"MERS-CoV","Risk factors",NA,0,NA,NA,NA,"Unspecified",NA,NA,NA,NA,NA,NA,NA,NA,NA,NA,NA,NA,NA,NA,FALSE,"Unspecified",NA,NA,"Age",TRUE,TRUE,"Death","Age,Occupation,Sex,Camel contact (other),Consumption of animal product","Healthcare","Not significant","Adjusted","Both","Unspecified","Persons under investigation",10,89,229,"Lebanon; Malaysia; Oman; Qatar; Saudi Arabia; United Arab Emirates",NA,1,"01","2017","17","01","2018",NA,NA,NA,NA,FALSE,FALSE,NA,"Risk factors",NA,NA,NA
"e068ed680b1d3b21ca0f6f9a28c9fa5a","e437fdc0157943478e1086d77df0e7d2",14334,"MERS-CoV","Risk factors",NA,0,NA,NA,NA,"Unspecified",NA,NA,NA,NA,NA,NA,NA,NA,NA,NA,NA,NA,NA,NA,FALSE,"Unspecified",NA,NA,NA,FALSE,NA,"Death","Close contact,Comorbidity",NA,"Significant","Adjusted","Both","Unspecified","Persons under investigation",10,89,229,"Lebanon; Malaysia; Oman; Qatar; Saudi Arabia; United Arab Emirates",NA,1,"01","2017","17","01","2018",NA,NA,NA,NA,FALSE,FALSE,NA,"Risk factors",NA,NA,NA
"f86b3b5637258055a066d9d19cf7a23d","38c51b599ed4c1a3a84f6c66aeb6731d",14338,"MERS-CoV","Reproduction number (Effective, Re)",NA,0,"Unspecified",1,5.7,"Median",NA,NA,NA,NA,NA,NA,NA,NA,NA,NA,NA,NA,NA,NA,FALSE,"Start outbreak",NA,"Growth rate","Other",TRUE,TRUE,NA,NA,NA,NA,NA,"Both","Hospital based","Mixed groups",NA,NA,NA,"Republic of Korea; Saudi Arabia","multiple",NA,NA,NA,NA,NA,NA,NA,NA,NA,NA,FALSE,FALSE,"Unspecified","Reproduction number","1 - 5.7",NA,NA
"f86b3b5637258055a066d9d19cf7a23d","e08a730097d55d5583235d7ad6d05cac",14338,"MERS-CoV","Severity - case fatality ratio (CFR)",NA,0,"Unspecified",0,75,"Other",NA,NA,NA,NA,NA,NA,NA,NA,NA,NA,NA,NA,NA,NA,FALSE,"Start outbreak","Naive",NA,"Other",TRUE,TRUE,NA,NA,NA,NA,NA,"Both","Hospital based","Mixed groups",NA,NA,NA,"Republic of Korea; Saudi Arabia","multiple",NA,NA,NA,NA,NA,NA,NA,NA,NA,NA,FALSE,FALSE,NA,"Severity","0 - 75",NA,NA
"f86b3b5637258055a066d9d19cf7a23d","3f7ec8dcee21b185aea8e474661df7d1",14338,"MERS-CoV","Human delay - other human delay (go to section)",5,0,"Days",NA,NA,"Median",NA,NA,NA,NA,NA,NA,NA,NA,NA,NA,NA,NA,NA,NA,FALSE,"Start outbreak",NA,NA,NA,FALSE,NA,NA,NA,NA,NA,NA,"Both","Hospital based","Mixed groups",NA,NA,NA,"Republic of Korea; Saudi Arabia","multiple",NA,NA,NA,NA,NA,NA,NA,NA,"Symptom onset","Case notification to WHO",FALSE,FALSE,NA,"Human delay",NA,NA,NA
"f86b3b5637258055a066d9d19cf7a23d","832bebc32b324925b07d97bb3053a717",14338,"MERS-CoV","Risk factors",NA,0,NA,NA,NA,"Unspecified",NA,NA,NA,NA,NA,NA,NA,NA,NA,NA,NA,NA,NA,NA,FALSE,"Start outbreak",NA,NA,NA,FALSE,NA,"Death","Age,Comorbidity,Occupation,Sex","Healthcare","Significant","Not adjusted","Both","Hospital based","Mixed groups",NA,NA,NA,"Republic of Korea; Saudi Arabia","multiple",NA,NA,NA,NA,NA,NA,NA,NA,NA,NA,FALSE,FALSE,NA,"Risk factors",NA,NA,NA
"f86b3b5637258055a066d9d19cf7a23d","6394a2540b30f6b99162c7282d12cf0c",14338,"MERS-CoV","Risk factors",NA,0,NA,NA,NA,"Unspecified",NA,NA,NA,NA,NA,NA,NA,NA,NA,NA,NA,NA,NA,NA,FALSE,"Start outbreak",NA,NA,NA,NA,NA,"Death","Age,Comorbidity,Occupation","Healthcare","Significant","Adjusted","Both","Hospital based","Mixed groups",NA,NA,NA,"Republic of Korea; Saudi Arabia","multiple",NA,NA,NA,NA,NA,NA,NA,NA,NA,NA,FALSE,FALSE,NA,"Risk factors",NA,NA,NA
"0bffb84fbb16f359d7773d557f91247e","741d17992dadc16a227f303bc16a1ac7",14351,"MERS-CoV","Risk factors",NA,0,NA,NA,NA,"Unspecified",NA,NA,NA,NA,NA,NA,NA,NA,NA,NA,NA,NA,NA,NA,FALSE,"Unspecified",NA,NA,NA,NA,NA,"Infection","Age,Sex,Other",NA,"Significant","Not adjusted","Both","Community based","General population",0,92,23153,"Saudi Arabia","Riyadh",NA,"01","2017",NA,"12","2017",NA,NA,NA,NA,FALSE,FALSE,NA,"Risk factors",NA,NA,NA
"0bffb84fbb16f359d7773d557f91247e","f76407874c2a8131f431669924fd597a",14351,"MERS-CoV","Risk factors",NA,0,NA,NA,NA,"Unspecified",NA,NA,NA,NA,NA,NA,NA,NA,NA,NA,NA,NA,NA,NA,FALSE,"Unspecified",NA,NA,NA,NA,NA,"Infection","Age,Sex,Other",NA,"Significant","Adjusted","Both","Community based","General population",0,92,23153,"Saudi Arabia","Riyadh",NA,"01","2017",NA,"12","2017",NA,NA,NA,NA,FALSE,FALSE,NA,"Risk factors",NA,NA,NA
"8dbc2d6435367657399945da59a55d8a","d90c6a722b5c4c918c21fd609e7f2030",14353,"MERS-CoV","Human delay - symptom onset>admission to care",7,0,"Days",NA,NA,"Median",NA,NA,NA,NA,NA,NA,NA,NA,NA,NA,NA,NA,NA,NA,FALSE,"Unspecified",NA,NA,NA,FALSE,NA,NA,NA,NA,NA,NA,"Both","Hospital based","Other",NA,NA,51,"Saudi Arabia","Najran",NA,"03","2014",NA,"12","2018",NA,NA,NA,NA,FALSE,FALSE,NA,"Human delay",NA,NA,NA
"8dbc2d6435367657399945da59a55d8a","3963690ca3d4fc53ae0c1e29f9e9db73",14353,"MERS-CoV","Human delay - symptom onset>death",15,0,"Days",NA,NA,"Median",NA,NA,NA,NA,NA,NA,NA,NA,NA,NA,NA,NA,NA,NA,FALSE,"Unspecified",NA,NA,NA,FALSE,NA,NA,NA,NA,NA,NA,"Both","Hospital based","Other",NA,NA,51,"Saudi Arabia","Najran",NA,"03","2014",NA,"12","2018",NA,NA,NA,NA,FALSE,FALSE,NA,"Human delay",NA,NA,NA
"8dbc2d6435367657399945da59a55d8a","e5c73ed1f676af50bce2b423398cac4b",14353,"MERS-CoV","Human delay - admission to care>discharge/recovery",12,0,"Days",NA,NA,"Median",NA,NA,NA,NA,NA,NA,NA,NA,NA,NA,NA,NA,NA,NA,FALSE,"Unspecified",NA,NA,NA,FALSE,NA,NA,NA,NA,NA,NA,"Both","Hospital based","Other",NA,NA,51,"Saudi Arabia","Najran",NA,"03","2014",NA,"12","2018",NA,NA,NA,NA,FALSE,FALSE,NA,"Human delay",NA,NA,NA
"8dbc2d6435367657399945da59a55d8a","d6a00e2daeb3ca4780627e305f315d03",14353,"MERS-CoV","Human delay - other human delay (go to section)",8,0,"Days",NA,NA,"Median",NA,NA,NA,NA,NA,NA,NA,NA,NA,NA,NA,NA,NA,NA,FALSE,"Unspecified",NA,NA,NA,FALSE,NA,NA,NA,NA,NA,NA,"Both","Hospital based","Other",NA,NA,51,"Saudi Arabia","Najran",NA,"03","2014",NA,"12","2018",NA,NA,"symptom onset","Diagnosis/test result",FALSE,FALSE,NA,"Human delay",NA,NA,NA
"8dbc2d6435367657399945da59a55d8a","402e18e5db27a022acfa835206f78e42",14353,"MERS-CoV","Severity - case fatality ratio (CFR)",37.3,0,"Percentage (%)",NA,NA,"Other",NA,NA,NA,NA,NA,19,51,NA,NA,NA,NA,NA,NA,NA,FALSE,"Unspecified","Naive",NA,"Time",TRUE,FALSE,NA,NA,NA,NA,NA,"Both","Hospital based","Other",NA,NA,51,"Saudi Arabia","Najran",NA,"03","2014",NA,"12","2018",NA,NA,NA,NA,FALSE,FALSE,NA,"Severity",NA,NA,NA
"8dbc2d6435367657399945da59a55d8a","b6d3df0d70921ec7ef22f2095249b2e3",14353,"MERS-CoV","Risk factors",NA,0,NA,NA,NA,"Unspecified",NA,NA,NA,NA,NA,NA,NA,NA,NA,NA,NA,NA,NA,NA,FALSE,"Unspecified",NA,NA,NA,FALSE,NA,"Death","Comorbidity,Other",NA,"Significant","Not adjusted","Both","Hospital based","Other",NA,NA,51,"Saudi Arabia","Najran",NA,"03","2014",NA,"12","2018",NA,NA,NA,NA,FALSE,FALSE,NA,"Risk factors",NA,NA,NA
"8dbc2d6435367657399945da59a55d8a","abd5a952ce55a58941239afc3e92378d",14353,"MERS-CoV","Risk factors",NA,0,NA,NA,NA,"Unspecified",NA,NA,NA,NA,NA,NA,NA,NA,NA,NA,NA,NA,NA,NA,FALSE,"Unspecified",NA,NA,NA,FALSE,NA,"Death","Other",NA,"Not significant","Adjusted","Both","Hospital based","Other",NA,NA,51,"Saudi Arabia","Najran",NA,"03","2014",NA,"12","2018",NA,NA,NA,NA,FALSE,FALSE,NA,"Risk factors",NA,NA,NA
"8dbc2d6435367657399945da59a55d8a","1f375757f4e198f448217b7b144baf75",14353,"MERS-CoV","Risk factors",NA,0,NA,NA,NA,"Unspecified",NA,NA,NA,NA,NA,NA,NA,NA,NA,NA,NA,NA,NA,NA,FALSE,"Unspecified",NA,NA,NA,FALSE,NA,"Death","Comorbidity",NA,"Significant","Adjusted","Both","Hospital based","Other",NA,NA,51,"Saudi Arabia","Najran",NA,"03","2014",NA,"12","2018",NA,NA,NA,NA,FALSE,FALSE,NA,"Risk factors",NA,NA,NA
"b487ecfbceb0f184b9e16dce88f74dff","489faf5cc28ed9f63e4101b26836b421",14397,"MERS-CoV","Severity - case fatality ratio (CFR)",34.15,0,"Percentage (%)",NA,NA,"Other",NA,NA,NA,NA,NA,181,530,NA,NA,NA,NA,NA,NA,NA,FALSE,"Unspecified","Naive",NA,NA,FALSE,NA,NA,NA,NA,NA,NA,"Both","Hospital based","Persons under investigation",NA,NA,1763,"Saudi Arabia",NA,29,"04","2014","7","06","2016",NA,NA,NA,NA,FALSE,FALSE,NA,"Severity",NA,NA,NA
"3ccd6c32c0cc005fd31ab5a6d7c2042a","e3437885a2a883e24a249c6256c8cb42",14424,"MERS-CoV","Risk factors",NA,0,NA,NA,NA,"Unspecified",NA,NA,NA,NA,NA,NA,NA,NA,NA,NA,NA,NA,NA,NA,FALSE,"Unspecified",NA,NA,NA,FALSE,NA,"Death","Age,Comorbidity,Sex,Other",NA,"Significant","Adjusted","Both","Hospital based","Persons with symptoms",14,NA,266,"Saudi Arabia","14 hospitals",NA,"09","2012",NA,"01","2018",NA,NA,NA,NA,FALSE,FALSE,NA,"Risk factors",NA,NA,NA
"3ccd6c32c0cc005fd31ab5a6d7c2042a","d07ce51fff7015e7d6e7fd302a03359d",14424,"MERS-CoV","Risk factors",NA,0,NA,NA,NA,"Unspecified",NA,NA,NA,NA,NA,NA,NA,NA,NA,NA,NA,NA,NA,NA,FALSE,"Unspecified",NA,NA,NA,FALSE,NA,"Death","Comorbidity,Other",NA,"Not significant","Adjusted","Both","Hospital based","Persons with symptoms",14,NA,266,"Saudi Arabia","14 hospitals",NA,"09","2012",NA,"01","2018",NA,NA,NA,NA,FALSE,FALSE,NA,"Risk factors",NA,NA,NA
"3ccd6c32c0cc005fd31ab5a6d7c2042a","2f0e4aa660d50564a6bb50ef0ddd9242",14424,"MERS-CoV","Risk factors",NA,0,NA,NA,NA,"Unspecified",NA,NA,NA,NA,NA,NA,NA,NA,NA,NA,NA,NA,NA,NA,NA,"Unspecified",NA,NA,NA,FALSE,NA,"Death","Age,Comorbidity,Sex,Other",NA,"Significant","Adjusted","Both","Hospital based","Persons with symptoms",14,NA,350,"Saudi Arabia","14 hospitals",NA,"09","2012",NA,"01","2018",NA,NA,NA,NA,FALSE,FALSE,NA,"Risk factors",NA,NA,NA
"3ccd6c32c0cc005fd31ab5a6d7c2042a","1b5077b9e77186cc28785c47b3008a5a",14424,"MERS-CoV","Risk factors",NA,0,NA,NA,NA,"Unspecified",NA,NA,NA,NA,NA,NA,NA,NA,NA,NA,NA,NA,NA,NA,FALSE,"Unspecified",NA,NA,NA,FALSE,NA,"Death","Comorbidity,Other",NA,"Not significant","Adjusted","Both","Hospital based","Persons with symptoms",14,NA,350,"Saudi Arabia","14 hospitals",NA,"09","2012",NA,"01","2018",NA,NA,NA,NA,FALSE,FALSE,NA,"Risk factors",NA,NA,NA
"3ccd6c32c0cc005fd31ab5a6d7c2042a","c916e23dc5705b4960b0d49585d0caa3",14424,"MERS-CoV","Severity - case fatality ratio (CFR)",NA,0,"Percentage (%)",42.5,79.5,"Other",NA,NA,NA,NA,NA,NA,NA,NA,NA,NA,NA,NA,NA,NA,FALSE,"Unspecified",NA,NA,"Other",TRUE,TRUE,NA,NA,NA,NA,NA,"Both","Hospital based","Persons with symptoms",14,NA,350,"Saudi Arabia","14 hospitals",NA,"09","2012",NA,"01","2018",NA,NA,NA,NA,FALSE,FALSE,NA,"Severity","42.5 - 79.5",NA,NA
"3ccd6c32c0cc005fd31ab5a6d7c2042a","19a2de8bab35acf5d37bb4c1e762d3e8",14424,"MERS-CoV","Human delay - other human delay (go to section)",NA,0,"Days",4,5,"Median",NA,NA,2,8,"Range",NA,NA,NA,NA,NA,NA,NA,NA,NA,FALSE,"Unspecified",NA,NA,"Other",TRUE,TRUE,NA,NA,NA,NA,NA,"Both","Hospital based","Persons with symptoms",14,NA,350,"Saudi Arabia","14 hospitals",NA,"09","2012",NA,"01","2018",NA,NA,"Days from the onset of symptoms to the emergency room, median (Q1, Q3)","time to the emergency room",FALSE,FALSE,NA,"Human delay","4 - 5","Range","2 - 8"
"3ccd6c32c0cc005fd31ab5a6d7c2042a","d09dfa49d6591148ea5ae11296c3e729",14424,"MERS-CoV","Human delay - other human delay (go to section)",7,0,"Days",NA,NA,"Median",NA,NA,4,11,"Range",NA,NA,NA,NA,NA,NA,NA,NA,NA,FALSE,"Unspecified",NA,NA,"Other",TRUE,TRUE,NA,NA,NA,NA,NA,"Both","Hospital based","Persons with symptoms",14,NA,350,"Saudi Arabia","14 hospitals",NA,"09","2012",NA,"01","2018",NA,NA,"Days from symptom onset to ICU admission, median (Q1, Q3)","Admission to Critical Care/ICU",FALSE,FALSE,NA,"Human delay",NA,"Range","4 - 11"
"3ccd6c32c0cc005fd31ab5a6d7c2042a","1449bbf3cfdfafa12026f14155aea229",14424,"MERS-CoV","Human delay - other human delay (go to section)",NA,0,"Days",8,8,"Median",NA,NA,5,13,"IQR",NA,NA,NA,NA,NA,NA,NA,NA,NA,FALSE,"Unspecified",NA,NA,"Other",TRUE,TRUE,NA,NA,NA,NA,NA,"Both","Hospital based","Persons with symptoms",14,NA,350,"Saudi Arabia","14 hospitals",NA,"09","2012",NA,"01","2018",NA,NA,"Days from symptom onset to intubation, median (Q1, Q3)","intubation",FALSE,FALSE,NA,"Human delay","8 - 8","IQR","5 - 13"
"3ccd6c32c0cc005fd31ab5a6d7c2042a","31a3fc5aab5a64c9bea1f0b093102791",14424,"MERS-CoV","Human delay - time in care (length of stay)",NA,0,"Days",18,20,"Median",NA,NA,10,37,"Range",NA,NA,NA,NA,NA,NA,NA,NA,NA,FALSE,"Unspecified",NA,NA,"Other",TRUE,TRUE,NA,NA,NA,NA,NA,"Both","Hospital based","Persons with symptoms",14,NA,350,"Saudi Arabia","14 hospitals",NA,"09","2012",NA,"01","2018",NA,NA,NA,NA,FALSE,FALSE,NA,"Human delay","18 - 20","Range","10 - 37"
"cab87da9a46783577822adec81f4f1ed","0bc0abfffb536716b0ced3fe41213a8f",14437,"MERS-CoV","Seroprevalence - IgG",51.1,0,"Percentage (%)",NA,NA,"Unspecified",NA,NA,40.9,61.3,"95% CI",46,90,NA,NA,NA,NA,NA,NA,NA,FALSE,"Unspecified",NA,NA,"Age; Sex; Other",TRUE,FALSE,NA,NA,NA,NA,NA,"Both","Community based","Mixed groups",22,59,90,"Iraq","Diyala Province",NA,"08","2017",NA,"10","2018",NA,NA,NA,NA,FALSE,FALSE,NA,"Seroprevalence",NA,"95% CI","40.9 - 61.3"
"8e543ed8b134780b95380c4a426276a5","95371e8860a95917e8ea4d1a9d6c41cd",14447,"MERS-CoV","Severity - symptomatic proportion of infections",NA,0,NA,NA,NA,"Unspecified",NA,NA,NA,NA,NA,27,46,NA,NA,NA,NA,NA,NA,NA,NA,"Unspecified","Naive",NA,"Age; Sex; Symptoms",TRUE,FALSE,NA,NA,NA,NA,NA,"Both","Unspecified","Unspecified",NA,NA,46,NA,NA,NA,"01","2018",NA,"09","2019",NA,NA,NA,NA,FALSE,FALSE,NA,"Severity",NA,NA,NA
"8e543ed8b134780b95380c4a426276a5","c98dcd94654ed9fba867b61363dcf137",14447,"MERS-CoV","Severity - asymptomatic proportion of infections",NA,0,NA,NA,NA,"Unspecified",NA,NA,NA,NA,NA,19,46,NA,NA,NA,NA,NA,NA,NA,NA,"Unspecified",NA,NA,"Age; Sex; Symptoms",TRUE,FALSE,NA,NA,NA,NA,NA,"Both","Unspecified","Unspecified",NA,NA,46,NA,NA,NA,"01","2018",NA,"09","2019",NA,NA,NA,NA,FALSE,FALSE,NA,"Severity",NA,NA,NA
"8e543ed8b134780b95380c4a426276a5","17295b6301f840db09d78e1eec98deba",14447,"MERS-CoV","Severity - case fatality ratio (CFR)",NA,0,NA,NA,NA,"Unspecified",NA,NA,NA,NA,NA,8,46,NA,NA,NA,NA,NA,NA,NA,NA,"Unspecified","Naive",NA,"Age; Sex; Symptoms",TRUE,NA,NA,NA,NA,NA,NA,"Both","Unspecified","Unspecified",NA,NA,46,NA,NA,NA,"01","2018",NA,"09","2019",NA,NA,NA,NA,FALSE,FALSE,NA,"Severity",NA,NA,NA
"292dc75e387edb5333085362b95855ea","da970867a30908d356269f134e7fe783",14508,"MERS-CoV","Risk factors",NA,0,NA,NA,NA,"Unspecified",NA,NA,NA,NA,NA,NA,NA,NA,NA,NA,NA,NA,NA,NA,FALSE,"Unspecified",NA,NA,NA,FALSE,NA,"Death","Age,Comorbidity,Hospitalisation,Occupation","Healthcare","Significant","Adjusted","Both","Mixed settings","Mixed groups",NA,NA,787,"Saudi Arabia","Saudi Arabia",NA,NA,"2012",NA,NA,"2016",NA,NA,NA,NA,FALSE,FALSE,NA,"Risk factors",NA,NA,NA
"292dc75e387edb5333085362b95855ea","4cbb09a30147a7e33ba796628ac6f422",14508,"MERS-CoV","Risk factors",NA,0,NA,NA,NA,"Unspecified",NA,NA,NA,NA,NA,NA,NA,NA,NA,NA,NA,NA,NA,NA,FALSE,"Unspecified",NA,NA,NA,FALSE,NA,"Death","Sex,Other",NA,"Not significant","Adjusted","Both","Mixed settings","Mixed groups",NA,NA,787,"Saudi Arabia","Saudi Arabia",NA,NA,"2012",NA,NA,"2016",NA,NA,NA,NA,FALSE,FALSE,NA,"Risk factors",NA,NA,NA
"292dc75e387edb5333085362b95855ea","e0183e35fd2319dea3a61e65e458b9a0",14508,"MERS-CoV","Severity - case fatality ratio (CFR)",NA,0,"Percentage (%)",24.4,33.1,"Other",NA,NA,NA,NA,NA,NA,NA,NA,NA,NA,NA,NA,NA,NA,FALSE,"Unspecified","Naive",NA,NA,FALSE,NA,NA,NA,NA,NA,NA,"Both","Mixed settings","Mixed groups",NA,NA,787,"Saudi Arabia","Saudi Arabia",NA,NA,"2012",NA,NA,"2016",NA,NA,NA,NA,FALSE,FALSE,NA,"Severity","24.4 - 33.1",NA,NA
"ab0adb6adec1826b842dfe0c32c12edf","1328e3cbd23a3f19227fb7a693d4f66b",14538,"MERS-CoV","Reproduction number (Basic R0)",0.9,0,NA,NA,NA,"Unspecified",NA,NA,NA,NA,NA,NA,NA,NA,NA,NA,NA,NA,NA,NA,FALSE,"Unspecified",NA,"Other",NA,FALSE,NA,NA,NA,NA,NA,NA,"Both","Population based","Mixed groups",NA,NA,835,"Saudi Arabia",NA,6,"06","2012","05","01","2015",NA,NA,NA,NA,FALSE,FALSE,"Human-human","Reproduction number",NA,NA,NA
"ab0adb6adec1826b842dfe0c32c12edf","b46bbff24b072e34c19e8faa39f85fd2",14538,"MERS-CoV","Severity - case fatality ratio (CFR)",43.2,0,"Percentage (%)",22.2,79,"Unspecified",NA,NA,NA,NA,NA,361,835,NA,NA,NA,NA,NA,NA,NA,FALSE,"Unspecified","Naive",NA,"Age",TRUE,FALSE,NA,NA,NA,NA,NA,"Both","Population based","Mixed groups",NA,NA,835,"Saudi Arabia",NA,6,"06","2012","05","01","2015",NA,NA,NA,NA,FALSE,FALSE,NA,"Severity","22.2 - 79",NA,NA
"ab0adb6adec1826b842dfe0c32c12edf","41cca1ad9817d89d13284773639bde2f",14538,"MERS-CoV","Human delay - symptom onset>admission to care",2,0,NA,NA,NA,"Median",NA,NA,0,5,"IQR",NA,NA,NA,NA,NA,NA,NA,NA,NA,FALSE,"Unspecified",NA,NA,"Occupation",TRUE,FALSE,NA,NA,NA,NA,NA,"Both","Population based","Mixed groups",NA,NA,751,"Saudi Arabia",NA,6,"06","2012","05","01","2015",NA,NA,NA,NA,FALSE,FALSE,NA,"Human delay",NA,"IQR","0 - 5"
"ab0adb6adec1826b842dfe0c32c12edf","0ae42bb9af4ae6c8faa36350ff1e2b91",14538,"MERS-CoV","Human delay - time in care (length of stay)",14,0,"Days",NA,NA,"Median",NA,NA,6,27,"IQR",NA,NA,NA,NA,NA,NA,NA,NA,NA,FALSE,"Unspecified",NA,NA,"Occupation",TRUE,FALSE,NA,NA,NA,NA,NA,"Both","Population based","Mixed groups",NA,NA,751,"Saudi Arabia",NA,6,"06","2012","05","01","2015",NA,NA,NA,NA,FALSE,FALSE,NA,"Human delay",NA,"IQR","6 - 27"
"ab0adb6adec1826b842dfe0c32c12edf","fbae89bc616315c10ab79e85ff9017a2",14538,"MERS-CoV","Risk factors",NA,0,NA,NA,NA,"Unspecified",NA,NA,NA,NA,NA,NA,NA,NA,NA,NA,NA,NA,NA,NA,FALSE,"Unspecified",NA,NA,NA,NA,NA,"Death","Age,Occupation","Healthcare","Significant","Adjusted","Both","Population based","Mixed groups",NA,NA,835,"Saudi Arabia",NA,6,"06","2012","05","01","2015",NA,NA,NA,NA,FALSE,FALSE,NA,"Risk factors",NA,NA,NA
"ab0adb6adec1826b842dfe0c32c12edf","7e99f95b45b950c1b850e428d2bee5b2",14538,"MERS-CoV","Risk factors",NA,0,NA,NA,NA,"Unspecified",NA,NA,NA,NA,NA,NA,NA,NA,NA,NA,NA,NA,NA,NA,FALSE,"Unspecified",NA,NA,NA,FALSE,NA,"Death","Sex,Other",NA,"Not significant","Adjusted","Both","Population based","Mixed groups",NA,NA,835,"Saudi Arabia",NA,6,"06","2012","05","01","2015",NA,NA,NA,NA,FALSE,FALSE,NA,"Risk factors",NA,NA,NA
"970032b8ce1e6f6d163ef46eeaf152c0","eecda57c3b0a71699abb2455ab38cb1b",14572,"MERS-CoV","Risk factors",NA,0,NA,NA,NA,"Unspecified",NA,NA,NA,NA,NA,NA,NA,NA,NA,NA,NA,NA,NA,NA,FALSE,"Unspecified",NA,NA,NA,FALSE,NA,"Infection","Environmental,Temperature,Humidity,Other",NA,"Significant","Unspecified","Both","Population based","Mixed groups",NA,NA,712,"Saudi Arabia","Riyadh Region",1,"11","2012","31","12","2018",NA,NA,NA,NA,FALSE,FALSE,NA,"Risk factors",NA,NA,NA
"970032b8ce1e6f6d163ef46eeaf152c0","847cf8906099366a38405ba4047b23e8",14572,"MERS-CoV","Risk factors",NA,0,NA,NA,NA,"Unspecified",NA,NA,NA,NA,NA,NA,NA,NA,NA,NA,NA,NA,NA,NA,FALSE,"Unspecified",NA,NA,NA,FALSE,NA,"Infection","Other",NA,"Not significant","Unspecified","Both","Population based","Mixed groups",NA,NA,712,"Saudi Arabia","Riyadh Region",1,"11","2012","31","12","2018",NA,NA,NA,NA,FALSE,FALSE,NA,"Risk factors",NA,NA,NA
"507a7d486b7f09ee6c7cfb7a4dcdb7b7","f82434cb93c87501a112967002f01184",14638,"MERS-CoV","Seroprevalence - Unspecified",NA,0,"Percentage (%)",0,0,"Unspecified",NA,NA,NA,NA,NA,NA,NA,NA,NA,NA,NA,NA,NA,NA,FALSE,"Unspecified",NA,NA,"Region; Other",TRUE,TRUE,NA,NA,NA,NA,NA,"Male","Mixed settings","Mixed groups",18,NA,91,"China; Nigeria","Kano (Nigeria); Guangzhou (China)",13,"03","2018","31","08","2018",NA,NA,NA,NA,FALSE,FALSE,NA,"Seroprevalence","0 - 0",NA,NA
"507a7d486b7f09ee6c7cfb7a4dcdb7b7","654908db997a2483179337997ac57a60",14638,"MERS-CoV","Seroprevalence - Unspecified",NA,0,"Percentage (%)",0,30,"Unspecified",NA,NA,NA,NA,NA,NA,NA,NA,NA,NA,NA,NA,NA,NA,FALSE,"Unspecified",NA,NA,NA,NA,NA,NA,NA,NA,NA,NA,"Male","Mixed settings","Mixed groups",18,NA,115,"China; Nigeria","Kano (Nigeria); Guangzhou (China)",13,"03","2018","31","08","2018",NA,NA,NA,NA,FALSE,FALSE,NA,"Seroprevalence","0 - 30",NA,NA
"507a7d486b7f09ee6c7cfb7a4dcdb7b7","9a6b97c78294b2f9f7c66457193dd503",14638,"MERS-CoV","Risk factors",NA,0,NA,NA,NA,"Unspecified",NA,NA,NA,NA,NA,NA,NA,NA,NA,NA,NA,NA,NA,NA,NA,"Unspecified",NA,NA,NA,NA,NA,"Serology","Consumption of animal product",NA,"Significant","Not adjusted","Male","Trade / business based","Animal workers incl. veterinary",18,NA,81,"Nigeria","Kano",13,"03","2018","26","03","2018",NA,NA,NA,NA,FALSE,FALSE,NA,"Risk factors",NA,NA,NA
"507a7d486b7f09ee6c7cfb7a4dcdb7b7","1bb982d0aedb80f221b9d1daff3e528f",14638,"MERS-CoV","Risk factors",NA,0,NA,NA,NA,"Unspecified",NA,NA,NA,NA,NA,NA,NA,NA,NA,NA,NA,NA,NA,NA,FALSE,"Unspecified",NA,NA,NA,NA,NA,"Serology","Age,Camel contact (home),Other",NA,NA,NA,"Male","Trade / business based","Animal workers incl. veterinary",18,NA,81,"Nigeria","Kano",13,"03","2018","31","08","2018",NA,NA,NA,NA,FALSE,FALSE,NA,"Risk factors",NA,NA,NA
"507a7d486b7f09ee6c7cfb7a4dcdb7b7","5d4f49be660c9ddb78ddb690b2ddc6c8",14638,"MERS-CoV","Risk factors",NA,0,NA,NA,NA,"Unspecified",NA,NA,NA,NA,NA,NA,NA,NA,NA,NA,NA,NA,NA,NA,FALSE,"Unspecified",NA,NA,"Method",TRUE,NA,"Serology","Consumption of animal product",NA,"Significant","Adjusted","Male","Trade / business based","Animal workers incl. veterinary",18,NA,81,"Nigeria","Kano",13,"03","2018","31","08","2018",NA,NA,NA,NA,FALSE,FALSE,NA,"Risk factors",NA,NA,NA
"507a7d486b7f09ee6c7cfb7a4dcdb7b7","3a3213c26fc1fd1175e5d9ff4d7480cb",14638,"MERS-CoV","Risk factors",NA,0,NA,NA,NA,"Unspecified",NA,NA,NA,NA,NA,NA,NA,NA,NA,NA,NA,NA,NA,NA,FALSE,"Unspecified",NA,NA,"Method",TRUE,NA,"Serology","Camel contact (home),Consumption of animal product,Other",NA,"Not significant","Adjusted","Male","Trade / business based","Animal workers incl. veterinary",18,NA,81,"Nigeria","Kano",13,"03","2018","31","08","2018",NA,NA,NA,NA,FALSE,FALSE,NA,"Risk factors",NA,NA,NA
"4adfa52bc2e861b69d9a2e0460753e7b","891def02565a9f49be78c33a9c900298",14665,"MERS-CoV","Seroprevalence - IgG",1,0,"Percentage (%)",NA,NA,"Unspecified",NA,NA,NA,NA,NA,4,420,NA,NA,NA,NA,NA,NA,NA,FALSE,"Unspecified","Naive",NA,NA,FALSE,NA,NA,NA,NA,NA,NA,"Both","Hospital based","Healthcare workers",NA,NA,420,"Saudi Arabia","Riyadh in hospitals: King Abdallah Specialist Children Hospital; King Abdulaziz Medical City; Prince Mohammed bin Abdulaziz Hospital",1,"07","2020","31","12","2020",NA,NA,NA,NA,FALSE,FALSE,NA,"Seroprevalence",NA,NA,NA
"ae98a5aba05e10e0a5ba7d98dcb309e4","c5350b010380a5c4bcd32ede58dfbee4",14682,"MERS-CoV","Seroprevalence - IgG",NA,0,NA,NA,NA,"Unspecified",NA,NA,NA,NA,NA,1,34,NA,NA,NA,NA,NA,NA,NA,FALSE,"Post outbreak","Naive",NA,NA,FALSE,NA,NA,NA,NA,NA,NA,"Both","Hospital based","Healthcare workers",NA,NA,34,"Republic of Korea",NA,NA,NA,NA,NA,NA,NA,NA,NA,NA,NA,FALSE,FALSE,NA,"Seroprevalence",NA,NA,NA
"55d8142e77bec451682b5cd077bad8f7","08717221869844779b5081532944626f",14733,"MERS-CoV","Severity - case fatality ratio (CFR)",NA,0,NA,NA,NA,"Unspecified",NA,NA,NA,NA,NA,6,13,NA,NA,NA,NA,NA,NA,NA,FALSE,"Unspecified","Naive",NA,NA,FALSE,NA,NA,NA,NA,NA,NA,"Both","Hospital based","Persons under investigation",26,77,13,"Saudi Arabia","Riyadh; 'various hospitals'",NA,"08","2015",NA,"11","2017",NA,NA,NA,NA,FALSE,FALSE,NA,"Severity",NA,NA,NA
"55d8142e77bec451682b5cd077bad8f7","eb767028adacb0cbad72f205fbef7ed3",14733,"MERS-CoV","Human delay - incubation period",12,0,"Days",NA,NA,"Median",NA,NA,NA,NA,NA,NA,NA,NA,NA,NA,NA,NA,NA,NA,FALSE,"Unspecified",NA,NA,NA,FALSE,NA,NA,NA,NA,NA,NA,"Both","Hospital based","Persons under investigation",26,77,13,"Saudi Arabia","Riyadh; 'various hospitals'",NA,"08","2015",NA,"11","2017",NA,NA,NA,NA,FALSE,FALSE,NA,"Human delay",NA,NA,NA
"d65a11ed0b0bbc32a3a9860630a613c2","b717d4ab71b5367730dc8679977b0a8a",14737,"MERS-CoV","Severity - case fatality ratio (CFR)",NA,0,NA,NA,NA,"Unspecified",NA,NA,NA,NA,NA,2,11,NA,NA,NA,NA,NA,NA,NA,FALSE,"Post outbreak","Naive",NA,NA,FALSE,NA,NA,NA,NA,NA,NA,"Unspecified","Hospital based","Persons under investigation",NA,NA,11,"Republic of Korea","One of the affected hospitals in north-East Seoul (not the initial one)",NA,"05","2016",NA,"06","2016",NA,NA,NA,NA,FALSE,FALSE,NA,"Severity",NA,NA,NA
"d65a11ed0b0bbc32a3a9860630a613c2","2f363e2e4bae0d80e6e7ee4b9a4b3eeb",14737,"MERS-CoV","Human delay - incubation period",NA,0,"Days",6,20,"Unspecified",NA,NA,NA,NA,NA,NA,NA,NA,NA,NA,NA,NA,NA,NA,FALSE,"Post outbreak",NA,NA,NA,NA,NA,NA,NA,NA,NA,NA,"Unspecified","Hospital based","Persons under investigation",NA,NA,11,"Republic of Korea","One of the affected hospitals in north-East Seoul (not the initial one)",NA,"05","2016",NA,"06","2016",NA,NA,NA,NA,FALSE,FALSE,NA,"Human delay","6 - 20",NA,NA
"d65a11ed0b0bbc32a3a9860630a613c2","cd5bf0d50419aea34aae97832f5f7bb8",14737,"MERS-CoV","Attack rate",NA,0,"Percentage (%)",0.4,3,"Unspecified",NA,NA,NA,NA,NA,NA,NA,NA,NA,NA,NA,NA,NA,NA,FALSE,"Post outbreak",NA,NA,"Other",TRUE,TRUE,NA,NA,NA,NA,NA,"Unspecified","Hospital based","Persons under investigation",NA,NA,11,"Republic of Korea","One of the affected hospitals in north-East Seoul (not the initial one)",NA,"05","2016",NA,"06","2016",NA,NA,NA,NA,FALSE,FALSE,NA,"Attack rate","0.4 - 3",NA,NA
"b175f7a48383253a509608fafc9bc6b9","eaedf7d511434da9b4b6efa61bc16481",14768,"MERS-CoV","Human delay - other human delay (go to section)",5,0,"Days",NA,NA,"Median",NA,NA,NA,NA,NA,NA,NA,NA,NA,NA,NA,NA,NA,NA,FALSE,"Unspecified",NA,NA,"Other",TRUE,TRUE,NA,NA,NA,NA,NA,"Both","Hospital based","Mixed groups",NA,NA,144,"Saudi Arabia","14 hospitals in 5 cities across the country",NA,"09","2012",NA,"01","2018",NA,NA,"Symptom Onset","Seeking Care",FALSE,FALSE,NA,"Human delay",NA,NA,NA
"b175f7a48383253a509608fafc9bc6b9","5775156953f21832ee997eb1894738ac",14768,"MERS-CoV","Human delay - other human delay (go to section)",4,0,"Days",NA,NA,"Median",NA,NA,NA,NA,NA,NA,NA,NA,NA,NA,NA,NA,NA,NA,FALSE,"Unspecified",NA,NA,"Other",TRUE,TRUE,NA,NA,NA,NA,NA,"Both","Hospital based","Mixed groups",NA,NA,205,"Saudi Arabia","14 hospitals in 5 cities across the country",NA,"09","2012",NA,"01","2018",NA,NA,"Symptom onset","Seeking Care",FALSE,FALSE,NA,"Human delay",NA,NA,NA
"b175f7a48383253a509608fafc9bc6b9","fe00501d3dd46399c2c198737e623151",14768,"MERS-CoV","Human delay - other human delay (go to section)",8,0,"Days",NA,NA,"Median",NA,NA,NA,NA,NA,NA,NA,NA,NA,NA,NA,NA,NA,NA,FALSE,"Unspecified",NA,NA,"Other",TRUE,TRUE,NA,NA,NA,NA,NA,"Both","Hospital based","Mixed groups",NA,NA,144,"Saudi Arabia","14 hospitals in 5 cities across the country",NA,"09","2012",NA,"01","2018",NA,NA,"Symptom onset","Admission to Critical Care/ICU",FALSE,FALSE,NA,"Human delay",NA,NA,NA
"b175f7a48383253a509608fafc9bc6b9","cb314c3cb85d67fd3ba1dea59bb9db00",14768,"MERS-CoV","Human delay - other human delay (go to section)",7,0,"Days",NA,NA,"Median",NA,NA,NA,NA,NA,NA,NA,NA,NA,NA,NA,NA,NA,NA,FALSE,"Unspecified",NA,NA,"Other",TRUE,TRUE,NA,NA,NA,NA,NA,"Both","Hospital based","Mixed groups",NA,NA,205,"Saudi Arabia","14 hospitals in 5 cities across the country",NA,"09","2012",NA,"01","2018",NA,NA,"Symptom onset","Admission to Critical Care/ICU",FALSE,FALSE,NA,"Human delay",NA,NA,NA
"b175f7a48383253a509608fafc9bc6b9","9c8df03113fbb4541567ba1636dd4dce",14768,"MERS-CoV","Human delay - other human delay (go to section)",8.5,0,"Days",NA,NA,"Median",NA,NA,NA,NA,NA,NA,NA,NA,NA,NA,NA,NA,NA,NA,FALSE,"Unspecified",NA,NA,"Other",TRUE,TRUE,NA,NA,NA,NA,NA,"Both","Hospital based","Mixed groups",NA,NA,144,"Saudi Arabia","14 hospitals in 5 cities across the country",NA,"09","2012",NA,"01","2018",NA,NA,"Symptom onset","Intubation",FALSE,FALSE,NA,"Human delay",NA,NA,NA
"b175f7a48383253a509608fafc9bc6b9","9b97748a110b89fa5af6417ab2ba61eb",14768,"MERS-CoV","Human delay - other human delay (go to section)",7.5,0,"Days",NA,NA,"Median",NA,NA,NA,NA,NA,NA,NA,NA,NA,NA,NA,NA,NA,NA,FALSE,"Unspecified",NA,NA,"Other",TRUE,TRUE,NA,NA,NA,NA,NA,"Both","Hospital based","Mixed groups",NA,NA,205,"Saudi Arabia","14 hospitals in 5 cities across the country",NA,"09","2012",NA,"01","2018",NA,NA,"Symptom onset","Intubation",FALSE,FALSE,NA,"Human delay",NA,NA,NA
"b175f7a48383253a509608fafc9bc6b9","c67713b227a491c249791ee77087674c",14768,"MERS-CoV","Human delay - time in care (length of stay)",11,0,"Days",NA,NA,"Median",NA,NA,NA,NA,NA,NA,NA,NA,NA,NA,NA,NA,NA,NA,FALSE,"Unspecified",NA,NA,"Other",TRUE,TRUE,NA,NA,NA,NA,NA,"Both","Hospital based","Mixed groups",NA,NA,144,"Saudi Arabia","14 hospitals in 5 cities across the country",NA,"09","2012",NA,"01","2018",NA,NA,NA,NA,FALSE,FALSE,NA,"Human delay",NA,NA,NA
"b175f7a48383253a509608fafc9bc6b9","0f4c38e07ec1942ac92232ccb5bdfef2",14768,"MERS-CoV","Human delay - time in care (length of stay)",8,0,"Days",NA,NA,"Median",NA,NA,NA,NA,NA,NA,NA,NA,NA,NA,NA,NA,NA,NA,FALSE,"Unspecified",NA,NA,"Other",TRUE,TRUE,NA,NA,NA,NA,NA,"Both","Hospital based","Mixed groups",NA,NA,205,"Saudi Arabia","14 hospitals in 5 cities across the country",NA,"09","2012",NA,"01","2018",NA,NA,NA,NA,FALSE,FALSE,NA,"Human delay",NA,NA,NA
"b175f7a48383253a509608fafc9bc6b9","ce09f16cd5209532865edf2b3b15cdee",14768,"MERS-CoV","Human delay - time in care (length of stay)",17,0,"Days",NA,NA,"Median",NA,NA,NA,NA,NA,NA,NA,NA,NA,NA,NA,NA,NA,NA,FALSE,"Unspecified",NA,NA,"Other",TRUE,TRUE,NA,NA,NA,NA,NA,"Both","Hospital based","Mixed groups",NA,NA,144,"Saudi Arabia","14 hospitals in 5 cities across the country",NA,"09","2012",NA,"01","2018",NA,NA,NA,NA,FALSE,FALSE,NA,"Human delay",NA,NA,NA
"b175f7a48383253a509608fafc9bc6b9","8941bd431ac51186cbd841d6fbf7a299",14768,"MERS-CoV","Human delay - time in care (length of stay)",20,0,"Days",NA,NA,"Median",NA,NA,NA,NA,NA,NA,NA,NA,NA,NA,NA,NA,NA,NA,FALSE,"Unspecified",NA,NA,"Other",TRUE,TRUE,NA,NA,NA,NA,NA,"Both","Hospital based","Mixed groups",NA,NA,205,"Saudi Arabia","14 hospitals in 5 cities across the country",NA,"09","2012",NA,"01","2018",NA,NA,NA,NA,FALSE,FALSE,NA,"Human delay",NA,NA,NA
"b175f7a48383253a509608fafc9bc6b9","78aae93469f4b89642172146e8b80610",14768,"MERS-CoV","Severity - case fatality ratio (CFR)",74.3,0,"Percentage (%)",NA,NA,"Unspecified",NA,NA,NA,NA,NA,107,144,NA,NA,NA,NA,NA,NA,NA,FALSE,"Unspecified","Naive",NA,"Time; Other",TRUE,TRUE,NA,NA,NA,NA,NA,"Both","Hospital based","Mixed groups",NA,NA,144,"Saudi Arabia","14 hospitals across 5 cities",NA,"09","2012",NA,"01","2018",NA,NA,NA,NA,FALSE,FALSE,NA,"Severity",NA,NA,NA
"b175f7a48383253a509608fafc9bc6b9","ddceff39bb2510e2ba1fda9f40ee0df7",14768,"MERS-CoV","Severity - case fatality ratio (CFR)",63.4,0,"Percentage (%)",NA,NA,"Unspecified",NA,NA,NA,NA,NA,130,205,NA,NA,NA,NA,NA,NA,NA,FALSE,"Unspecified","Naive",NA,"Time; Other",TRUE,NA,NA,NA,NA,NA,NA,"Both","Hospital based","Mixed groups",NA,NA,205,"Saudi Arabia","14 hospitals across 5 cities",NA,"09","2012",NA,"01","2018",NA,NA,NA,NA,FALSE,FALSE,NA,"Severity",NA,NA,NA
"b175f7a48383253a509608fafc9bc6b9","5444b851efe735941b0dfa92342caab8",14768,"MERS-CoV","Risk factors",NA,0,NA,NA,NA,"Unspecified",NA,NA,NA,NA,NA,NA,NA,NA,NA,NA,NA,NA,NA,NA,NA,"Unspecified",NA,NA,NA,FALSE,NA,"Death","Other",NA,"Significant","Not adjusted","Both","Hospital based","Mixed groups",NA,NA,349,"Saudi Arabia","14 hospitals across 5 cities",NA,"09","2012",NA,"01","2018",NA,NA,NA,NA,FALSE,FALSE,NA,"Risk factors",NA,NA,NA
"b175f7a48383253a509608fafc9bc6b9","49363ecd69395724347e9fdec57ece14",14768,"MERS-CoV","Risk factors",NA,0,NA,NA,NA,"Unspecified",NA,NA,NA,NA,NA,NA,NA,NA,NA,NA,NA,NA,NA,NA,FALSE,"Unspecified",NA,NA,"Method",TRUE,TRUE,"Death","Other",NA,"Significant","Adjusted","Both","Hospital based","Mixed groups",NA,NA,342,"Saudi Arabia","14 hospitals across 5 cities",NA,"09","2012",NA,"01","2018",NA,NA,NA,NA,FALSE,FALSE,NA,"Risk factors",NA,NA,NA
"b175f7a48383253a509608fafc9bc6b9","2bdfc295b425f5e4a1d3d02ca6c958c5",14768,"MERS-CoV","Risk factors",NA,0,NA,NA,NA,"Unspecified",NA,NA,NA,NA,NA,NA,NA,NA,NA,NA,NA,NA,NA,NA,FALSE,"Unspecified",NA,NA,"Method",TRUE,TRUE,"Death","Other",NA,"Not significant","Adjusted","Both","Hospital based","Mixed groups",NA,NA,342,"Saudi Arabia","14 hospitals across 5 cities",NA,"09","2012",NA,"01","2018",NA,NA,NA,NA,FALSE,FALSE,NA,"Risk factors",NA,NA,NA
"b175f7a48383253a509608fafc9bc6b9","eb8dd2fe86d7efa5779aa6d1f09aa0f9",14768,"MERS-CoV","Risk factors",NA,0,NA,NA,NA,"Unspecified",NA,NA,NA,NA,NA,NA,NA,NA,NA,NA,NA,NA,NA,NA,FALSE,"Unspecified",NA,NA,"Method",TRUE,TRUE,"Other","Other",NA,"Not significant","Adjusted","Both","Hospital based","Mixed groups",NA,NA,154,"Saudi Arabia","14 hospitals across 5 cities",NA,"09","2012",NA,"01","2018",NA,NA,NA,NA,FALSE,FALSE,NA,"Risk factors",NA,NA,NA
"b175f7a48383253a509608fafc9bc6b9","6879510292a426975c4cb51de3bec9c4",14768,"MERS-CoV","Human delay - other human delay (go to section)",28,0,"Days",NA,NA,"Median",NA,NA,NA,NA,NA,NA,NA,NA,NA,NA,NA,NA,NA,NA,FALSE,"Unspecified",NA,NA,"Other",TRUE,TRUE,NA,NA,NA,NA,NA,"Both","Hospital based","Mixed groups",NA,NA,144,"Saudi Arabia","14 hospitals across 5 cities",NA,"09","2012",NA,"01","2018",NA,NA,"ICU admission","Viral clearance",FALSE,FALSE,NA,"Human delay",NA,NA,NA
"b175f7a48383253a509608fafc9bc6b9","6eeece0507815dee6cf086ae2f72c420",14768,"MERS-CoV","Human delay - other human delay (go to section)",22,0,"Days",NA,NA,"Median",NA,NA,NA,NA,NA,NA,NA,NA,NA,NA,NA,NA,NA,NA,FALSE,"Unspecified",NA,NA,"Other",TRUE,TRUE,NA,NA,NA,NA,NA,"Both","Hospital based","Mixed groups",NA,NA,205,"Saudi Arabia","14 hospitals across 5 cities",NA,"09","2012",NA,"01","2018",NA,NA,"ICU admission","Viral clearance",FALSE,FALSE,NA,"Human delay",NA,NA,NA
"b175f7a48383253a509608fafc9bc6b9","ac5e3f6e8383ac943a6ffac899be7342",14768,"MERS-CoV","Human delay - other human delay (go to section)",10,0,"Days",NA,NA,"Median",NA,NA,NA,NA,NA,NA,NA,NA,NA,NA,NA,NA,NA,NA,FALSE,"Unspecified",NA,NA,"Other",TRUE,TRUE,NA,NA,NA,NA,NA,"Both","Hospital based","Mixed groups",NA,NA,144,"Saudi Arabia","14 hospitals across 5 cities",NA,"09","2012",NA,"01","2018",NA,NA,"Begin mechanical ventilation","End mechanical ventilation",FALSE,FALSE,NA,"Human delay",NA,NA,NA
"b175f7a48383253a509608fafc9bc6b9","dc20ee5dce3c8f61eb9fc6b42f28e218",14768,"MERS-CoV","Human delay - other human delay (go to section)",9,0,"Days",NA,NA,"Median",NA,NA,NA,NA,NA,NA,NA,NA,NA,NA,NA,NA,NA,NA,FALSE,"Unspecified",NA,NA,"Other",TRUE,TRUE,NA,NA,NA,NA,NA,"Both","Hospital based","Mixed groups",NA,NA,205,"Saudi Arabia","14 hospitals across 5 cities",NA,"09","2012",NA,"01","2018",NA,NA,"Begin mechanical ventilation","End mechanical ventilation",FALSE,FALSE,NA,"Human delay",NA,NA,NA
"342bf537df3d430126521585be8bc75d","413241f30aa19da51c3a1d72550e8bb4",14773,"MERS-CoV","Seroprevalence - IgG",NA,0,NA,NA,NA,"Unspecified",NA,NA,NA,NA,NA,4,116,NA,NA,NA,NA,NA,NA,NA,FALSE,"Mid outbreak","Naive",NA,"Region",TRUE,NA,NA,NA,NA,NA,NA,"Both","Hospital based","Persons under investigation",NA,NA,116,"Republic of Korea","Kyung Hee University Hospital. Gangdong; Kangdong Sacred Heart Hospital;  Seoul; Gangneung Medical Center;  Gangwon",NA,NA,NA,NA,NA,NA,NA,NA,NA,NA,FALSE,FALSE,NA,"Seroprevalence",NA,NA,NA
"5e1ba1b82b4759da6f9f41e6c97d7ca7","ff8f685aeb8872bf07835faa84fbfe90",14791,"MERS-CoV","Risk factors",NA,0,NA,NA,NA,"Unspecified",NA,NA,NA,NA,NA,NA,NA,NA,NA,NA,NA,NA,NA,NA,FALSE,"Unspecified",NA,NA,NA,FALSE,NA,"Death","Age,Comorbidity,Occupation,Sex,Other","Healthcare","Significant","Not adjusted","Both","Unspecified","Unspecified",1,NA,784,"Saudi Arabia",NA,NA,"01","2015",NA,"04","2018",NA,NA,NA,NA,FALSE,FALSE,NA,"Risk factors",NA,NA,NA
"5e1ba1b82b4759da6f9f41e6c97d7ca7","81904cb126d084c4962f1414bf946815",14791,"MERS-CoV","Risk factors",NA,0,NA,NA,NA,"Unspecified",NA,NA,NA,NA,NA,NA,NA,NA,NA,NA,NA,NA,NA,NA,FALSE,"Unspecified",NA,NA,NA,NA,NA,"Death","Contact with animal,Other",NA,"Not significant","Not adjusted","Both","Unspecified","Unspecified",1,NA,784,"Saudi Arabia",NA,NA,"01","2015",NA,"04","2018",NA,NA,NA,NA,FALSE,FALSE,NA,"Risk factors",NA,NA,NA
"5e1ba1b82b4759da6f9f41e6c97d7ca7","edfd6e182808063d9cffa00a624297ac",14791,"MERS-CoV","Risk factors",NA,0,NA,NA,NA,"Unspecified",NA,NA,NA,NA,NA,NA,NA,NA,NA,NA,NA,NA,NA,NA,NA,"Unspecified",NA,NA,NA,NA,NA,"Death","Age,Comorbidity,Occupation,Other","Healthcare","Significant","Adjusted","Both","Unspecified","Unspecified",1,NA,784,"Saudi Arabia",NA,NA,"01","2015",NA,"04","2018",NA,NA,NA,NA,FALSE,FALSE,NA,"Risk factors",NA,NA,NA
"5e1ba1b82b4759da6f9f41e6c97d7ca7","f3bdd5397956e7ebab545edf6ff79956",14791,"MERS-CoV","Risk factors",NA,0,NA,NA,NA,"Unspecified",NA,NA,NA,NA,NA,NA,NA,NA,NA,NA,NA,NA,NA,NA,FALSE,"Unspecified",NA,NA,NA,NA,NA,"Death","Contact with animal,Sex",NA,"Not significant","Adjusted","Both","Unspecified","Unspecified",1,NA,784,"Saudi Arabia",NA,NA,"01","2015",NA,"04","2018",NA,NA,NA,NA,FALSE,FALSE,NA,"Risk factors",NA,NA,NA
"adcbcd2988a733060f79fcdcece12168","6c9406b8a712b700cb05e4176ffbde8b",14823,"MERS-CoV","Reproduction number (Basic R0)",0.84,0,NA,NA,NA,"Unspecified",NA,NA,NA,NA,NA,NA,NA,NA,NA,NA,NA,NA,NA,NA,FALSE,"Unspecified",NA,"Next generation matrix",NA,FALSE,NA,NA,NA,NA,NA,NA,"Unspecified","Population based","General population",NA,NA,2196,"Saudi Arabia",NA,NA,NA,"2013",NA,NA,"2014",NA,NA,NA,NA,FALSE,FALSE,"Human-human","Reproduction number",NA,NA,NA
"c7b716018861085b33c3508b8f411225","8f23c97ca8aed8af678d2cf6d2b6e074",14828,"MERS-CoV","Severity - asymptomatic proportion of infections",34.4,0,"Percentage (%)",NA,NA,"Unspecified",NA,NA,NA,NA,NA,32,93,NA,NA,NA,NA,NA,NA,NA,FALSE,"Unspecified","Naive",NA,NA,FALSE,NA,NA,NA,NA,NA,NA,"Both","Hospital based","Persons under investigation",NA,NA,93,"Saudi Arabia","King Abdulaziz Medical City;  Riyadh",NA,"09","2012",NA,"03","2020",NA,NA,NA,NA,FALSE,FALSE,NA,"Severity",NA,NA,NA
"c7b716018861085b33c3508b8f411225","9da2ea3336f33ea45d6ba2d3456de26b",14828,"MERS-CoV","Human delay - other human delay (go to section)",15,0,"Days",NA,NA,"Median",NA,NA,NA,NA,NA,NA,NA,NA,NA,NA,NA,NA,NA,NA,FALSE,"Unspecified",NA,NA,NA,FALSE,NA,NA,NA,NA,NA,NA,"Both","Hospital based","Persons under investigation",NA,NA,93,"Saudi Arabia","King Abdulaziz Medical City;  Riyadh",NA,"09","2012",NA,"03","2020",NA,NA,"Admission to Critical Care/ICU","Discharge from Critical Care/ICU",FALSE,FALSE,NA,"Human delay",NA,NA,NA
"ceca0138a0e89da992d99941bfdde9d0","30dd53162ef188abdd6e8c7ae0c34b3e",14884,"MERS-CoV","Reproduction number (Basic R0)",8.59,0,NA,NA,NA,"Mean",NA,NA,0,28.02,"95% CI",NA,NA,NA,NA,NA,NA,NA,NA,NA,FALSE,"Unspecified",NA,"Next generation matrix","Time",TRUE,FALSE,NA,NA,NA,NA,NA,"Both","Unspecified","Unspecified",NA,NA,187,"Republic of Korea",NA,11,"05","2015","02","07","2015",NA,NA,NA,NA,FALSE,FALSE,"Human-human","Reproduction number",NA,"95% CI","0 - 28.02"
"ceca0138a0e89da992d99941bfdde9d0","99e67065b92779ce788550a9663137e7",14884,"MERS-CoV","Reproduction number (Basic R0) - Human",1.15,0,NA,NA,NA,"Mean",NA,NA,0.86,1.44,"95% CI",NA,NA,NA,NA,NA,NA,NA,NA,NA,FALSE,"Unspecified",NA,"Next generation matrix","Time",TRUE,NA,NA,NA,NA,NA,NA,"Both","Unspecified","Unspecified",NA,NA,1469,"Saudi Arabia",NA,24,"02","2013","29","10","2019",NA,NA,NA,NA,FALSE,FALSE,"Human-human","Reproduction number",NA,"95% CI","0.86 - 1.44"
"a6b6a6be70026ec1324059afc0be319c","e61ee6743d01c2dde73c7cb532c1eea9",14911,"MERS-CoV","Human delay - other human delay (go to section)",9,0,"Days",NA,NA,"Median",NA,NA,NA,NA,NA,NA,NA,NA,NA,NA,NA,NA,NA,NA,FALSE,"Unspecified",NA,NA,NA,FALSE,NA,NA,NA,NA,NA,NA,"Both","Hospital based","Persons with symptoms",NA,NA,40,"Saudi Arabia","King Abdulaziz Medical City;  Riyadh",NA,"04","2015",NA,"01","2016",NA,NA,"Symptom Onset","Admission to Critical Care/ICU",FALSE,FALSE,NA,"Human delay",NA,NA,NA
"a6b6a6be70026ec1324059afc0be319c","b292f9f897f53a2d77eab66db06c3223",14911,"MERS-CoV","Risk factors",NA,0,NA,NA,NA,"Unspecified",NA,NA,NA,NA,NA,NA,NA,NA,NA,NA,NA,NA,NA,NA,FALSE,"Unspecified",NA,NA,NA,FALSE,NA,"Death","Age,Comorbidity,Occupation","Healthcare","Significant","Not adjusted","Both","Hospital based","Persons with symptoms",NA,NA,40,"Saudi Arabia","King Abdulaziz Medical City;  Riyadh",NA,"04","2015",NA,"01","2016",NA,NA,NA,NA,FALSE,FALSE,NA,"Risk factors",NA,NA,NA
"a6b6a6be70026ec1324059afc0be319c","56a3c2d3d8cc7b21b46a9f83cd86d6f1",14911,"MERS-CoV","Risk factors",NA,0,NA,NA,NA,"Unspecified",NA,NA,NA,NA,NA,NA,NA,NA,NA,NA,NA,NA,NA,NA,NA,"Unspecified",NA,NA,NA,NA,NA,"Death","Sex",NA,"Not significant","Not adjusted","Both","Hospital based","Persons with symptoms",NA,NA,40,"Saudi Arabia","King Abdulaziz Medical City;  Riyadh",NA,"04","2015",NA,"01","2016",NA,NA,NA,NA,FALSE,FALSE,NA,"Risk factors",NA,NA,NA
"d719bd633601998463f82ccd4ebb8f71","f8facd285984b1150219465c43c175a8",14967,"MERS-CoV","Severity - symptomatic proportion of infections",78,0,"Percentage (%)",NA,NA,"Unspecified",NA,NA,NA,NA,NA,534,681,NA,NA,NA,NA,NA,NA,NA,FALSE,"Unspecified","Naive",NA,NA,FALSE,NA,NA,NA,NA,NA,NA,"Both","Unspecified","Unspecified",NA,NA,681,"Saudi Arabia",NA,1,"01","2013","31","07","2014",NA,NA,NA,NA,FALSE,FALSE,NA,"Severity",NA,NA,NA
"d719bd633601998463f82ccd4ebb8f71","594d964f30beeeb974091d0e4c66e41f",14967,"MERS-CoV","Severity - case fatality ratio (CFR)",8,0,"Percentage (%)",NA,NA,"Unspecified",NA,NA,NA,NA,NA,NA,NA,NA,NA,NA,NA,NA,NA,NA,FALSE,"Unspecified",NA,NA,NA,NA,NA,NA,NA,NA,NA,NA,"Both","Hospital based","Healthcare workers",NA,NA,681,"Saudi Arabia",NA,1,"01","2013","31","07","2014",NA,NA,NA,NA,FALSE,FALSE,NA,"Severity",NA,NA,NA
"d719bd633601998463f82ccd4ebb8f71","e373b16918bae3431d8d6b785ab6c73a",14967,"MERS-CoV","Severity - case fatality ratio (CFR)",53,0,"Percentage (%)",NA,NA,"Unspecified",NA,NA,NA,NA,NA,NA,NA,NA,NA,NA,NA,NA,NA,NA,NA,"Unspecified",NA,NA,NA,NA,NA,NA,NA,NA,NA,NA,"Both","Hospital based","Other",NA,NA,681,"Saudi Arabia",NA,1,"01","2013","31","07","2014",NA,NA,NA,NA,FALSE,FALSE,NA,"Severity",NA,NA,NA
"220e4e840db4a0e8cecf668179259b1b","9a641880453cf318f60f8fa6858453ab",15005,"MERS-CoV","Seroprevalence - IgG",54,0,"Percentage (%)",NA,NA,"Unspecified",NA,NA,NA,NA,NA,65,120,NA,NA,NA,NA,NA,NA,NA,FALSE,"Unspecified","Naive",NA,NA,FALSE,NA,NA,NA,NA,NA,NA,"Both","Population based","Other",NA,NA,120,"Sierra Leone","Kenema;  Kailahun and Kono",NA,"09","2016",NA,"04","2019",NA,NA,NA,NA,FALSE,FALSE,NA,"Seroprevalence",NA,NA,NA
"220e4e840db4a0e8cecf668179259b1b","d661e2a75d1849368e6c18eacb1fd5bf",15005,"MERS-CoV","Seroprevalence - PRNT",NA,0,NA,NA,NA,"Unspecified",NA,NA,NA,NA,NA,10,30,NA,NA,NA,NA,NA,NA,NA,FALSE,"Unspecified","Naive",NA,NA,FALSE,NA,NA,NA,NA,NA,NA,"Both","Population based","Other",NA,NA,30,"Sierra Leone","Kenema;  Kailahun and Kono",NA,"09","2016",NA,"04","2019",NA,NA,NA,NA,FALSE,FALSE,NA,"Seroprevalence",NA,NA,NA
"220e4e840db4a0e8cecf668179259b1b","0c7a27aa1473584450e8134541de9000",15005,"MERS-CoV","Seroprevalence - IgG",12,0,"Percentage (%)",NA,NA,"Unspecified",NA,NA,NA,NA,NA,NA,NA,NA,NA,NA,NA,NA,NA,NA,FALSE,"Unspecified",NA,NA,NA,NA,NA,NA,NA,NA,NA,NA,"Both","Population based","Other",NA,NA,27,"United States of America","New Orleans",NA,NA,NA,NA,NA,NA,NA,NA,NA,NA,FALSE,FALSE,NA,"Seroprevalence",NA,NA,NA
"220e4e840db4a0e8cecf668179259b1b","46a360b26cf939ae2a5786e74a1276da",15005,"MERS-CoV","Seroprevalence - IgG",5,0,"Percentage (%)",NA,NA,"Unspecified",NA,NA,NA,NA,NA,NA,NA,NA,NA,NA,NA,NA,NA,NA,FALSE,"Unspecified",NA,NA,NA,NA,NA,NA,NA,NA,NA,NA,"Both","Other","Other",NA,NA,79,"United States of America",NA,NA,NA,NA,NA,NA,NA,NA,NA,NA,NA,FALSE,FALSE,NA,"Seroprevalence",NA,NA,NA
"a4464723178a69cc815320de4cec4f59","70216fd11653f82a522684699e69b5cd",15142,"MERS-CoV","Severity - case fatality ratio (CFR)",16.8,0,"Percentage (%)",14.8,23.4,"Unspecified",NA,NA,NA,NA,NA,18,107,NA,NA,NA,NA,NA,NA,NA,NA,"Unspecified","Naive",NA,"Sex; Other",TRUE,FALSE,NA,NA,NA,NA,NA,"Both","Population based","Persons under investigation",16,94,107,"Oman; Saudi Arabia",NA,1,"01","2019","31","03","2019",NA,NA,NA,NA,FALSE,FALSE,NA,"Severity","14.8 - 23.4",NA,NA
"a4464723178a69cc815320de4cec4f59","00e2b9a15219d8884032a3a298b75906",15142,"MERS-CoV","Human delay - symptom onset>admission to care",3,0,"Days",2.5,3,"Unspecified",NA,NA,2.68097695861493,3.31902304138507,NA,NA,NA,NA,NA,NA,NA,NA,NA,NA,FALSE,"Unspecified",NA,NA,"Sex",TRUE,FALSE,NA,NA,NA,NA,NA,"Both","Population based","Persons under investigation",16,94,107,"Oman; Saudi Arabia",NA,1,"01","2019","31","03","2019",NA,NA,NA,NA,FALSE,FALSE,NA,"Human delay","2.5 - 3",NA,NA
"a4464723178a69cc815320de4cec4f59","aba76a1b0628f71251f73bf1ffbdc6e9",15142,"MERS-CoV","Human delay - symptom onset>death",17.5,0,"Days",11.1,19.7,"Unspecified",NA,NA,14.7422835533725,20.2577164466275,NA,NA,NA,NA,NA,NA,NA,NA,NA,NA,FALSE,"Unspecified",NA,NA,"Sex",TRUE,FALSE,NA,NA,NA,NA,NA,"Both","Population based","Persons under investigation",NA,NA,18,"Oman; Saudi Arabia",NA,1,"01","2019","31","03","2019",NA,NA,NA,NA,FALSE,FALSE,NA,"Human delay","11.1 - 19.7",NA,NA
"a4464723178a69cc815320de4cec4f59","851d0340845fd0bf1cff7ebad7c5aca0",15142,"MERS-CoV","Human delay - time in care (length of stay)",3.5,0,"Days",3.3,3.8,"Unspecified",NA,NA,3.12297276927219,3.87702723072781,NA,NA,NA,NA,NA,NA,NA,NA,NA,NA,FALSE,"Unspecified",NA,NA,"Sex",TRUE,FALSE,NA,NA,NA,NA,NA,"Both","Population based","Persons under investigation",16,94,107,"Oman; Saudi Arabia",NA,1,"01","2019","31","03","2019",NA,NA,NA,NA,FALSE,FALSE,NA,"Human delay","3.3 - 3.8",NA,NA
"a4464723178a69cc815320de4cec4f59","4e4c8f133024667fcbaef5d72bf84589",15142,"MERS-CoV","Human delay - other human delay (go to section)",3.6,0,"Days",3.5,3.8,"Unspecified",NA,NA,2.97162128212032,4.22837871787968,NA,NA,NA,NA,NA,NA,NA,NA,NA,NA,FALSE,"Unspecified",NA,NA,"Sex",TRUE,FALSE,NA,NA,NA,NA,NA,"Both","Population based","Persons under investigation",16,94,107,"Oman; Saudi Arabia",NA,1,"01","2019","31","03","2019",NA,NA,"Hospitalization","Diagnosis/test result",FALSE,FALSE,NA,"Human delay","3.5 - 3.8",NA,NA
"a4464723178a69cc815320de4cec4f59","3efc49d4b9c164d32bb6dc62d16acb37",15142,"MERS-CoV","Risk factors",NA,0,NA,NA,NA,"Unspecified",NA,NA,NA,NA,NA,NA,NA,NA,NA,NA,NA,NA,NA,NA,FALSE,"Unspecified",NA,NA,NA,FALSE,NA,"Death","Age,Close contact,Comorbidity,Occupation,Sex,Camel contact (other),Consumption of animal product","Healthcare","Significant","Adjusted","Both","Population based","Persons under investigation",16,94,107,"Oman; Saudi Arabia",NA,1,"01","2019","31","03","2019",NA,NA,NA,NA,FALSE,FALSE,NA,"Risk factors",NA,NA,NA
"a4464723178a69cc815320de4cec4f59","a362da07ec4d5bab2358e1f4ddb772f6",15142,"MERS-CoV","Risk factors",NA,0,NA,NA,NA,"Unspecified",NA,NA,NA,NA,NA,NA,NA,NA,NA,NA,NA,NA,NA,NA,FALSE,"Unspecified",NA,NA,NA,FALSE,NA,"Death","Age,Close contact,Comorbidity,Occupation,Camel contact (other),Consumption of animal product,Other","Healthcare","Significant","Not adjusted","Both","Population based","Persons under investigation",16,94,107,"Oman; Saudi Arabia",NA,1,"01","2019","31","03","2019",NA,NA,NA,NA,FALSE,FALSE,NA,"Risk factors",NA,NA,NA
"a4464723178a69cc815320de4cec4f59","9a3857265718bf0180dd94bf6e7e68dd",15142,"MERS-CoV","Risk factors",NA,0,NA,NA,NA,"Unspecified",NA,NA,NA,NA,NA,NA,NA,NA,NA,NA,NA,NA,NA,NA,FALSE,"Unspecified",NA,NA,NA,FALSE,NA,"Death","Sex",NA,"Not significant","Not adjusted","Both","Population based","Persons under investigation",16,94,107,"Oman; Saudi Arabia",NA,1,"01","2019","31","03","2019",NA,NA,NA,NA,FALSE,FALSE,NA,"Risk factors",NA,NA,NA
"7a2f2edffe99898fb19e9a1ca6425b7f","0f9cfea8a1320b77407072293d979dc7",15166,"MERS-CoV","Human delay - incubation period",6.8,0,"Days",NA,NA,"Unspecified",NA,NA,NA,NA,NA,NA,NA,NA,NA,NA,NA,NA,NA,NA,FALSE,"Unspecified",NA,NA,NA,FALSE,NA,NA,NA,NA,NA,NA,"Unspecified","Hospital based","Persons under investigation",NA,NA,186,"Republic of Korea","43 hospitals",NA,"05","2015",NA,"07","2015",NA,NA,NA,NA,FALSE,FALSE,NA,"Human delay",NA,NA,NA
"6e1e180c2d46aa2c89967c0623226df2","6a278013e9b0f99a82d37c17b7a35538",15264,"MERS-CoV","Human delay - symptom onset>admission to care",4.5,0,"Days",4.44,5.7,"Median",NA,NA,NA,NA,NA,NA,NA,NA,NA,NA,NA,NA,NA,NA,FALSE,"Unspecified",NA,NA,"Other",TRUE,FALSE,NA,NA,NA,NA,NA,"Both","Hospital based","Persons under investigation",22,74,28,"Qatar",NA,1,"01","2012","31","07","2020",NA,NA,NA,NA,FALSE,FALSE,NA,"Human delay","4.44 - 5.7",NA,NA
"6e1e180c2d46aa2c89967c0623226df2","96e52d220c73a77c953f632eab3dffa9",15264,"MERS-CoV","Human delay - time in care (length of stay)",16,0,"Days",14,19,"Median",NA,NA,NA,NA,NA,NA,NA,NA,NA,NA,NA,NA,NA,NA,FALSE,"Unspecified",NA,NA,"Method; Other",TRUE,FALSE,NA,NA,NA,NA,NA,"Both","Hospital based","Persons under investigation",22,74,28,"Qatar",NA,1,"01","2012","31","07","2020",NA,NA,NA,NA,FALSE,FALSE,NA,"Human delay","14 - 19",NA,NA
"6e1e180c2d46aa2c89967c0623226df2","564688bb62b62379c9396da9031e56ef",15264,"MERS-CoV","Risk factors",NA,0,NA,NA,NA,"Unspecified",NA,NA,NA,NA,NA,NA,NA,NA,NA,NA,NA,NA,NA,NA,NA,"Unspecified",NA,NA,NA,FALSE,NA,"Death","Age,Comorbidity,Sex",NA,"Not significant","Adjusted","Both","Hospital based","Persons under investigation",22,74,28,"Qatar",NA,1,"01","2012","31","07","2020",NA,NA,NA,NA,FALSE,FALSE,NA,"Risk factors",NA,NA,NA
"6e1e180c2d46aa2c89967c0623226df2","e71db5768c30d3a2f027f2b65ae8f144",15264,"MERS-CoV","Risk factors",NA,0,NA,NA,NA,"Unspecified",NA,NA,NA,NA,NA,NA,NA,NA,NA,NA,NA,NA,NA,NA,FALSE,"Unspecified",NA,NA,NA,FALSE,NA,"Death","Other",NA,"Significant","Adjusted","Both","Hospital based","Persons under investigation",22,74,28,"Qatar",NA,1,"01","2012","31","07","2020",NA,NA,NA,NA,FALSE,FALSE,NA,"Risk factors",NA,NA,NA
"6e1e180c2d46aa2c89967c0623226df2","f919c6df60e0d7ef389e389dacb42494",15264,"MERS-CoV","Risk factors",NA,0,NA,NA,NA,"Unspecified",NA,NA,NA,NA,NA,NA,NA,NA,NA,NA,NA,NA,NA,NA,FALSE,"Unspecified",NA,NA,NA,FALSE,NA,"Death","Close contact,Camel contact (other),Consumption of animal product,Other",NA,"Not significant","Not adjusted","Both","Hospital based","Persons under investigation",22,74,28,"Qatar",NA,1,"01","2012","31","07","2020",NA,NA,NA,NA,FALSE,FALSE,NA,"Risk factors",NA,NA,NA
"6e1e180c2d46aa2c89967c0623226df2","23af1990f890192edb82211516eb1ead",15264,"MERS-CoV","Risk factors",NA,0,NA,NA,NA,"Unspecified",NA,NA,NA,NA,NA,NA,NA,NA,NA,NA,NA,NA,NA,NA,FALSE,"Unspecified",NA,NA,NA,FALSE,NA,"Death","Age,Comorbidity,Sex,Other",NA,"Significant","Not adjusted","Both","Hospital based","Persons under investigation",22,74,28,"Qatar",NA,1,"01","2012","31","07","2020",NA,NA,NA,NA,FALSE,FALSE,NA,"Risk factors",NA,NA,NA
"015c2813357bfc523af294596379c73a","4a9266390aeca33e6191e9ed751304f9",15284,"MERS-CoV","Seroprevalence - IgG",NA,0,"Percentage (%)",6,19,"Unspecified",NA,NA,NA,NA,NA,NA,NA,NA,NA,NA,NA,NA,NA,NA,FALSE,"Unspecified","Naive",NA,"Time",TRUE,TRUE,NA,NA,NA,NA,NA,"Male","Community based","Animal workers incl. veterinary",19,64,NA,"United Arab Emirates","A market and 2 slaughterhouses in Abu Dhabi",NA,NA,"2014",NA,NA,"2017",NA,NA,NA,NA,FALSE,FALSE,NA,"Seroprevalence","6 - 19",NA,NA
"015c2813357bfc523af294596379c73a","2b7f970a6736fb6e26f74f7a9e4cc41a",15284,"MERS-CoV","Risk factors",NA,0,NA,NA,NA,"Unspecified",NA,NA,NA,NA,NA,NA,NA,NA,NA,NA,NA,NA,NA,NA,FALSE,"Unspecified",NA,NA,NA,NA,NA,"Serology","Comorbidity,Occupation,Camel contact (work),Other","Other","Significant","Not adjusted","Male","Community based","Animal workers incl. veterinary",19,64,235,"United Arab Emirates","A market and 2 slaughterhouses in Abu Dhabi",NA,NA,"2014",NA,NA,"2017",NA,NA,NA,NA,FALSE,FALSE,NA,"Risk factors",NA,NA,NA
"015c2813357bfc523af294596379c73a","0bde3a4045d9c990f1362538d8ba5034",15284,"MERS-CoV","Risk factors",NA,0,NA,NA,NA,"Unspecified",NA,NA,NA,NA,NA,NA,NA,NA,NA,NA,NA,NA,NA,NA,NA,"Unspecified",NA,NA,NA,FALSE,NA,"Serology","Camel contact (work),Other",NA,"Significant","Not adjusted","Male","Community based","Animal workers incl. veterinary",NA,NA,145,"United Arab Emirates","A market and 2 slaughterhouses in Abu Dhabi",NA,NA,"2014",NA,NA,"2017",NA,NA,NA,NA,FALSE,FALSE,NA,"Risk factors",NA,NA,NA
"015c2813357bfc523af294596379c73a","b0ce6e9923e346bc69d4fec9e8f0e3f3",15284,"MERS-CoV","Risk factors",NA,0,NA,NA,NA,"Unspecified",NA,NA,NA,NA,NA,NA,NA,NA,NA,NA,NA,NA,NA,NA,FALSE,"Unspecified",NA,NA,NA,FALSE,NA,"Serology","Close contact,Occupation,Other","Other","Not significant","Not adjusted","Male","Community based","Animal workers incl. veterinary",19,64,235,"United Arab Emirates","A market and 2 slaughterhouses in Abu Dhabi",NA,NA,"2014",NA,NA,"2017",NA,NA,NA,NA,FALSE,FALSE,NA,"Risk factors",NA,NA,NA
"015c2813357bfc523af294596379c73a","67becf80e0da4c34fb491446d7673751",15284,"MERS-CoV","Risk factors",NA,0,NA,NA,NA,"Unspecified",NA,NA,NA,NA,NA,NA,NA,NA,NA,NA,NA,NA,NA,NA,FALSE,"Unspecified",NA,NA,NA,FALSE,NA,"Serology","Camel contact (work),Other",NA,"Not significant","Not adjusted","Male","Community based","Animal workers incl. veterinary",NA,NA,145,"United Arab Emirates","A market and 2 slaughterhouses in Abu Dhabi",NA,NA,"2014",NA,NA,"2017",NA,NA,NA,NA,FALSE,FALSE,NA,"Risk factors",NA,NA,NA
"015c2813357bfc523af294596379c73a","854367b50e3115f32ae93fac2fac85e5",15284,"MERS-CoV","Risk factors",NA,0,NA,NA,NA,"Unspecified",NA,NA,NA,NA,NA,NA,NA,NA,NA,NA,NA,NA,NA,NA,FALSE,"Unspecified",NA,NA,NA,FALSE,NA,"Serology","Camel contact (work),Other",NA,"Not significant","Not adjusted","Male","Community based","Animal workers incl. veterinary",NA,NA,90,"United Arab Emirates","A market and 2 slaughterhouses in Abu Dhabi",NA,NA,"2014",NA,NA,"2017",NA,NA,NA,NA,FALSE,FALSE,NA,"Risk factors",NA,NA,NA
"015c2813357bfc523af294596379c73a","e11e4b852af5aba46aaa34f6808323a0",15284,"MERS-CoV","Risk factors",NA,0,NA,NA,NA,"Unspecified",NA,NA,NA,NA,NA,NA,NA,NA,NA,NA,NA,NA,NA,NA,FALSE,"Unspecified",NA,NA,NA,FALSE,NA,"Serology","Comorbidity,Camel contact (work)",NA,"Significant","Adjusted","Male","Community based","Animal workers incl. veterinary",19,64,245,"United Arab Emirates","A market and 2 slaughterhouses in Abu Dhabi",NA,NA,"2014",NA,NA,"2017",NA,NA,NA,NA,FALSE,FALSE,NA,"Risk factors",NA,NA,NA
"015c2813357bfc523af294596379c73a","439873d0c29cde9842ad63acf6fc91bb",15284,"MERS-CoV","Risk factors",NA,0,NA,NA,NA,"Unspecified",NA,NA,NA,NA,NA,NA,NA,NA,NA,NA,NA,NA,NA,NA,FALSE,"Unspecified",NA,NA,NA,FALSE,NA,"Serology","Close contact,Occupation,Camel contact (work),Consumption of animal product,Other","Other","Not significant","Adjusted","Male","Community based","Animal workers incl. veterinary",19,64,245,"United Arab Emirates","A market and 2 slaughterhouses in Abu Dhabi",NA,NA,"2014",NA,NA,"2017",NA,NA,NA,NA,FALSE,FALSE,NA,"Risk factors",NA,NA,NA
"015c2813357bfc523af294596379c73a","0174ef372c649933bcf4fcb3eaca1ab3",15284,"MERS-CoV","Risk factors",NA,0,NA,NA,NA,"Unspecified",NA,NA,NA,NA,NA,NA,NA,NA,NA,NA,NA,NA,NA,NA,FALSE,"Unspecified",NA,NA,NA,FALSE,NA,"Serology","Comorbidity,Camel contact (work)",NA,"Significant","Adjusted","Male","Community based","Animal workers incl. veterinary",NA,NA,145,"United Arab Emirates","A market and 2 slaughterhouses in Abu Dhabi",NA,NA,"2014",NA,NA,"2017",NA,NA,NA,NA,FALSE,FALSE,NA,"Risk factors",NA,NA,NA
"015c2813357bfc523af294596379c73a","277f94599910c3de5b73574fe9015253",15284,"MERS-CoV","Risk factors",NA,0,NA,NA,NA,"Unspecified",NA,NA,NA,NA,NA,NA,NA,NA,NA,NA,NA,NA,NA,NA,FALSE,"Unspecified",NA,NA,NA,FALSE,NA,"Serology","Camel contact (work),Other",NA,"Not significant","Adjusted","Male","Community based","Animal workers incl. veterinary",NA,NA,145,"United Arab Emirates","A market and 2 slaughterhouses in Abu Dhabi",NA,NA,"2014",NA,NA,"2017",NA,NA,NA,NA,FALSE,FALSE,NA,"Risk factors",NA,NA,NA
"015c2813357bfc523af294596379c73a","128cd49544734081c446db4a63f6e29e",15284,"MERS-CoV","Risk factors",NA,0,NA,NA,NA,"Unspecified",NA,NA,NA,NA,NA,NA,NA,NA,NA,NA,NA,NA,NA,NA,FALSE,"Unspecified",NA,NA,NA,FALSE,NA,"Serology","Camel contact (work),Other",NA,"Not significant","Adjusted","Both","Trade / business based","Animal workers incl. veterinary",NA,NA,90,"United Arab Emirates","Camel market and 2 slaughterhouses in Abu Dhabi",NA,NA,"2014",NA,NA,"2017",NA,NA,NA,NA,FALSE,FALSE,NA,"Risk factors",NA,NA,NA
"42eccb90a5422c8da9eeb3f3941b36b6","ce5c8737a6a8d373a3e19e82413540b3",15287,"MERS-CoV","Severity - case fatality ratio (CFR)",59.7,0,"Percentage (%)",NA,NA,"Unspecified",NA,NA,NA,NA,NA,NA,NA,NA,NA,NA,NA,NA,NA,NA,FALSE,"Unspecified","Naive",NA,NA,FALSE,NA,NA,NA,NA,NA,NA,"Unspecified","Hospital based","Persons under investigation",NA,NA,82,"Saudi Arabia","Prince Sultan Military Medical City;  Riyadh",NA,"01","2012",NA,"12","2015",NA,NA,NA,NA,FALSE,FALSE,NA,"Severity",NA,NA,NA
"c9bdf8518e2024171a56cf2bcff4c968","154aa5a9c6375d22228c147ca62032bf",15297,"MERS-CoV","Severity - case fatality ratio (CFR)",8.33,0,"Percentage (%)",NA,NA,"Unspecified",NA,NA,NA,NA,NA,2,24,NA,NA,NA,NA,NA,NA,NA,FALSE,"Unspecified","Naive",NA,NA,FALSE,NA,NA,NA,NA,NA,NA,"Both","Hospital based","Persons under investigation",NA,NA,24,"Saudi Arabia","A tertiary referral hospital;  Riyadh",NA,"01","2015",NA,"10","2018",NA,NA,NA,NA,FALSE,FALSE,NA,"Severity",NA,NA,NA
"c9bdf8518e2024171a56cf2bcff4c968","bbb0d3b9c7ab3159d25a7a1788a7621d",15297,"MERS-CoV","Human delay - time in care (length of stay)",4.96,0,"Days",NA,NA,"Unspecified",NA,NA,3.47193498125922,6.44806501874078,NA,NA,NA,NA,NA,NA,NA,NA,NA,NA,FALSE,"Unspecified",NA,NA,NA,FALSE,NA,NA,NA,NA,NA,NA,"Both","Hospital based","Persons under investigation",NA,NA,24,"Saudi Arabia","A tertiary referral hospital;  Riyadh",NA,"01","2015",NA,"10","2018",NA,NA,NA,NA,FALSE,FALSE,NA,"Human delay",NA,NA,NA
"410027bc1e84dfca79641a8b22e03885","ae98e0f95ee6883b5774b08dfac746ae",15390,"MERS-CoV","Severity - case fatality ratio (CFR)",25,0,"Percentage (%)",11,43,"Unspecified",NA,NA,NA,NA,NA,NA,572,NA,NA,NA,NA,NA,NA,NA,FALSE,NA,"Unspecified",NA,"Age; Sex",TRUE,FALSE,NA,NA,NA,NA,NA,"Both","Other","Persons under investigation",10,94,572,"Saudi Arabia",NA,NA,"01","2017",NA,"11","2019",NA,NA,NA,NA,FALSE,FALSE,NA,"Severity","11 - 43",NA,NA
"410027bc1e84dfca79641a8b22e03885","a960fe750d8d252b921be12bc9eab499",15390,"MERS-CoV","Risk factors",NA,0,NA,NA,NA,"Unspecified",NA,NA,NA,NA,NA,NA,NA,NA,NA,NA,NA,NA,NA,NA,FALSE,NA,NA,NA,NA,FALSE,NA,"Death","Age,Comorbidity,Sex",NA,"Significant","Unspecified","Both","Other","Persons under investigation",10,94,572,"Saudi Arabia",NA,NA,"01","2017",NA,"11","2019",NA,NA,NA,NA,FALSE,FALSE,NA,"Risk factors",NA,NA,NA
"678be7dbcfd6971798718df5d40830b2","e0768a535b1a91ccc16d78032bea6c6a",15408,"MERS-CoV","Seroprevalence - Unspecified",74.4,0,"Percentage (%)",NA,NA,"Unspecified",NA,NA,57.9,87,"95% CI",29,39,NA,NA,NA,NA,NA,NA,NA,FALSE,NA,"Unspecified",NA,NA,FALSE,NA,NA,NA,NA,NA,NA,"Both","Community based","Mixed groups",NA,NA,39,"Nigeria","Illela",NA,"11","2016",NA,"01","2017",NA,NA,NA,NA,FALSE,FALSE,NA,"Seroprevalence",NA,"95% CI","57.9 - 87"
"678be7dbcfd6971798718df5d40830b2","c23ed77089c502e15493a5d295116d67",15408,"MERS-CoV","Risk factors",NA,0,NA,NA,NA,"Unspecified",NA,NA,NA,NA,NA,NA,NA,NA,NA,NA,NA,NA,NA,NA,FALSE,NA,NA,NA,NA,NA,NA,"Serology","Age,Occupation,Sex","Livestock/animal herders and farm workers","Not significant","Not adjusted","Both","Community based","Mixed groups",NA,NA,39,"Nigeria","Illela",NA,"11","2016",NA,"01","2017",NA,NA,NA,NA,FALSE,FALSE,NA,"Risk factors",NA,NA,NA
"5ed6741745aadbfb7272a2693df3bc2b","7c4de20e9260c744ef2922b244bc3f88",15440,"MERS-CoV","Risk factors",NA,0,NA,NA,NA,"Unspecified",NA,NA,NA,NA,NA,NA,NA,NA,NA,NA,NA,NA,NA,NA,FALSE,NA,NA,NA,NA,NA,NA,"Serology","Other",NA,"Significant","Unspecified","Both","Mixed settings","Mixed groups",NA,NA,34,"Saudi Arabia","Riyadh",NA,NA,NA,NA,NA,NA,NA,NA,NA,NA,FALSE,FALSE,NA,"Risk factors",NA,NA,NA
"4a4171c8cac22a661afb637749c7331f","2135b7e9e1cf1fc9a2b9dc5f89293d16",15456,"MERS-CoV","Risk factors",NA,0,NA,NA,NA,"Unspecified",NA,NA,NA,NA,NA,NA,NA,NA,NA,NA,NA,NA,NA,NA,FALSE,NA,NA,NA,NA,NA,NA,"Infection","Age,Comorbidity,Sex",NA,"Significant","Adjusted","Both","Hospital based","Persons with symptoms",NA,NA,3154,NA,NA,NA,"09","2013",NA,"12","2018",NA,NA,NA,NA,FALSE,FALSE,NA,"Risk factors",NA,NA,NA
"4a4171c8cac22a661afb637749c7331f","34db2e4f36478c989a92acb59dc714a6",15456,"MERS-CoV","Risk factors",NA,0,NA,NA,NA,"Unspecified",NA,NA,NA,NA,NA,NA,NA,NA,NA,NA,NA,NA,NA,NA,FALSE,NA,NA,NA,NA,NA,NA,"Infection","Other",NA,"Not significant","Adjusted","Both","Hospital based","Persons with symptoms",NA,NA,3154,NA,NA,NA,"09","2013",NA,"12","2018",NA,NA,NA,NA,FALSE,FALSE,NA,"Risk factors",NA,NA,NA
"86464b3d98669f072bf07ae472ec02e4","c7218bcf4f939507a30df1c630a7c7fe",15557,"MERS-CoV","Risk factors",NA,0,NA,NA,NA,"Unspecified",NA,NA,NA,NA,NA,NA,NA,NA,NA,NA,NA,NA,NA,NA,FALSE,"Mid outbreak",NA,NA,NA,FALSE,NA,"Other","Other",NA,"Not significant","Not adjusted","Both","Hospital based","Persons under investigation",NA,NA,6873,"Saudi Arabia","Prince Mohammed Bin Abdulaziz Hospital;  Riyadh",NA,"04","2014","12","11","2019",NA,NA,NA,NA,FALSE,FALSE,NA,"Risk factors",NA,NA,NA
"86464b3d98669f072bf07ae472ec02e4","ceeff7990fd278738b81bf77960b6aa9",15557,"MERS-CoV","Risk factors",NA,0,NA,NA,NA,"Unspecified",NA,NA,NA,NA,NA,NA,NA,NA,NA,NA,NA,NA,NA,NA,FALSE,"Mid outbreak",NA,NA,NA,FALSE,NA,"Other","Age,Comorbidity,Sex,Other","Healthcare","Significant","Not adjusted","Both","Hospital based","Persons under investigation",NA,NA,6873,"Saudi Arabia","Prince Mohammed Bin Abdulaziz Hospital;  Riyadh",NA,"04","2014","12","11","2019",NA,NA,NA,NA,FALSE,FALSE,NA,"Risk factors",NA,NA,NA
"86464b3d98669f072bf07ae472ec02e4","6e9465f680b8c80625d640320a1d8221",15557,"MERS-CoV","Risk factors",NA,0,NA,NA,NA,"Unspecified",NA,NA,NA,NA,NA,NA,NA,NA,NA,NA,NA,NA,NA,NA,NA,"Mid outbreak",NA,NA,NA,FALSE,NA,"Other","Age,Comorbidity,Sex,Other",NA,"Significant","Adjusted","Both","Hospital based","Persons under investigation",NA,NA,6873,"Saudi Arabia","Prince Mohammed Bin Abdulaziz Hospital;  Riyadh",NA,"04","2014","12","11","2019",NA,NA,NA,NA,FALSE,FALSE,NA,"Risk factors",NA,NA,NA
"86464b3d98669f072bf07ae472ec02e4","036db3211383cfb9144013194e47b069",15557,"MERS-CoV","Risk factors",NA,0,NA,NA,NA,"Unspecified",NA,NA,NA,NA,NA,NA,NA,NA,NA,NA,NA,NA,NA,NA,FALSE,"Mid outbreak",NA,NA,"Age",TRUE,FALSE,"Severe disease","Sex,Other",NA,"Not significant","Not adjusted","Both","Hospital based","Persons under investigation",NA,NA,501,"Saudi Arabia","Prince Mohammed Bin Abdulaziz Hospital;  Riyadh",NA,"04","2014","12","11","2019",NA,NA,NA,NA,FALSE,FALSE,NA,"Risk factors",NA,NA,NA
"86464b3d98669f072bf07ae472ec02e4","523e07ba8c192a8f2c4dbd1afcde00b9",15557,"MERS-CoV","Risk factors",NA,0,NA,NA,NA,"Unspecified",NA,NA,NA,NA,NA,NA,NA,NA,NA,NA,NA,NA,NA,NA,FALSE,"Mid outbreak",NA,NA,"Sex",TRUE,FALSE,"Severe disease","Age,Comorbidity,Occupation,Other","Healthcare","Significant","Not adjusted","Both","Hospital based","Persons under investigation",NA,NA,501,"Saudi Arabia","Prince Mohammed Bin Abdulaziz Hospital;  Riyadh",NA,"04","2014","12","11","2019",NA,NA,NA,NA,FALSE,FALSE,NA,"Risk factors",NA,NA,NA
"86464b3d98669f072bf07ae472ec02e4","ec84cfda7da8f8a4fcfa9d45d1dab466",15557,"MERS-CoV","Risk factors",NA,0,NA,NA,NA,"Unspecified",NA,NA,NA,NA,NA,NA,NA,NA,NA,NA,NA,NA,NA,NA,FALSE,"Mid outbreak",NA,NA,NA,NA,NA,"Death","Other",NA,"Not significant","Not adjusted","Both","Hospital based","Persons under investigation",NA,NA,501,"Saudi Arabia","Prince Mohammed Bin Abdulaziz Hospital;  Riyadh",NA,"04","2014","12","11","2019",NA,NA,NA,NA,FALSE,FALSE,NA,"Risk factors",NA,NA,NA
"86464b3d98669f072bf07ae472ec02e4","c21f0038a3eded4a4af239468880b95b",15557,"MERS-CoV","Risk factors",NA,0,NA,NA,NA,"Unspecified",NA,NA,NA,NA,NA,NA,NA,NA,NA,NA,NA,NA,NA,NA,FALSE,"Mid outbreak",NA,NA,NA,NA,NA,"Death","Age,Comorbidity,Sex","Healthcare","Significant","Not adjusted","Both","Hospital based","Persons under investigation",NA,NA,501,"Saudi Arabia","Prince Mohammed Bin Abdulaziz Hospital;  Riyadh",NA,"04","2014","12","11","2019",NA,NA,NA,NA,FALSE,FALSE,NA,"Risk factors",NA,NA,NA
"86464b3d98669f072bf07ae472ec02e4","67429810044f75f4e1213ce9b1c6e783",15557,"MERS-CoV","Risk factors",NA,0,NA,NA,NA,"Unspecified",NA,NA,NA,NA,NA,NA,NA,NA,NA,NA,NA,NA,NA,NA,FALSE,"Mid outbreak",NA,NA,NA,FALSE,NA,"Severe disease","Other",NA,"Not significant","Adjusted","Both","Hospital based","Persons under investigation",NA,NA,501,"Saudi Arabia","Prince Mohammed Bin Abdulaziz Hospital;  Riyadh",NA,"04","2014","12","11","2019",NA,NA,NA,NA,FALSE,FALSE,NA,"Risk factors",NA,NA,NA
"86464b3d98669f072bf07ae472ec02e4","caee31778fd31ce6b5bd016516426205",15557,"MERS-CoV","Risk factors",NA,0,NA,NA,NA,"Unspecified",NA,NA,NA,NA,NA,NA,NA,NA,NA,NA,NA,NA,NA,NA,FALSE,"Mid outbreak",NA,NA,NA,NA,NA,"Severe disease","Other",NA,"Significant","Adjusted","Both","Hospital based","Persons under investigation",NA,NA,501,"Saudi Arabia","Prince Mohammed Bin Abdulaziz Hospital;  Riyadh",NA,"04","2014","12","11","2019",NA,NA,NA,NA,FALSE,FALSE,NA,"Risk factors",NA,NA,NA
"86464b3d98669f072bf07ae472ec02e4","324c393b7cbca9a656acc781eb8e04e7",15557,"MERS-CoV","Risk factors",NA,0,NA,NA,NA,"Unspecified",NA,NA,NA,NA,NA,NA,NA,NA,NA,NA,NA,NA,NA,NA,FALSE,"Mid outbreak",NA,NA,NA,FALSE,NA,"Death","Age,Other",NA,"Significant","Adjusted","Both","Hospital based","Persons under investigation",NA,NA,501,"Saudi Arabia","Prince Mohammed Bin Abdulaziz Hospital;  Riyadh",NA,"04","2014","12","11","2019",NA,NA,NA,NA,FALSE,FALSE,NA,"Risk factors",NA,NA,NA
"86464b3d98669f072bf07ae472ec02e4","161851b4686744bdbaf073e0f4f3dba5",15557,"MERS-CoV","Severity - case fatality ratio (CFR)",21.2,0,"Percentage (%)",1.4,52.4,"Unspecified",NA,NA,NA,NA,NA,106,501,NA,NA,NA,NA,NA,NA,NA,FALSE,"Mid outbreak","Naive",NA,"Age; Occupation; Sex; Symptoms; Time; Other",TRUE,FALSE,NA,NA,NA,NA,NA,"Both","Hospital based","Persons under investigation",NA,NA,106,"Saudi Arabia","Prince Mohammed Bin Abdulaziz Hospital;  Riyadh",NA,"04","2014","12","11","2019",NA,NA,NA,NA,FALSE,FALSE,NA,"Severity","1.4 - 52.4",NA,NA
"86464b3d98669f072bf07ae472ec02e4","8e3aa9242c8360762d59e120ffd5e876",15557,"MERS-CoV","Severity - asymptomatic proportion of infections",10.2,0,"Percentage (%)",NA,NA,"Unspecified",NA,NA,NA,NA,NA,51,501,NA,NA,NA,NA,NA,NA,NA,FALSE,"Mid outbreak","Naive",NA,NA,FALSE,NA,NA,NA,NA,NA,NA,"Both","Hospital based","Persons under investigation",NA,NA,501,"Saudi Arabia","Prince Mohammed Bin Abdulaziz Hospital;  Riyadh",NA,"04","2014","12","11","2019",NA,NA,NA,NA,FALSE,FALSE,NA,"Severity",NA,NA,NA
"86464b3d98669f072bf07ae472ec02e4","6c0cbcb72c51424825db68a73183beb3",15557,"MERS-CoV","Human delay - other human delay (go to section)",18,0,"Days",NA,NA,"Mean",NA,NA,NA,NA,NA,NA,NA,NA,NA,NA,NA,NA,NA,NA,FALSE,"Mid outbreak",NA,NA,NA,FALSE,NA,NA,NA,NA,NA,NA,"Both","Hospital based","Persons under investigation",NA,NA,501,"Saudi Arabia","Prince Mohammed Bin Abdulaziz Hospital;  Riyadh",NA,"04","2014","12","11","2019",NA,NA,"Hospital admission","Death or discharge",FALSE,FALSE,NA,"Human delay",NA,NA,NA
"06a05186e2d30b1ddbf96b16ba83a73f","d17e5d8f1bacd72e00827f89be0f5748",15674,"MERS-CoV","Human delay - symptom onset>admission to care",NA,0,"Days",4.03,4.75,"Mean",NA,NA,NA,NA,NA,NA,NA,NA,NA,NA,NA,NA,NA,NA,FALSE,"Unspecified",NA,NA,"Age; Method",TRUE,TRUE,NA,NA,NA,NA,NA,"Unspecified","Hospital based","Persons with symptoms",NA,NA,1990,"Saudi Arabia",NA,NA,"06","2012",NA,"01","2020",NA,NA,NA,NA,FALSE,FALSE,NA,"Human delay","4.03 - 4.75",NA,NA
"06a05186e2d30b1ddbf96b16ba83a73f","3eb4a69c2750c8a92cc95a461faec8f1",15674,"MERS-CoV","Human delay - other human delay (go to section)",NA,0,"Days",5.77,8.66,"Mean",NA,NA,NA,NA,NA,NA,NA,NA,NA,NA,NA,NA,NA,NA,FALSE,"Unspecified",NA,NA,"Age; Method",TRUE,TRUE,NA,NA,NA,NA,NA,"Unspecified","Hospital based","Persons with symptoms",NA,NA,1990,"Saudi Arabia",NA,NA,"06","2012",NA,"01","2020",NA,NA,"Symptom Onset","Diagnosis/test result",FALSE,FALSE,NA,"Human delay","5.77 - 8.66",NA,NA
"06a05186e2d30b1ddbf96b16ba83a73f","774779cf470d6df711d2e6a9d16127c5",15674,"MERS-CoV","Human delay - other human delay (go to section)",NA,0,"Days",7,9.81,"Mean",NA,NA,NA,NA,NA,NA,NA,NA,NA,NA,NA,NA,NA,NA,FALSE,"Unspecified",NA,NA,"Age; Method",TRUE,TRUE,NA,NA,NA,NA,NA,"Unspecified","Hospital based","Persons with symptoms",NA,NA,1990,"Saudi Arabia",NA,NA,"06","2012",NA,"01","2020",NA,NA,"Symptom Onset","Case reporting",FALSE,FALSE,NA,"Human delay","7 - 9.81",NA,NA
"06a05186e2d30b1ddbf96b16ba83a73f","b6dd287467e0e132a9d276bfb099c3a7",15674,"MERS-CoV","Human delay - symptom onset>death",NA,0,"Days",12.3,16.1,"Mean",NA,NA,NA,NA,NA,NA,NA,NA,NA,NA,NA,NA,NA,NA,FALSE,"Unspecified",NA,NA,"Age; Method",TRUE,TRUE,NA,NA,NA,NA,NA,"Unspecified","Hospital based","Persons with symptoms",NA,NA,816,"Saudi Arabia",NA,NA,"06","2012",NA,"01","2020",NA,NA,NA,NA,FALSE,FALSE,NA,"Human delay","12.3 - 16.1",NA,NA
"06a05186e2d30b1ddbf96b16ba83a73f","659afe6b0b898b4156e1c8f6d8082709",15674,"MERS-CoV","Severity - case fatality ratio (CFR)",NA,0,"No units",0.241,0.681,"Mean",NA,NA,NA,NA,NA,NA,NA,"Beta",NA,NA,NA,NA,NA,NA,FALSE,"Unspecified","Adjusted",NA,"Age",TRUE,TRUE,NA,NA,NA,NA,NA,"Unspecified","Hospital based","Persons with symptoms",NA,NA,816,"Saudi Arabia",NA,NA,"06","2012",NA,"01","2020",NA,NA,NA,NA,FALSE,FALSE,NA,"Severity","0.241 - 0.681",NA,NA
"03d30f2220c9ea65acd854714de06ec5","c0da59018887225058ded64738d638f4",15949,"MERS-CoV","Severity - case fatality ratio (CFR)",20.08,0,"Percentage (%)",NA,NA,"Unspecified",NA,NA,NA,NA,NA,50,249,NA,NA,NA,NA,NA,NA,NA,FALSE,"Unspecified","Naive",NA,"Age; Sex; Other",TRUE,FALSE,NA,NA,NA,NA,NA,"Both","Population based","General population",0.75,93,249,"Saudi Arabia","Prince Mohamed Bin ABdulaziz hospital;  Riyadh",NA,"04","2014",NA,"12","2015",NA,NA,NA,NA,FALSE,FALSE,NA,"Severity",NA,NA,NA
"03d30f2220c9ea65acd854714de06ec5","5d8c1dccfe0e68a16d9c213d472b4f6b",15949,"MERS-CoV","Relative contribution - human to human",39.36,0,"Percentage (%)",NA,NA,"Unspecified",NA,NA,NA,NA,NA,NA,NA,NA,NA,NA,NA,NA,NA,NA,FALSE,"Unspecified",NA,NA,"Other",TRUE,FALSE,NA,NA,NA,NA,NA,"Both","Population based","General population",0.75,93,249,"Saudi Arabia","Prince Mohamed Bin ABdulaziz hospital;  Riyadh",NA,"04","2014",NA,"12","2015",NA,NA,NA,NA,FALSE,FALSE,NA,"Relative contribution",NA,NA,NA
"03d30f2220c9ea65acd854714de06ec5","e9a2a2a9117fe20b5af2f3b905ec9745",15949,"MERS-CoV","Severity - symptomatic proportion of infections",83.53,0,"Percentage (%)",NA,NA,"Unspecified",NA,NA,NA,NA,NA,208,249,NA,NA,NA,NA,NA,NA,NA,FALSE,"Unspecified","Naive",NA,NA,FALSE,NA,NA,NA,NA,NA,NA,"Both","Population based","General population",0.75,93,249,"Saudi Arabia","Prince Mohamed Bin ABdulaziz hospital;  Riyadh",NA,"04","2014",NA,"12","2015",NA,NA,NA,NA,FALSE,FALSE,NA,"Severity",NA,NA,NA
"03d30f2220c9ea65acd854714de06ec5","c7e95a228ef531923c24dd76f1407525",15949,"MERS-CoV","Risk factors",NA,0,NA,NA,NA,"Unspecified",NA,NA,NA,NA,NA,NA,NA,NA,NA,NA,NA,NA,NA,NA,FALSE,"Unspecified",NA,NA,NA,FALSE,NA,"Death","Age,Other",NA,"Significant","Not adjusted","Both","Population based","General population",0.75,93,249,"Saudi Arabia","Prince Mohamed Bin ABdulaziz hospital;  Riyadh",NA,"04","2014",NA,"12","2015",NA,NA,NA,NA,FALSE,FALSE,NA,"Risk factors",NA,NA,NA
"03d30f2220c9ea65acd854714de06ec5","9b871015cab347669fe2c7c3e7afb253",15949,"MERS-CoV","Human delay - incubation period",6.27,0,"Days",1,14,"Mean",NA,NA,5.24469516727951,7.29530483272049,NA,NA,NA,NA,NA,NA,NA,NA,NA,NA,FALSE,"Unspecified",NA,NA,NA,FALSE,NA,NA,NA,NA,NA,NA,"Both","Population based","General population",NA,NA,18,"Saudi Arabia","Prince Mohamed Bin ABdulaziz hospital;  Riyadh",NA,"04","2014",NA,"12","2015",NA,NA,NA,NA,FALSE,FALSE,NA,"Human delay","1 - 14",NA,NA
"03d30f2220c9ea65acd854714de06ec5","ed27d12aaa87ca6be5839d29b2c3a1ec",15949,"MERS-CoV","Human delay - other human delay (go to section)",13.17,0,"Days",2,40,"Mean",NA,NA,12.5462984745775,13.7937015254225,NA,NA,NA,NA,NA,NA,NA,NA,NA,NA,FALSE,"Unspecified",NA,NA,NA,FALSE,NA,NA,NA,NA,NA,NA,"Both","Population based","General population",NA,NA,167,"Saudi Arabia","Prince Mohamed Bin ABdulaziz hospital;  Riyadh",NA,"04","2014",NA,"12","2015",NA,NA,"symptom onset","Recovery/non-Infectiousness",FALSE,FALSE,NA,"Human delay","2 - 40",NA,NA
"03d30f2220c9ea65acd854714de06ec5","a07bc0d42b811e16e05563610c2f596c",15949,"MERS-CoV","Human delay - time in care (length of stay)",15.6,0,"Days",1,64,"Mean",NA,NA,14.3069139902654,16.8930860097346,NA,NA,NA,NA,NA,NA,NA,NA,NA,NA,NA,"Unspecified",NA,NA,NA,FALSE,NA,NA,NA,NA,NA,NA,"Both","Population based","General population",NA,NA,140,"Saudi Arabia","Prince Mohamed Bin ABdulaziz hospital;  Riyadh",NA,"04","2014",NA,"12","2015",NA,NA,NA,NA,FALSE,FALSE,NA,"Human delay","1 - 64",NA,NA
"03d30f2220c9ea65acd854714de06ec5","27abe42e5fdd9e11a99eaf863b200fd0",15949,"MERS-CoV","Human delay - time in care (length of stay)",15.21,0,"Days",0.5,90,"Mean",NA,NA,14.3075766672531,16.1124233327469,NA,NA,NA,NA,NA,NA,NA,NA,NA,NA,FALSE,"Unspecified",NA,NA,NA,FALSE,NA,NA,NA,NA,NA,NA,"Both","Population based","General population",0.75,93,249,"Saudi Arabia","Prince Mohamed Bin ABdulaziz hospital;  Riyadh",NA,"04","2014",NA,"12","2015",NA,NA,NA,NA,FALSE,FALSE,NA,"Human delay","0.5 - 90",NA,NA
"03d30f2220c9ea65acd854714de06ec5","fd5b364bcb199f46ab28107b4edd06f3",15949,"MERS-CoV","Human delay - admission to care>discharge/recovery",14.6,0,"Days",2,90,"Mean",NA,NA,13.6245794619085,15.5754205380915,NA,NA,NA,NA,NA,NA,NA,NA,NA,NA,FALSE,"Unspecified",NA,NA,NA,FALSE,NA,NA,NA,NA,NA,NA,"Both","Population based","General population",0.75,85,199,"Saudi Arabia","Prince Mohamed Bin ABdulaziz hospital;  Riyadh",NA,"04","2014",NA,"12","2015",NA,NA,NA,NA,FALSE,FALSE,NA,"Human delay","2 - 90",NA,NA
"03d30f2220c9ea65acd854714de06ec5","4eb97ceafba4a030fc7f6c80d5aa6724",15949,"MERS-CoV","Human delay - admission to care>death",17.6,0,"Days",1,72,"Mean",NA,NA,15.3641283578881,19.8358716421119,NA,NA,NA,NA,NA,NA,NA,NA,NA,NA,FALSE,"Unspecified",NA,NA,NA,NA,NA,NA,NA,NA,NA,NA,"Both","Population based","General population",21,93,50,"Saudi Arabia","Prince Mohamed Bin ABdulaziz hospital;  Riyadh",NA,"04","2014",NA,"12","2015",NA,NA,NA,NA,FALSE,FALSE,NA,"Human delay","1 - 72",NA,NA
"5f36628d2eaefea34a1a68843fba5ae5","517d4c8f2cc57db917e1c7af764b0b5a",15962,"MERS-CoV","Human delay - incubation period",6.99,0,"Days",NA,NA,"Mean",NA,NA,2.21823133942198,7.30711788750244,NA,NA,NA,"Gamma",4.45,"Shape",NA,1.57,"Scale",NA,FALSE,NA,NA,NA,NA,FALSE,NA,NA,NA,NA,NA,NA,"Unspecified","Hospital based","Mixed groups",NA,NA,36,"Republic of Korea","Pyeongtaek St. Mary's Hospital",NA,NA,"2015",NA,NA,"2015",NA,NA,NA,NA,FALSE,FALSE,NA,"Human delay",NA,NA,NA
"5f36628d2eaefea34a1a68843fba5ae5","e40b7ee026fa9c17de4602b747f973d1",15962,"MERS-CoV","Human delay - other human delay (go to section)",3.7,0,NA,NA,NA,"Mean",NA,NA,0.0668335603985815,7.19460014863718,NA,NA,NA,"Gamma",2.24,"Shape",NA,2.47,"Scale",NA,FALSE,NA,NA,NA,NA,FALSE,NA,NA,NA,NA,NA,NA,"Unspecified","Hospital based","Mixed groups",NA,NA,36,"Republic of Korea","Pyeongtaek St. Mary's Hospital",NA,NA,"2015",NA,NA,"2015",NA,NA,"Symptom onset","Isolation",FALSE,FALSE,NA,"Human delay",NA,NA,NA
"96e96d8537fa0838a501d7187da2efb0","6d53043a7645cd1c2474ff4486bc8a13",16202,"MERS-CoV","Human delay - incubation period",NA,0,"Days",7.21,7.28,"Mean",NA,NA,NA,NA,NA,NA,NA,NA,NA,NA,NA,NA,NA,NA,FALSE,"Unspecified",NA,NA,"Method",TRUE,TRUE,NA,NA,NA,NA,NA,"Unspecified","Population based","General population",NA,NA,NA,"Saudi Arabia",NA,NA,NA,"2014",NA,NA,"2015",NA,NA,NA,NA,FALSE,FALSE,NA,"Human delay","7.21 - 7.28",NA,NA
"96e96d8537fa0838a501d7187da2efb0","95d66c237a31b82e7c0099a25f06e88c",16202,"MERS-CoV","Human delay - serial interval",NA,0,"Days",14.08,14.2,"Mean",NA,NA,NA,NA,NA,NA,NA,NA,NA,NA,NA,NA,NA,NA,FALSE,"Unspecified",NA,NA,"Method",TRUE,TRUE,NA,NA,NA,NA,NA,"Unspecified","Contact based","Mixed groups",NA,NA,NA,"Saudi Arabia",NA,19,"06","2012",NA,NA,"2015",NA,NA,NA,NA,FALSE,FALSE,NA,"Human delay","14.08 - 14.2",NA,NA
"96e96d8537fa0838a501d7187da2efb0","7f9dd4a0727a111c89664531e79f1b43",16202,"MERS-CoV","Severity - case fatality ratio (CFR)",38.1,0,"Percentage (%)",NA,NA,"Maximum likelihood",NA,NA,36.8,39.5,"95% CI",NA,NA,"Gamma",NA,NA,NA,NA,NA,NA,FALSE,"Unspecified","Adjusted",NA,NA,FALSE,NA,NA,NA,NA,NA,NA,"Unspecified","Population based","General population",NA,NA,NA,"Saudi Arabia",NA,19,"06","2012",NA,NA,"xxxx",NA,NA,NA,NA,FALSE,FALSE,NA,"Severity",NA,"95% CI","36.8 - 39.5"
"96e96d8537fa0838a501d7187da2efb0","4fdb56aa603c283ca701cd68da4f3d18",16202,"MERS-CoV","Human delay - incubation period",5.2,0,"Days",NA,NA,"Mean",NA,NA,4.58,5.9,"95% CI",NA,NA,NA,NA,NA,NA,NA,NA,NA,FALSE,"Unspecified",NA,NA,NA,FALSE,NA,NA,NA,NA,NA,NA,"Unspecified","Population based","General population",NA,NA,NA,"Saudi Arabia",NA,NA,NA,"2014",NA,NA,"2014",NA,NA,NA,NA,FALSE,FALSE,NA,"Human delay",NA,"95% CI","4.58 - 5.9"
"96e96d8537fa0838a501d7187da2efb0","c75eb3657094fab265c9ce929957d3eb",16202,"MERS-CoV","Human delay - incubation period",8.92,0,"Days",NA,NA,"Mean",NA,NA,8.14,9.75,"95% CI",NA,NA,NA,NA,NA,NA,NA,NA,NA,FALSE,"Unspecified",NA,NA,NA,FALSE,NA,NA,NA,NA,NA,NA,"Unspecified","Population based","General population",NA,NA,NA,"Saudi Arabia",NA,NA,NA,"2015",NA,NA,"2015",NA,NA,NA,NA,FALSE,FALSE,NA,"Human delay",NA,"95% CI","8.14 - 9.75"
"9cbdc7965ed72cba0fdafc59f2e53047","86d22f9fa129ac6d4f02271b33698c46",16406,"MERS-CoV","Human delay - other human delay (go to section)",5,0,"Days",NA,NA,"Median",NA,NA,NA,NA,NA,NA,NA,NA,NA,NA,NA,NA,NA,NA,FALSE,"Unspecified",NA,NA,NA,FALSE,NA,NA,NA,NA,NA,NA,"Both","Hospital based","Persons under investigation",NA,NA,105,"Saudi Arabia","14 tertiary care hospitals",NA,"10","2012",NA,"10","2015",NA,NA,"Symptom onset","Emergency room",FALSE,FALSE,NA,"Human delay",NA,NA,NA
"9cbdc7965ed72cba0fdafc59f2e53047","2687aad86b4b3863fcd70deaa74b8a30",16406,"MERS-CoV","Human delay - other human delay (go to section)",7,0,"Days",NA,NA,"Median",NA,NA,NA,NA,NA,NA,NA,NA,NA,NA,NA,NA,NA,NA,FALSE,"Unspecified",NA,NA,NA,FALSE,NA,NA,NA,NA,NA,NA,"Both","Hospital based","Persons under investigation",NA,NA,105,"Saudi Arabia","14 tertiary care hospitals",NA,"10","2012",NA,"10","2015",NA,NA,"Symptom onset","Admission to Critical Care/ICU",FALSE,FALSE,NA,"Human delay",NA,NA,NA
"9cbdc7965ed72cba0fdafc59f2e53047","eaa7c1875e8b416c1b5b305299432a92",16406,"MERS-CoV","Human delay - other human delay (go to section)",8,0,"Days",NA,NA,"Median",NA,NA,NA,NA,NA,NA,NA,NA,NA,NA,NA,NA,NA,NA,FALSE,"Unspecified",NA,NA,NA,FALSE,NA,NA,NA,NA,NA,NA,"Both","Hospital based","Persons under investigation",NA,NA,105,"Saudi Arabia","14 tertiary care hospitals",NA,"10","2012",NA,"10","2015",NA,NA,"Symptom onset","Intubation",FALSE,FALSE,NA,"Human delay",NA,NA,NA
"9cbdc7965ed72cba0fdafc59f2e53047","b92aeffa0d5ac8aac6972b47c141e3d0",16406,"MERS-CoV","Human delay - time in care (length of stay)",22,0,"Days",NA,NA,"Median",NA,NA,NA,NA,NA,NA,NA,NA,NA,NA,NA,NA,NA,NA,FALSE,"Unspecified",NA,NA,"Other",TRUE,FALSE,NA,NA,NA,NA,NA,"Both","Hospital based","Persons under investigation",NA,NA,105,"Saudi Arabia","14 tertiary care hospitals",NA,"10","2012",NA,"10","2015",NA,NA,NA,NA,FALSE,FALSE,NA,"Human delay",NA,NA,NA
"9cbdc7965ed72cba0fdafc59f2e53047","b016a31698b05e8264379fae216e59fe",16406,"MERS-CoV","Human delay - other human delay (go to section)",5,0,"Days",NA,NA,"Median",NA,NA,NA,NA,NA,NA,NA,NA,NA,NA,NA,NA,NA,NA,FALSE,"Unspecified",NA,NA,NA,FALSE,NA,NA,NA,NA,NA,NA,"Both","Hospital based","Persons under investigation",NA,NA,197,"Saudi Arabia","14 tertiary care hospitals",NA,"10","2012",NA,"10","2015",NA,NA,"Symptom onset","Emergency room",FALSE,FALSE,NA,"Human delay",NA,NA,NA
"9cbdc7965ed72cba0fdafc59f2e53047","60f66868a0b717bf95e9a7e11863d4ac",16406,"MERS-CoV","Human delay - other human delay (go to section)",7,0,"Days",NA,NA,"Median",NA,NA,NA,NA,NA,NA,NA,NA,NA,NA,NA,NA,NA,NA,FALSE,"Unspecified",NA,NA,NA,FALSE,NA,NA,NA,NA,NA,NA,"Both","Hospital based","Persons under investigation",NA,NA,197,"Saudi Arabia","14 tertiary care hospitals",NA,"10","2012",NA,"10","2015",NA,NA,"Symptom onset","Admission to Critical Care/ICU",FALSE,FALSE,NA,"Human delay",NA,NA,NA
"9cbdc7965ed72cba0fdafc59f2e53047","80d6815e121f54b8d1dd7ad4a6f58d86",16406,"MERS-CoV","Human delay - other human delay (go to section)",8,0,"Days",NA,NA,"Median",NA,NA,NA,NA,NA,NA,NA,NA,NA,NA,NA,NA,NA,NA,FALSE,"Unspecified",NA,NA,NA,FALSE,NA,NA,NA,NA,NA,NA,"Both","Hospital based","Persons under investigation",NA,NA,197,"Saudi Arabia","14 tertiary care hospitals",NA,"10","2012",NA,"10","2015",NA,NA,"Symptom onset","Intubation",FALSE,FALSE,NA,"Human delay",NA,NA,NA
"9cbdc7965ed72cba0fdafc59f2e53047","7d52382cbf41eb209bc0600cf36ae30d",16406,"MERS-CoV","Human delay - time in care (length of stay)",20,0,"Days",NA,NA,"Median",NA,NA,NA,NA,NA,NA,NA,NA,NA,NA,NA,NA,NA,NA,FALSE,"Unspecified",NA,NA,"Other",TRUE,FALSE,NA,NA,NA,NA,NA,"Both","Hospital based","Persons under investigation",NA,NA,197,"Saudi Arabia","14 tertiary care hospitals",NA,"10","2012",NA,"10","2015",NA,NA,NA,NA,FALSE,FALSE,NA,"Human delay",NA,NA,NA
"f94ce80be9f1fee3ecffc6aea5e741bb","15b6f92a5156432e7579968afd88a33b",16653,"MERS-CoV","Human delay - time in care (length of stay)",22,0,"Days",NA,NA,"Median",NA,NA,NA,NA,NA,NA,NA,NA,NA,NA,NA,NA,NA,NA,FALSE,"Mid outbreak",NA,NA,"Other",TRUE,FALSE,NA,NA,NA,NA,NA,"Both","Hospital based","Persons under investigation",18,NA,14,"Saudi Arabia","King Faisal Specialist Hospital",NA,"04","2014",NA,"05","2014",NA,NA,NA,NA,FALSE,FALSE,NA,"Human delay",NA,NA,NA
"a5597b97d4b01a191a8c12906ce9b86a","f9fb0d6f2e6b4d8889c4d0b4869d59b8",16746,"MERS-CoV","Reproduction number (Basic R0)",3.7949,0,"No units",NA,NA,"Unspecified",NA,NA,NA,NA,NA,NA,NA,NA,NA,NA,NA,NA,NA,NA,FALSE,NA,NA,"Next generation matrix",NA,FALSE,NA,NA,NA,NA,NA,NA,"Both","Population based","Persons under investigation",NA,NA,186,"Republic of Korea",NA,20,"05","2015","05","12","2015",NA,NA,NA,NA,FALSE,FALSE,"Human-human","Reproduction number",NA,NA,NA
"a5597b97d4b01a191a8c12906ce9b86a","3f32a592da4b66ca13ed8c7f2747cc0c",16746,"MERS-CoV","Severity - case fatality ratio (CFR)",20.97,0,"Percentage (%)",NA,NA,"Unspecified",NA,NA,NA,NA,NA,9,186,NA,NA,NA,NA,NA,NA,NA,FALSE,NA,"Naive",NA,"Sex",TRUE,FALSE,NA,NA,NA,NA,NA,"Both","Population based","Persons under investigation",NA,NA,186,"Republic of Korea",NA,20,"05","2015","05","12","2015",NA,NA,NA,NA,FALSE,FALSE,NA,"Severity",NA,NA,NA
"a5597b97d4b01a191a8c12906ce9b86a","c2d55207c1d62f899358e3025df1340b",16746,"MERS-CoV","Human delay - serial interval",9.8057,0,"Days",NA,NA,"Mean",NA,NA,9.1975,10.414,"95% CI",NA,NA,NA,NA,NA,NA,NA,NA,NA,FALSE,NA,NA,NA,NA,FALSE,NA,NA,NA,NA,NA,NA,"Both","Population based","Persons under investigation",NA,NA,186,"Republic of Korea",NA,20,"05","2015","05","12","2015",NA,NA,NA,NA,FALSE,FALSE,NA,"Human delay",NA,"95% CI","9.1975 - 10.414"
"7100d3c4dbf3c10c7fa8ea3bd2af888f","d3579e2056d09296f29ed75c1d543caf",16877,"MERS-CoV","Human delay - other human delay (go to section)",13,0,"Days",NA,NA,"Mean",NA,NA,12.1917096231345,13.8082903768655,NA,NA,NA,NA,NA,NA,NA,NA,NA,NA,FALSE,"Post outbreak",NA,NA,NA,FALSE,NA,NA,NA,NA,NA,NA,"Both","Population based","Persons under investigation",NA,NA,12,"Republic of Korea","Kyung Hee University at Kangdong;  Gangeung Medical Center and Kangdong Sacred Heart Hospital",NA,NA,"xxxx",NA,NA,"xxxx",NA,NA,"Isolation","End of isolation",FALSE,FALSE,NA,"Human delay",NA,NA,NA
"7100d3c4dbf3c10c7fa8ea3bd2af888f","92a087fbe818d7a2118e399da837d159",16877,"MERS-CoV","Human delay - other human delay (go to section)",15.2,0,"Days",NA,NA,"Mean",NA,NA,14.7954800825221,15.6045199174779,NA,NA,NA,NA,NA,NA,NA,NA,NA,NA,FALSE,"Post outbreak",NA,NA,NA,FALSE,NA,NA,NA,NA,NA,NA,"Both","Population based","Persons under investigation",NA,NA,55,"Republic of Korea","Kyung Hee University at Kangdong;  Gangeung Medical Center and Kangdong Sacred Heart Hospital",NA,NA,"xxxx",NA,NA,"xxxx",NA,NA,"Isolation","End of isolation",FALSE,FALSE,NA,"Human delay",NA,NA,NA
"d5cc1c83e91a207f1246cab76c005c8a","0d7a8121ffb19c5273de31f4c1b37a13",17254,"MERS-CoV","Risk factors",NA,0,NA,NA,NA,"Unspecified",NA,NA,NA,NA,NA,NA,NA,NA,NA,NA,NA,NA,NA,NA,FALSE,"Unspecified",NA,NA,NA,FALSE,NA,"Death","Other",NA,"Significant","Adjusted","Both","Hospital based","Persons under investigation",43,67,95,"Saudi Arabia",NA,NA,"11","2016",NA,"04","2020",NA,NA,NA,NA,FALSE,FALSE,NA,"Risk factors",NA,NA,NA
"16e756b1f38e85cc4b80b1bf1161f809","b2bedc251657865178e812f7189bbdc4",17580,"MERS-CoV","Risk factors",NA,0,NA,NA,NA,"Unspecified",NA,NA,NA,NA,NA,NA,NA,NA,NA,NA,NA,NA,NA,NA,FALSE,"Unspecified",NA,NA,NA,FALSE,NA,"Infection","Age",NA,"Not significant","Unspecified","Both","Population based","Persons under investigation",NA,NA,24,"Qatar",NA,NA,"01","2012",NA,"12","2017",NA,NA,NA,NA,FALSE,FALSE,NA,"Risk factors",NA,NA,NA
"861c53a8a0d33e9231a14ed653cfc78a","ed3f90667f72817749df8fba9572e35d",20187,"MERS-CoV","Severity - case fatality ratio (CFR)",37.3,0,"Percentage (%)",NA,NA,"Unspecified",NA,NA,NA,NA,NA,NA,NA,NA,NA,NA,NA,NA,NA,NA,FALSE,"Unspecified",NA,NA,NA,NA,NA,NA,NA,NA,NA,NA,"Both","Population based","Persons under investigation",2,114,2037,"Saudi Arabia","Central;  East and West regions and Riyadh;  Makkah;  Eastern;  Madinah and Qassim provinces",13,"06","2012","30","04","2019",NA,NA,NA,NA,FALSE,FALSE,NA,"Severity",NA,NA,NA
"861c53a8a0d33e9231a14ed653cfc78a","5571bd6d3a8b3e2edecbc99b3b05191c",20187,"MERS-CoV","Risk factors",NA,0,NA,NA,NA,"Unspecified",NA,NA,NA,NA,NA,NA,NA,NA,NA,NA,NA,NA,NA,NA,NA,"Unspecified",NA,NA,"Region",TRUE,FALSE,"Death","Age,Comorbidity,Occupation,Sex","Healthcare","Significant","Adjusted","Both","Population based","Persons under investigation",2,114,2037,"Saudi Arabia","Central;  East and West regions and Riyadh;  Makkah;  Eastern;  Madinah and Qassim provinces",13,"06","2012","30","04","2019",NA,NA,NA,NA,FALSE,FALSE,NA,"Risk factors",NA,NA,NA
"861c53a8a0d33e9231a14ed653cfc78a","678ef90a129e95a7a596e97508884ce5",20187,"MERS-CoV","Risk factors",NA,0,NA,NA,NA,"Unspecified",NA,NA,NA,NA,NA,NA,NA,NA,NA,NA,NA,NA,NA,NA,NA,"Unspecified",NA,NA,"Region",TRUE,NA,"Death","Camel contact (other)",NA,"Not significant","Adjusted","Both","Population based","Persons under investigation",2,114,2037,"Saudi Arabia","Central;  East and West regions and Riyadh;  Makkah;  Eastern;  Madinah and Qassim provinces",13,"06","2012","30","04","2019",NA,NA,NA,NA,FALSE,FALSE,NA,"Risk factors",NA,NA,NA
"2e981d67876636e67b89b74daa94706d","42ca4f2139cf095f622adbc034599e12",20632,"MERS-CoV","Severity - case fatality ratio (CFR)",13.6,0,"Percentage (%)",NA,NA,"Unspecified",NA,NA,NA,NA,NA,6,44,NA,NA,NA,NA,NA,NA,NA,FALSE,"Post outbreak","Naive",NA,NA,FALSE,NA,NA,NA,NA,NA,NA,"Both","Hospital based","Persons under investigation",11,71,44,"United Arab Emirates",NA,1,"07","2013",NA,"09","2019",NA,NA,NA,NA,FALSE,FALSE,NA,"Severity",NA,NA,NA
"2e981d67876636e67b89b74daa94706d","87a5c60be10cf651073698b06156f289",20632,"MERS-CoV","Risk factors",NA,0,NA,NA,NA,"Unspecified",NA,NA,NA,NA,NA,NA,NA,NA,NA,NA,NA,NA,NA,NA,NA,"Post outbreak",NA,NA,NA,NA,NA,"Death","Age,Other",NA,"Significant","Not adjusted","Both","Hospital based","Persons under investigation",11,71,44,"United Arab Emirates",NA,1,"07","2013",NA,"09","2019",NA,NA,NA,NA,FALSE,FALSE,NA,"Risk factors",NA,NA,NA
"2e981d67876636e67b89b74daa94706d","cc5d85a8042bce43f6d3ee086ef4bc5e",20632,"MERS-CoV","Risk factors",NA,0,NA,NA,NA,"Unspecified",NA,NA,NA,NA,NA,NA,NA,NA,NA,NA,NA,NA,NA,NA,NA,"Post outbreak",NA,NA,NA,NA,NA,"Death","Sex,Other",NA,"Not significant","Not adjusted","Both","Hospital based","Persons under investigation",11,71,44,"United Arab Emirates",NA,1,"07","2013",NA,"09","2019",NA,NA,NA,NA,FALSE,FALSE,NA,"Risk factors",NA,NA,NA
"e43e127d2e1a35889aac7ed26faa781f","26adea77e6a7ff215417178fcc207e1d",20964,"MERS-CoV","Human delay - other human delay (go to section)",54,0,"Months",NA,NA,"Mean",NA,NA,NA,NA,NA,NA,NA,NA,NA,NA,NA,NA,NA,NA,FALSE,NA,NA,NA,"Other",TRUE,FALSE,NA,NA,NA,NA,NA,"Both","Mixed settings","Other",26,97,21,"Saudi Arabia","Buridah;  Um Aljowa;  Jeddah;  Wadi Aldawser",NA,NA,"2014",NA,NA,"2019",NA,NA,"Recovery","Test taken",FALSE,FALSE,NA,"Human delay",NA,NA,NA
"0cba89ef24220a59b4b67ddb0f27d263","da5ce02e61f987955f3c89ce434406ff",21174,"MERS-CoV","Severity - asymptomatic proportion of infections",27.9,0,"Percentage (%)",10.7,40,"Unspecified",NA,NA,NA,NA,NA,19,68,NA,NA,NA,NA,NA,NA,NA,FALSE,NA,NA,NA,"Sex",TRUE,FALSE,NA,NA,NA,NA,NA,"Both","Hospital based","Persons under investigation",22,88,68,"Saudi Arabia","Riyadh",NA,"04","2014",NA,"11","2019",NA,NA,NA,NA,FALSE,FALSE,NA,"Severity","10.7 - 40",NA,NA
"0cba89ef24220a59b4b67ddb0f27d263","741a2cc4a45029c0ff7a54612ff1aa99",21174,"MERS-CoV","Severity - case fatality ratio (CFR)",16.2,0,"Percentage (%)",10,25,"Unspecified",NA,NA,NA,NA,NA,11,68,NA,NA,NA,NA,NA,NA,NA,FALSE,NA,"Unspecified",NA,"Sex",TRUE,FALSE,NA,NA,NA,NA,NA,"Both","Hospital based","Persons under investigation",22,88,68,"Saudi Arabia","Riyadh",NA,"04","2014",NA,"11","2019",NA,NA,NA,NA,FALSE,FALSE,NA,"Severity","10 - 25",NA,NA
"0cba89ef24220a59b4b67ddb0f27d263","63ea35d2016ddcd3a83646c66445bf58",21174,"MERS-CoV","Risk factors",NA,0,NA,NA,NA,"Unspecified",NA,NA,NA,NA,NA,NA,NA,NA,NA,NA,NA,NA,NA,NA,NA,NA,NA,NA,NA,NA,NA,"Severe disease","Sex",NA,"Significant","Not adjusted","Both","Hospital based","Persons under investigation",22,88,68,"Saudi Arabia","Riyadh",NA,"04","2014",NA,"11","2019",NA,NA,NA,NA,FALSE,FALSE,NA,"Risk factors",NA,NA,NA
"0cba89ef24220a59b4b67ddb0f27d263","67df06ac5c8d02a58dbcfa5ad8a7fb9e",21174,"MERS-CoV","Risk factors",NA,0,NA,NA,NA,"Unspecified",NA,NA,NA,NA,NA,NA,NA,NA,NA,NA,NA,NA,NA,NA,FALSE,NA,NA,NA,NA,NA,NA,"Other","Sex",NA,"Significant","Not adjusted","Both","Hospital based","Persons under investigation",22,88,68,"Saudi Arabia","Riyadh",NA,"04","2014",NA,"11","2019",NA,NA,NA,NA,FALSE,FALSE,NA,"Risk factors",NA,NA,NA
"0cba89ef24220a59b4b67ddb0f27d263","21af4dd6a8bb182588d216cd8ee94aca",21174,"MERS-CoV","Risk factors",NA,0,NA,NA,NA,"Unspecified",NA,NA,NA,NA,NA,NA,NA,NA,NA,NA,NA,NA,NA,NA,FALSE,NA,NA,NA,NA,NA,NA,"Death","Sex",NA,"Not significant","Not adjusted","Both","Hospital based","Persons under investigation",22,88,68,"Saudi Arabia","Riyadh",NA,"04","2014",NA,"11","2019",NA,NA,NA,NA,FALSE,FALSE,NA,"Risk factors",NA,NA,NA
"0cba89ef24220a59b4b67ddb0f27d263","121bd63061fe42da44bc3969f76e6022",21174,"MERS-CoV","Risk factors",NA,0,NA,NA,NA,"Unspecified",NA,NA,NA,NA,NA,NA,NA,NA,NA,NA,NA,NA,NA,NA,FALSE,NA,NA,NA,NA,NA,NA,"Other","Sex",NA,"Significant","Adjusted","Both","Hospital based","Persons under investigation",22,88,68,"Saudi Arabia","Riyadh",NA,"04","2014",NA,"11","2019",NA,NA,NA,NA,FALSE,FALSE,NA,"Risk factors",NA,NA,NA
"0cba89ef24220a59b4b67ddb0f27d263","f1bfc7c64b2855da8131eea977619cc9",21174,"MERS-CoV","Risk factors",NA,0,NA,NA,NA,"Unspecified",NA,NA,NA,NA,NA,NA,NA,NA,NA,NA,NA,NA,NA,NA,FALSE,NA,NA,NA,NA,NA,NA,"Severe disease","Sex",NA,"Not significant","Adjusted","Both","Hospital based","Persons under investigation",22,88,68,"Saudi Arabia","Riyadh",NA,"04","2014",NA,"11","2019",NA,NA,NA,NA,FALSE,FALSE,NA,"Risk factors",NA,NA,NA
"d35b0defa982ef76ad5e6b33b36f6016","34531326f12d3b9ae2a3add9f9c183d0",24283,"MERS-CoV","Overdispersion",0.03,0,"No units",NA,NA,"Unspecified",NA,NA,0.02,0.05,"95% CrI",NA,NA,"Negative-Binomial",NA,NA,NA,0.03,NA,NA,FALSE,NA,NA,NA,NA,FALSE,NA,NA,NA,NA,NA,NA,NA,"Unspecified","Unspecified",NA,NA,NA,"Republic of Korea",NA,NA,NA,NA,NA,NA,NA,NA,NA,NA,NA,FALSE,FALSE,NA,"Overdispersion",NA,"95% CrI","0.02 - 0.05"
"c1e343a0aaaacc7b6b3fc1c932173efe","f8e7314b71c5b140b987a9fbb4b8042e",1078,"MERS-CoV","Risk factors",NA,0,NA,NA,NA,"Unspecified",NA,NA,NA,NA,NA,NA,NA,NA,NA,NA,NA,NA,NA,NA,FALSE,"Unspecified",NA,NA,NA,FALSE,NA,"Other","Age,Comorbidity,Occupation","Healthcare","Significant","Not adjusted","Both","Hospital based","Persons under investigation",NA,NA,330,"Saudi Arabia","14 ICUs across 5 cities",NA,"9","2012",NA,"10","2015",NA,NA,NA,NA,FALSE,FALSE,NA,"Risk factors",NA,NA,NA
"c1e343a0aaaacc7b6b3fc1c932173efe","be9e8a9c9068fcfeb5aeb5e52d9235f1",1078,"MERS-CoV","Human delay - other human delay (go to section)",7,0,"Days",NA,NA,"Median",NA,NA,NA,NA,NA,NA,NA,NA,NA,NA,NA,NA,NA,NA,FALSE,"Unspecified",NA,NA,"Other",TRUE,FALSE,NA,NA,NA,NA,NA,"Both","Hospital based","Persons under investigation",NA,NA,330,"Saudi Arabia","ICUs in 14 referral hospitals in 5 cities (see supplement)",NA,"9","2012",NA,"10","2015",NA,NA,"Symptom Onset","Admission to Critical Care/ICU",FALSE,FALSE,NA,"Human delay",NA,NA,NA
"c1e343a0aaaacc7b6b3fc1c932173efe","47987c0a652901a01721f5bfd26f1de5",1078,"MERS-CoV","Risk factors",NA,0,NA,NA,NA,"Unspecified",NA,NA,NA,NA,NA,NA,NA,NA,NA,NA,NA,NA,NA,NA,FALSE,"Unspecified",NA,NA,NA,FALSE,NA,"Other","Comorbidity,Sex",NA,"Not significant","Not adjusted","Both","Hospital based","Persons under investigation",NA,NA,330,"Saudi Arabia","14 ICUs across 5 cities",NA,"9","2012",NA,"10","2015",NA,NA,NA,NA,FALSE,FALSE,NA,"Risk factors",NA,NA,NA
"c1e343a0aaaacc7b6b3fc1c932173efe","2248f010db2adc864e682c2b2b88e61a",1078,"MERS-CoV","Human delay - other human delay (go to section)",8,0,"Days",NA,NA,"Median",NA,NA,NA,NA,NA,NA,NA,NA,NA,NA,NA,NA,NA,NA,FALSE,"Unspecified",NA,NA,"Other",TRUE,FALSE,NA,NA,NA,NA,NA,"Both","Hospital based","Other",NA,NA,NA,"Saudi Arabia","ICUs in 14 referral hospitals in 5 cities (see supplement)",NA,"9","2012",NA,"10","2015",NA,NA,"Symptom Onset","Invasive mechanical ventilation",FALSE,FALSE,NA,"Human delay",NA,NA,NA
"c1e343a0aaaacc7b6b3fc1c932173efe","7a8bff2888500d5b64126cf1579a60cd",1078,"MERS-CoV","Human delay - time in care (length of stay)",19,0,"Days",NA,NA,"Median",NA,NA,NA,NA,NA,NA,NA,NA,NA,NA,NA,NA,NA,NA,FALSE,"Unspecified",NA,NA,"Other",TRUE,FALSE,NA,NA,NA,NA,NA,"Both","Hospital based","Persons under investigation",NA,NA,330,"Saudi Arabia","ICUs in 14 referral hospitals in 5 cities (see supplement)",NA,"9","2012",NA,"10","2015",NA,NA,NA,NA,FALSE,FALSE,NA,"Human delay",NA,NA,NA
"c1e343a0aaaacc7b6b3fc1c932173efe","2c30906d04e8be5818e2b4f23d2b65e4",1078,"MERS-CoV","Human delay - time in care (length of stay)",16,0,"Days",NA,NA,"Median",NA,NA,NA,NA,NA,NA,NA,NA,NA,NA,NA,NA,NA,NA,FALSE,"Unspecified",NA,NA,NA,FALSE,NA,NA,NA,NA,NA,NA,"Both","Hospital based","Persons under investigation",NA,NA,217,"Saudi Arabia","ICUs in 14 referral hospitals in 5 cities (see supplement)",NA,"9","2012",NA,"10","2015",NA,NA,NA,NA,FALSE,FALSE,NA,"Human delay",NA,NA,NA
"c1e343a0aaaacc7b6b3fc1c932173efe","c474938ab6819bdfb7c7dd339fa0fa06",1078,"MERS-CoV","Human delay - time in care (length of stay)",33,0,"Days",NA,NA,"Median",NA,NA,NA,NA,NA,NA,NA,NA,NA,NA,NA,NA,NA,NA,FALSE,"Unspecified",NA,NA,NA,FALSE,NA,NA,NA,NA,NA,NA,"Both","Hospital based","Persons under investigation",NA,NA,113,"Saudi Arabia","ICUs in 14 referral hospitals in 5 cities (see supplement)",NA,"9","2012",NA,"10","2015",NA,NA,NA,NA,FALSE,FALSE,NA,"Human delay",NA,NA,NA
"c1e343a0aaaacc7b6b3fc1c932173efe","4e14dc3b7771f98d1e356bbd8660b19e",1078,"MERS-CoV","Human delay - other human delay (go to section)",37,0,"Days",NA,NA,"Median",NA,NA,24,NA,"95% CI",NA,NA,NA,NA,NA,NA,NA,NA,NA,FALSE,"Unspecified",NA,NA,"Other",TRUE,TRUE,NA,NA,NA,NA,NA,"Both","Hospital based","Persons under investigation",NA,NA,217,"Saudi Arabia","ICUs in 14 referral hospitals in 5 cities (see supplement)",NA,"9","2012",NA,"10","2015",NA,NA,"Viral RNA detected","viral RNA clearance",FALSE,FALSE,NA,"Human delay",NA,"95% CI",NA
"c1e343a0aaaacc7b6b3fc1c932173efe","d76a7382090f1af9a7e3e22513508621",1078,"MERS-CoV","Human delay - other human delay (go to section)",9,0,"Days",NA,NA,"Median",NA,NA,NA,NA,NA,NA,NA,NA,NA,NA,NA,NA,NA,NA,FALSE,"Unspecified",NA,NA,"Other",TRUE,FALSE,NA,NA,NA,NA,NA,"Both","Hospital based","Persons under investigation",NA,NA,217,"Saudi Arabia","ICUs in 14 referral hospitals in 5 cities (see supplement)",NA,"9","2012",NA,"10","2015",NA,NA,"Admission to ICU","Discharge from Critical Care/ICU",FALSE,FALSE,NA,"Human delay",NA,NA,NA
"c1e343a0aaaacc7b6b3fc1c932173efe","a5332f93c89f24d140e8d947a0c24402",1078,"MERS-CoV","Human delay - other human delay (go to section)",10,0,"Days",NA,NA,"Median",NA,NA,NA,NA,NA,NA,NA,NA,NA,NA,NA,NA,NA,NA,FALSE,"Unspecified",NA,NA,"Other",TRUE,FALSE,NA,NA,NA,NA,NA,"Both","Hospital based","Persons under investigation",NA,NA,330,"Saudi Arabia","ICUs in 14 referral hospitals in 5 cities (see supplement)",NA,"9","2012",NA,"10","2015",NA,NA,"Admission to ICU","Discharge from Critical Care/ICU",FALSE,FALSE,NA,"Human delay",NA,NA,NA
"c1e343a0aaaacc7b6b3fc1c932173efe","ab5801abe0ae676a6f3340ca80dabc72",1078,"MERS-CoV","Severity - case fatality rate (CFR)",67.6,0,"Percentage (%)",NA,NA,"Unspecified",NA,NA,NA,NA,NA,223,330,NA,NA,NA,NA,NA,NA,NA,FALSE,"Unspecified","Naive",NA,NA,FALSE,NA,NA,NA,NA,NA,NA,"Both","Hospital based","Persons under investigation",NA,NA,330,"Saudi Arabia","ICUs in 14 referral hospitals in 5 cities (see supplement)",NA,"9","2012",NA,"10","2015",NA,NA,NA,NA,FALSE,FALSE,NA,"Severity",NA,NA,NA
"c1e343a0aaaacc7b6b3fc1c932173efe","862e22f33732295a07c3f5d33abf201c",1078,"MERS-CoV","Human delay - other human delay (go to section)",12,0,"Days",NA,NA,"Median",NA,NA,NA,NA,NA,NA,NA,NA,NA,NA,NA,NA,NA,NA,FALSE,"Unspecified",NA,NA,"Other",TRUE,FALSE,NA,NA,NA,NA,NA,"Both","Hospital based","Persons under investigation",NA,NA,113,"Saudi Arabia","ICUs in 14 referral hospitals in 5 cities (see supplement)",NA,"9","2012",NA,"10","2015",NA,NA,"Admission to ICU","Discharge from Critical Care/ICU",FALSE,FALSE,NA,"Human delay",NA,NA,NA
"c1e343a0aaaacc7b6b3fc1c932173efe","9a25a5d8fe1cb27ceafa1c83c9f9aa8f",1078,"MERS-CoV","Severity - case fatality rate (CFR)",65.8,0,"Percentage (%)",NA,NA,"Unspecified",NA,NA,NA,NA,NA,217,330,NA,NA,NA,NA,NA,NA,NA,FALSE,"Unspecified","Naive",NA,NA,FALSE,NA,NA,NA,NA,NA,NA,"Both","Hospital based","Persons under investigation",NA,NA,330,"Saudi Arabia","ICUs in 14 referral hospitals in 5 cities (see supplement)",NA,"9","2012",NA,"10","2015",NA,NA,NA,NA,FALSE,FALSE,NA,"Severity",NA,NA,NA
"c1e343a0aaaacc7b6b3fc1c932173efe","b1fc9b8aa3f88664b4af7c63dd1495e8",1078,"MERS-CoV","Human delay - other human delay (go to section)",19,0,"Days",NA,NA,"Median",NA,NA,16,24,"95% CI",NA,NA,NA,NA,NA,NA,NA,NA,NA,FALSE,"Unspecified",NA,NA,NA,NA,NA,NA,NA,NA,NA,NA,"Both","Hospital based","Persons under investigation",NA,NA,113,"Saudi Arabia","ICUs in 14 referral hospitals in 5 cities (see supplement)",NA,"9","2012",NA,"10","2015",NA,NA,"First positive RT-PCR test","viral RNA clearance",FALSE,FALSE,NA,"Human delay",NA,"95% CI","16 - 24"
"c1e343a0aaaacc7b6b3fc1c932173efe","c0dfddf989ec261c644af49d3db25113",1078,"MERS-CoV","Risk factors",NA,0,NA,NA,NA,"Unspecified",NA,NA,NA,NA,NA,NA,NA,NA,NA,NA,NA,NA,NA,NA,FALSE,"Unspecified",NA,NA,NA,FALSE,NA,"Infection","Age,Comorbidity,Occupation,Sex","Healthcare","Significant","Not adjusted","Both","Hospital based","Persons under investigation",NA,NA,555,"Saudi Arabia","14 ICUs across 5 cities",NA,"9","2012",NA,"10","2015",NA,NA,NA,NA,FALSE,FALSE,NA,"Risk factors",NA,NA,NA
"c1e343a0aaaacc7b6b3fc1c932173efe","2fbad61489c1d007460ff0ace29fb8d2",1078,"MERS-CoV","Risk factors",NA,0,NA,NA,NA,"Unspecified",NA,NA,NA,NA,NA,NA,NA,NA,NA,NA,NA,NA,NA,NA,FALSE,"Unspecified",NA,NA,NA,FALSE,NA,"Infection","Comorbidity,Other",NA,"Not significant","Not adjusted","Both","Hospital based","Persons under investigation",NA,NA,555,"Saudi Arabia","14 ICUs across 5 cities",NA,"9","2012",NA,"10","2015",NA,NA,NA,NA,FALSE,FALSE,NA,"Risk factors",NA,NA,NA
"c1e343a0aaaacc7b6b3fc1c932173efe","e0bea01337244a364bfc81c288446fcd",1078,"MERS-CoV","Human delay - other human delay (go to section)",5,0,"Days",NA,NA,"Median",NA,NA,NA,NA,NA,NA,NA,NA,NA,NA,NA,NA,NA,NA,FALSE,"Unspecified",NA,NA,"Other",TRUE,FALSE,NA,NA,NA,NA,NA,"Both","Hospital based","Persons under investigation",NA,NA,330,"Saudi Arabia","ICUs in 14 referral hospitals in 5 cities (see supplement)",NA,"9","2012",NA,"10","2015",NA,NA,"Onset of symptoms","Seeking Care",FALSE,FALSE,NA,"Human delay",NA,NA,NA
"c1e343a0aaaacc7b6b3fc1c932173efe","c323d3fcd849b4c31e92002c5966ae5f",1078,"MERS-CoV","Human delay - other human delay (go to section)",4,0,"Days",NA,NA,"Median",NA,NA,NA,NA,NA,NA,NA,NA,NA,NA,NA,NA,NA,NA,FALSE,"Unspecified",NA,NA,"Other",TRUE,FALSE,NA,NA,NA,NA,NA,"Both","Hospital based","Persons under investigation",NA,NA,217,"Saudi Arabia","ICUs in 14 referral hospitals in 5 cities (see supplement)",NA,"9","2012",NA,"10","2015",NA,NA,"Onset of symptoms","Seeking Care",FALSE,FALSE,NA,"Human delay",NA,NA,NA
"c1e343a0aaaacc7b6b3fc1c932173efe","183c5904f0f5369902f0a71cc202e947",1078,"MERS-CoV","Human delay - other human delay (go to section)",5,0,"Days",NA,NA,"Median",NA,NA,NA,NA,NA,NA,NA,NA,NA,NA,NA,NA,NA,NA,FALSE,"Unspecified",NA,NA,"Other",TRUE,FALSE,NA,NA,NA,NA,NA,"Both","Hospital based","Persons under investigation",NA,NA,113,"Saudi Arabia","ICUs in 14 referral hospitals in 5 cities (see supplement)",NA,"9","2012",NA,"10","2015",NA,NA,"Onset of symptoms","Seeking Care",FALSE,FALSE,NA,"Human delay",NA,NA,NA
"c1e343a0aaaacc7b6b3fc1c932173efe","9839fc8d66375d3856a0124d65bcd6c6",1078,"MERS-CoV","Human delay - other human delay (go to section)",7,0,"Days",NA,NA,"Median",NA,NA,NA,NA,NA,NA,NA,NA,NA,NA,NA,NA,NA,NA,FALSE,"Unspecified",NA,NA,NA,FALSE,NA,NA,NA,NA,NA,NA,"Both","Hospital based","Persons under investigation",NA,NA,217,"Saudi Arabia","ICUs in 14 referral hospitals in 5 cities (see supplement)",NA,"9","2012",NA,"10","2015",NA,NA,"Onset of symptoms","Admission to Critical Care/ICU",FALSE,FALSE,NA,"Human delay",NA,NA,NA
"c1e343a0aaaacc7b6b3fc1c932173efe","99ffb80c44fd69d2ba24f418dd5d797a",1078,"MERS-CoV","Human delay - other human delay (go to section)",6,0,"Days",NA,NA,"Median",NA,NA,NA,NA,NA,NA,NA,NA,NA,NA,NA,NA,NA,NA,NA,"Unspecified",NA,NA,NA,FALSE,NA,NA,NA,NA,NA,NA,"Both","Hospital based","Persons under investigation",NA,NA,113,"Saudi Arabia","ICUs in 14 referral hospitals in 5 cities (see supplement)",NA,"9","2012",NA,"10","2015",NA,NA,"Onset of symptoms","Admission to Critical Care/ICU",FALSE,FALSE,NA,"Human delay",NA,NA,NA
"c1e343a0aaaacc7b6b3fc1c932173efe","496ec6735f10ca04c98ef6cd437dfbee",1078,"MERS-CoV","Human delay - other human delay (go to section)",8,0,"Days",NA,NA,"Median",NA,NA,NA,NA,NA,NA,NA,NA,NA,NA,NA,NA,NA,NA,FALSE,"Unspecified",NA,NA,"Other",TRUE,NA,NA,NA,NA,NA,NA,"Both","Hospital based","Persons under investigation",NA,NA,217,"Saudi Arabia","ICUs in 14 referral hospitals in 5 cities (see supplement)",NA,"9","2012",NA,"10","2015",NA,NA,"Onset of symptoms","Intubation",FALSE,FALSE,NA,"Human delay",NA,NA,NA
"c1e343a0aaaacc7b6b3fc1c932173efe","93f95904211e23e41ad244070b0f380b",1078,"MERS-CoV","Human delay - other human delay (go to section)",8,0,"Days",NA,NA,"Median",NA,NA,NA,NA,NA,NA,NA,NA,NA,NA,NA,NA,NA,NA,NA,"Unspecified",NA,NA,NA,FALSE,NA,NA,NA,NA,NA,NA,"Both","Hospital based","Persons under investigation",NA,NA,113,"Saudi Arabia","ICUs in 14 referral hospitals in 5 cities (see supplement)",NA,"9","2012",NA,"10","2015",NA,NA,"Onset of symptoms","Intubation",FALSE,FALSE,NA,"Human delay",NA,NA,NA
"c1e343a0aaaacc7b6b3fc1c932173efe","b966f99fc6c68ed8c6600a8ff87f71b5",1078,"MERS-CoV","Risk factors",NA,0,NA,NA,NA,"Unspecified",NA,NA,NA,NA,NA,NA,NA,NA,NA,NA,NA,NA,NA,NA,TRUE,"Unspecified",NA,NA,"Other",TRUE,NA,"Other","Age,Comorbidity",NA,"Significant","Adjusted","Both","Hospital based","Persons under investigation",NA,NA,330,"Saudi Arabia","14 ICUs across 5 cities",NA,"9","2012",NA,"10","2015",NA,NA,NA,NA,FALSE,FALSE,NA,"Risk factors",NA,NA,NA
"c1e343a0aaaacc7b6b3fc1c932173efe","f404c686ae8e4de57d4960d4c4b8ca13",1078,"MERS-CoV","Risk factors",NA,0,NA,NA,NA,"Unspecified",NA,NA,NA,NA,NA,NA,NA,NA,NA,NA,NA,NA,NA,NA,TRUE,"Unspecified",NA,NA,"Other",TRUE,TRUE,"Other","Comorbidity",NA,"Not significant","Adjusted","Both","Hospital based","Persons under investigation",NA,NA,330,"Saudi Arabia","14 ICUs across 5 cities",NA,"9","2012",NA,"10","2015",NA,NA,NA,NA,FALSE,FALSE,NA,"Risk factors",NA,NA,NA
"95edfa80a48a719bbca1c67777629787","6265f2171915be23a9d28b71c02f54ed",1461,"MERS-CoV","Risk factors",NA,0,NA,NA,NA,"Unspecified",NA,NA,NA,NA,NA,NA,NA,NA,NA,NA,NA,NA,NA,NA,FALSE,"Start outbreak",NA,NA,NA,FALSE,NA,"Other","Hospitalisation,Other",NA,"Significant","Not adjusted","Unspecified","Mixed settings","Mixed groups",NA,NA,22,"Algeria; Austria; China; Egypt; France; Greece; Italy; Malaysia; Netherlands; Philippines; Republic of Korea; Thailand; Tunisia; TÃ¼rkiye; United Kingdom of Great Britain and Northern Ireland; United States of America",NA,1,"9","2012","31","7","2015",NA,NA,NA,NA,FALSE,FALSE,NA,"Risk factors",NA,NA,NA
"95edfa80a48a719bbca1c67777629787","804e2308ebaf268bc69698b61ea45e1e",1461,"MERS-CoV","Risk factors",NA,0,NA,NA,NA,"Unspecified",NA,NA,NA,NA,NA,NA,NA,NA,NA,NA,NA,NA,NA,NA,FALSE,"Start outbreak",NA,NA,NA,FALSE,NA,"Other","Other",NA,"Not significant","Not adjusted","Unspecified","Mixed settings","Mixed groups",NA,NA,22,"Algeria; Austria; China; Egypt; France; Greece; Italy; Malaysia; Netherlands; Philippines; Republic of Korea; Thailand; Tunisia; TÃ¼rkiye; United Kingdom of Great Britain and Northern Ireland; United States of America",NA,1,"9","2012","31","7","2015",NA,NA,NA,NA,FALSE,FALSE,NA,"Risk factors",NA,NA,NA
"95edfa80a48a719bbca1c67777629787","54cec5059f87105cd0cb7c28b14ac082",1461,"MERS-CoV","Human delay - other human delay (go to section)",2.33,0,"Days",NA,NA,"Unspecified",NA,NA,NA,NA,NA,NA,NA,NA,NA,NA,NA,NA,NA,NA,FALSE,"Start outbreak",NA,NA,NA,FALSE,FALSE,NA,NA,NA,NA,NA,"Unspecified","Mixed settings","Mixed groups",NA,NA,NA,"Algeria; Egypt; Germany; Greece; Italy; Netherlands; Philippines; Thailand; United States of America",NA,1,"9","2012","31","7","2015",NA,NA,"Hospitalisation","Isolation",FALSE,FALSE,NA,"Human delay",NA,NA,NA
"95edfa80a48a719bbca1c67777629787","71b6b0c0c44009e2357c5e90b7bc772c",1461,"MERS-CoV","Human delay - other human delay (go to section)",6.44,0,"Days",NA,NA,"Unspecified",NA,NA,NA,NA,NA,NA,NA,NA,NA,NA,NA,NA,NA,NA,FALSE,"Start outbreak",NA,NA,NA,FALSE,FALSE,NA,NA,NA,NA,NA,"Unspecified","Mixed settings","Mixed groups",NA,NA,NA,"Algeria; Egypt; Germany; Greece; Italy; Netherlands; Philippines; Thailand; United States of America",NA,1,"9","2012","31","7","2015",NA,NA,"Hospitalisation","Isolation",FALSE,FALSE,NA,"Human delay",NA,NA,NA
"beaef8de13d1a310b3969ac4e7671553","6c2fb8863fde3288fb58bc2fd7a607eb",1466,"MERS-CoV","Human delay - other human delay (go to section)",4,0,"Days",NA,NA,"Median",NA,NA,NA,NA,NA,NA,NA,NA,NA,NA,NA,NA,NA,NA,FALSE,"Unspecified",NA,NA,NA,FALSE,FALSE,NA,NA,NA,NA,NA,"Both","Hospital based","Other",NA,NA,158,"Saudi Arabia","14 participating hospitals",NA,"9","2012",NA,"10","2015",NA,NA,"symptom onset","emergency room",FALSE,FALSE,NA,"Human delay",NA,NA,NA
"beaef8de13d1a310b3969ac4e7671553","7c5f642f025dde2641486fea97f4c522",1466,"MERS-CoV","Human delay - other human delay (go to section)",12.5,0,"Days",NA,NA,"Median",NA,NA,NA,NA,NA,NA,NA,NA,NA,NA,NA,NA,NA,NA,FALSE,"Unspecified",NA,NA,NA,FALSE,FALSE,NA,NA,NA,NA,NA,"Both","Hospital based","Other",NA,NA,151,"Saudi Arabia","14 participating hospitals",NA,"9","2012",NA,"10","2015",NA,NA,"Admission to ICU","Discharge from Critical Care/ICU",FALSE,FALSE,NA,"Human delay",NA,NA,NA
"beaef8de13d1a310b3969ac4e7671553","d61f7fd2e9c1d6a3b4c1eeb2b40d7c43",1466,"MERS-CoV","Human delay - time in care (length of stay)",15,0,"Days",NA,NA,"Median",NA,NA,NA,NA,NA,NA,NA,NA,NA,NA,NA,NA,NA,NA,FALSE,"Unspecified",NA,NA,NA,FALSE,FALSE,NA,NA,NA,NA,NA,"Both","Hospital based","Other",NA,NA,158,"Saudi Arabia","14 participating hospitals",NA,"9","2012",NA,"10","2015",NA,NA,NA,NA,FALSE,FALSE,NA,"Human delay",NA,NA,NA
"beaef8de13d1a310b3969ac4e7671553","ad21e4726a665b6624825901465ad32a",1466,"MERS-CoV","Human delay - other human delay (go to section)",5,0,"Days",NA,NA,"Median",NA,NA,NA,NA,NA,NA,NA,NA,NA,NA,NA,NA,NA,NA,FALSE,"Unspecified",NA,NA,NA,FALSE,FALSE,NA,NA,NA,NA,NA,"Both","Hospital based","Other",NA,NA,151,"Saudi Arabia","14 participating hospitals",NA,"9","2012",NA,"10","2015",NA,NA,"Onset of symptoms","emergency room",FALSE,FALSE,NA,"Human delay",NA,NA,NA
"beaef8de13d1a310b3969ac4e7671553","21611b07ed3c3512f74e4f0b004f51e5",1466,"MERS-CoV","Human delay - other human delay (go to section)",6.5,0,"Days",NA,NA,"Median",NA,NA,NA,NA,NA,NA,NA,NA,NA,NA,NA,NA,NA,NA,FALSE,"Unspecified",NA,NA,NA,FALSE,FALSE,NA,NA,NA,NA,NA,"Both","Hospital based","Other",NA,NA,158,"Saudi Arabia","14 participating hospitals",NA,"9","2012",NA,"10","2015",NA,NA,"Onset of symptoms","Admission to Critical Care/ICU",FALSE,FALSE,NA,"Human delay",NA,NA,NA
"beaef8de13d1a310b3969ac4e7671553","60a2e74edb53d61f98fdafa95864b086",1466,"MERS-CoV","Human delay - other human delay (go to section)",8,0,"Days",NA,NA,"Median",NA,NA,NA,NA,NA,NA,NA,NA,NA,NA,NA,NA,NA,NA,FALSE,"Unspecified",NA,NA,NA,FALSE,FALSE,NA,NA,NA,NA,NA,"Both","Hospital based","Other",NA,NA,158,"Saudi Arabia","14 participating hospitals",NA,"9","2012",NA,"10","2015",NA,NA,"Onset of symptoms","intubation",FALSE,FALSE,NA,"Human delay",NA,NA,NA
"beaef8de13d1a310b3969ac4e7671553","d38c170633046d230d2c22236b2558e6",1466,"MERS-CoV","Human delay - other human delay (go to section)",8,0,"Days",NA,NA,"Median",NA,NA,NA,NA,NA,NA,NA,NA,NA,NA,NA,NA,NA,NA,FALSE,"Unspecified",NA,NA,NA,FALSE,FALSE,NA,NA,NA,NA,NA,"Both","Hospital based","Other",NA,NA,151,"Saudi Arabia","14 participating hospitals",NA,"9","2012",NA,"10","2015",NA,NA,"Onset of symptoms","Admission to Critical Care/ICU",FALSE,FALSE,NA,"Human delay",NA,NA,NA
"beaef8de13d1a310b3969ac4e7671553","65f772d7369a8791c9281d2145fcc136",1466,"MERS-CoV","Human delay - other human delay (go to section)",8,0,"Days",NA,NA,"Median",NA,NA,NA,NA,NA,NA,NA,NA,NA,NA,NA,NA,NA,NA,FALSE,"Unspecified",NA,NA,NA,FALSE,FALSE,NA,NA,NA,NA,NA,"Both","Hospital based","Other",NA,NA,151,"Saudi Arabia","14 participating hospitals",NA,"9","2012",NA,"10","2015",NA,NA,"Onset of symptoms","intubation",FALSE,FALSE,NA,"Human delay",NA,NA,NA
"beaef8de13d1a310b3969ac4e7671553","80eb694981ac15c1b287ca94825434da",1466,"MERS-CoV","Risk factors",NA,0,NA,NA,NA,"Unspecified",NA,NA,NA,NA,NA,NA,NA,NA,NA,NA,NA,NA,NA,NA,FALSE,"Unspecified",NA,NA,"Method;  Other",TRUE,TRUE,"Death (in general population)","Other",NA,"Significant","Adjusted","Both","Hospital based","Other",NA,NA,291,"Saudi Arabia","14 participating hospitals (see supplement). Same patients as other Arabi study",NA,"9","2012",NA,"10","2015",NA,NA,NA,NA,FALSE,FALSE,NA,"Risk factors",NA,NA,NA
"beaef8de13d1a310b3969ac4e7671553","963c7bb4cd6b0477bb24ff5f390bb35b",1466,"MERS-CoV","Risk factors",NA,0,NA,NA,NA,"Unspecified",NA,NA,NA,NA,NA,NA,NA,NA,NA,NA,NA,NA,NA,NA,FALSE,"Unspecified",NA,NA,"Method;  Other",TRUE,TRUE,"Death (in general population)","Other",NA,"Not significant","Adjusted","Both","Hospital based","Other",NA,NA,291,"Saudi Arabia","14 participating hospitals (see supplement). Same patients as other Arabi study",NA,"9","2012",NA,"10","2015",NA,NA,NA,NA,FALSE,FALSE,NA,"Risk factors",NA,NA,NA
"beaef8de13d1a310b3969ac4e7671553","244aefe59705cd93885d9cb096c73f17",1466,"MERS-CoV","Risk factors",NA,0,NA,NA,NA,"Unspecified",NA,NA,NA,NA,NA,NA,NA,NA,NA,NA,NA,NA,NA,NA,FALSE,"Unspecified",NA,NA,"Method;  Other",TRUE,TRUE,"Other","Other",NA,"Significant","Adjusted","Both","Hospital based","Other",NA,NA,291,"Saudi Arabia","14 participating hospitals (see supplement). Same patients as other Arabi study",NA,"9","2012",NA,"10","2015",NA,NA,NA,NA,FALSE,FALSE,NA,"Risk factors",NA,NA,NA
"beaef8de13d1a310b3969ac4e7671553","fd04d656aa4c9050d19c0b31cb1b7057",1466,"MERS-CoV","Risk factors",NA,0,NA,NA,NA,"Unspecified",NA,NA,NA,NA,NA,NA,NA,NA,NA,NA,NA,NA,NA,NA,FALSE,"Unspecified",NA,NA,"Method;  Other",TRUE,TRUE,"Other","Other",NA,"Not significant","Adjusted","Both","Hospital based","Other",NA,NA,291,"Saudi Arabia","14 participating hospitals (see supplement). Same patients as other Arabi study",NA,"9","2012",NA,"10","2015",NA,NA,NA,NA,FALSE,FALSE,NA,"Risk factors",NA,NA,NA
"beaef8de13d1a310b3969ac4e7671553","d0a777589de6f244e10980bfc45bb26b",1466,"MERS-CoV","Severity - case fatality rate (CFR)",75.5,0,"Percentage (%)",NA,NA,"Unspecified",NA,NA,NA,NA,NA,114,151,NA,NA,NA,NA,NA,NA,NA,FALSE,"Unspecified","Naive",NA,NA,FALSE,FALSE,NA,NA,NA,NA,NA,"Both","Hospital based","Persons under investigation",NA,NA,151,"Saudi Arabia",NA,NA,"9","2012",NA,"10","2015",NA,NA,NA,NA,FALSE,FALSE,NA,"Severity",NA,NA,NA
"beaef8de13d1a310b3969ac4e7671553","c94c2c5eed576663cab49d86e88fc6b0",1466,"MERS-CoV","Severity - case fatality rate (CFR)",77.5,0,"Percentage (%)",NA,NA,"Unspecified",NA,NA,NA,NA,NA,117,151,NA,NA,NA,NA,NA,NA,NA,FALSE,"Unspecified","Naive",NA,NA,FALSE,FALSE,NA,NA,NA,NA,NA,"Both","Hospital based","Persons under investigation",NA,NA,151,"Saudi Arabia",NA,NA,"9","2012",NA,"10","2015",NA,NA,NA,NA,FALSE,FALSE,NA,"Severity",NA,NA,NA
"beaef8de13d1a310b3969ac4e7671553","7ccfde5ae3a8797309dea4af48caf0e3",1466,"MERS-CoV","Severity - case fatality rate (CFR)",56.3,0,"Percentage (%)",NA,NA,"Unspecified",NA,NA,NA,NA,NA,89,158,NA,NA,NA,NA,NA,NA,NA,NA,"Unspecified","Naive",NA,NA,FALSE,FALSE,NA,NA,NA,NA,NA,"Both","Hospital based","Persons under investigation",NA,NA,158,"Saudi Arabia",NA,NA,"9","2012",NA,"10","2015",NA,NA,NA,NA,FALSE,FALSE,NA,"Severity",NA,NA,NA
"beaef8de13d1a310b3969ac4e7671553","b545cebdcdbf70c7f7649a45bbc1e466",1466,"MERS-CoV","Severity - case fatality rate (CFR)",58.2,0,"Percentage (%)",NA,NA,"Unspecified",NA,NA,NA,NA,NA,92,158,NA,NA,NA,NA,NA,NA,NA,FALSE,"Unspecified","Naive",NA,NA,FALSE,FALSE,NA,NA,NA,NA,NA,"Both","Hospital based","Persons under investigation",NA,NA,158,"Saudi Arabia",NA,NA,"9","2012",NA,"10","2015",NA,NA,NA,NA,FALSE,FALSE,NA,"Severity",NA,NA,NA
"beaef8de13d1a310b3969ac4e7671553","05d157016f10b156ab94ecf7b76fc4b8",1466,"MERS-CoV","Human delay - other human delay (go to section)",7,0,"Days",NA,NA,"Median",NA,NA,NA,NA,NA,NA,NA,NA,NA,NA,NA,NA,NA,NA,FALSE,"Unspecified",NA,NA,NA,FALSE,FALSE,NA,NA,NA,NA,NA,"Both","Hospital based","Other",NA,NA,158,"Saudi Arabia","14 participating hospitals",NA,"9","2012",NA,"10","2015",NA,NA,"Admission to ICU","Discharge from Critical Care/ICU",FALSE,FALSE,NA,"Human delay",NA,NA,NA
"beaef8de13d1a310b3969ac4e7671553","ece0d39cfdfe2c1f666d5404232579b7",1466,"MERS-CoV","Human delay - time in care (length of stay)",21,0,"Days",NA,NA,"Median",NA,NA,NA,NA,NA,NA,NA,NA,NA,NA,NA,NA,NA,NA,FALSE,"Unspecified",NA,NA,NA,FALSE,FALSE,NA,NA,NA,NA,NA,"Both","Hospital based","Other",NA,NA,151,"Saudi Arabia","14 participating hospitals",NA,"9","2012",NA,"10","2015",NA,NA,NA,NA,FALSE,FALSE,NA,"Human delay",NA,NA,NA
"beaef8de13d1a310b3969ac4e7671553","4cf717252e3e3e6f50865f4de982a035",1466,"MERS-CoV","Human delay - other human delay (go to section)",10,0,"Days",NA,NA,"Median",NA,NA,NA,NA,NA,NA,NA,NA,NA,NA,NA,NA,NA,NA,FALSE,"Unspecified",NA,NA,NA,FALSE,FALSE,NA,NA,NA,NA,NA,"Both","Hospital based","Other",NA,NA,151,"Saudi Arabia","14 participating hospitals",NA,"9","2012",NA,"10","2015",NA,NA,"Onset of illness","Corticosteroid initiation",FALSE,FALSE,NA,"Human delay",NA,NA,NA
"beaef8de13d1a310b3969ac4e7671553","96a907ed46e682d12269feef7aa08d4b",1466,"MERS-CoV","Human delay - other human delay (go to section)",7,0,"Days",NA,NA,"Median",NA,NA,NA,NA,NA,NA,NA,NA,NA,NA,NA,NA,NA,NA,FALSE,"Unspecified",NA,NA,NA,FALSE,FALSE,NA,NA,NA,NA,NA,"Both","Hospital based","Other",NA,NA,151,"Saudi Arabia","14 participating hospitals",NA,"9","2012",NA,"10","2015",NA,NA,"Hospital admission","Corticosteroid initiation",FALSE,FALSE,NA,"Human delay",NA,NA,NA
"beaef8de13d1a310b3969ac4e7671553","629fee1b5274d6e74a4a5e218ec0199a",1466,"MERS-CoV","Human delay - other human delay (go to section)",3,0,"Days",NA,NA,"Median",NA,NA,NA,NA,NA,NA,NA,NA,NA,NA,NA,NA,NA,NA,FALSE,"Unspecified",NA,NA,NA,NA,FALSE,NA,NA,NA,NA,NA,"Both","Hospital based","Other",NA,NA,151,"Saudi Arabia","14 participating hospitals",NA,"9","2012",NA,"10","2015",NA,NA,"ICU Admission","Corticosteroid initiation",FALSE,FALSE,NA,"Human delay",NA,NA,NA
"beaef8de13d1a310b3969ac4e7671553","3aa4981e225c6d46e59f4fc5012d7947",1466,"MERS-CoV","Human delay - other human delay (go to section)",3,0,"Days",NA,NA,"Median",NA,NA,NA,NA,NA,NA,NA,NA,NA,NA,NA,NA,NA,NA,FALSE,"Unspecified",NA,NA,NA,NA,FALSE,NA,NA,NA,NA,NA,"Both","Hospital based","Other",NA,NA,151,"Saudi Arabia","14 participating hospitals",NA,"9","2012",NA,"10","2015",NA,NA,"Onset of ventilation","Corticosteroid initiation",FALSE,FALSE,NA,"Human delay",NA,NA,NA
"beaef8de13d1a310b3969ac4e7671553","726cc154661f160cefb4076e7909d668",1466,"MERS-CoV","Human delay - other human delay (go to section)",17,0,"Days",NA,NA,"Median",NA,NA,NA,NA,NA,NA,NA,NA,NA,NA,NA,NA,NA,NA,NA,"Unspecified",NA,NA,NA,NA,FALSE,NA,NA,NA,NA,NA,"Both","Hospital based","Other",NA,NA,31,"Saudi Arabia","14 participating hospitals",NA,"9","2012",NA,"10","2015",NA,NA,"Viral RNA detected","viral RNA clearance",FALSE,FALSE,NA,"Human delay",NA,NA,NA
"beaef8de13d1a310b3969ac4e7671553","9c0941303d7bfd3c01340fc56ec93974",1466,"MERS-CoV","Human delay - other human delay (go to section)",21,0,"Days",NA,NA,"Median",NA,NA,NA,NA,NA,NA,NA,NA,NA,NA,NA,NA,NA,NA,NA,"Unspecified",NA,NA,NA,TRUE,FALSE,NA,NA,NA,NA,NA,"Both","Hospital based","Other",NA,NA,34,"Saudi Arabia","14 participating hospitals",NA,"9","2012",NA,"10","2015",NA,NA,"Viral RNA detected","viral RNA clearance",FALSE,FALSE,NA,"Human delay",NA,NA,NA
"592ad6d395b92d4a63fcd4d08dac46e4","ec55424b50552dc7b76f73e49a864a11",1549,"MERS-CoV","Reproduction number (Basic R0)",NA,0,"No units",0,6.9,"Maximum likelihood",NA,NA,NA,NA,NA,NA,NA,NA,NA,NA,NA,NA,NA,NA,FALSE,"Post outbreak",NA,"Branching process","Other",TRUE,TRUE,NA,NA,NA,NA,NA,"Unspecified","Other","Other",NA,NA,182,"Republic of Korea","Republic of Korea",11,"5","2015","31","8","2015",NA,NA,NA,NA,FALSE,FALSE,"Human-human","Reproduction number","0 - 6.9",NA,NA
"592ad6d395b92d4a63fcd4d08dac46e4","992bf7e49cbc768e8955ff4a5c588b57",1549,"MERS-CoV","Reproduction number (Basic R0)",NA,0,"No units",0,6.5,"Maximum likelihood",NA,NA,NA,NA,NA,NA,NA,NA,NA,NA,NA,NA,NA,NA,FALSE,"Post outbreak",NA,NA,NA,NA,NA,NA,NA,NA,NA,NA,"Unspecified","Other","Other",NA,NA,169,"Republic of Korea","Republic of Korea",11,"5","2015","31","8","2015",NA,NA,NA,NA,FALSE,FALSE,NA,"Reproduction number","0 - 6.5",NA,NA
"592ad6d395b92d4a63fcd4d08dac46e4","eb4e1cfc372833d686c1abf8b4b37fcf",1549,"MERS-CoV","Reproduction number (Effective, Re) - Human",NA,0,"No units",0.2,4.4,"Maximum likelihood",NA,NA,NA,NA,NA,NA,NA,NA,NA,NA,NA,NA,NA,NA,FALSE,"Post outbreak",NA,"Branching process","Time",TRUE,TRUE,NA,NA,NA,NA,NA,"Unspecified","Other","Other",NA,NA,182,"Republic of Korea","Republic of Korea",11,"5","2015","31","8","2015",NA,NA,NA,NA,FALSE,FALSE,"Human-human","Reproduction number","0.2 - 4.4",NA,NA
"592ad6d395b92d4a63fcd4d08dac46e4","a59ac1ca44f17e23429c8d98ce87f1e2",1549,"MERS-CoV","Human delay - other human delay (go to section)",NA,0,"Days",5.1,7.6,"Mean",NA,NA,NA,NA,NA,NA,NA,NA,NA,NA,NA,NA,NA,NA,FALSE,"Post outbreak",NA,NA,"Other",TRUE,TRUE,NA,NA,NA,NA,NA,"Unspecified","Other","Persons under investigation",NA,NA,182,"Republic of Korea","Republic of Korea",11,"5","2015","31","8","2015",NA,NA,"symptom onset","Diagnosis/test result",FALSE,FALSE,NA,"Human delay","5.1 - 7.6",NA,NA
"e957dbc7073fb7484c50c7dd52bb973e","0f854c402c89cd6db16aa44ac9fe6861",1568,"MERS-CoV","Seroprevalence - Unspecified",0,0,"Percentage (%)",NA,NA,"Unspecified",NA,NA,NA,NA,NA,0,84,NA,NA,NA,NA,NA,NA,NA,FALSE,"Mid outbreak","Unspecified",NA,NA,FALSE,NA,NA,NA,NA,NA,NA,"Both","Hospital based","Persons under investigation",NA,NA,104,"Republic of Korea","Gangdong;  Seoul",NA,NA,"2015",NA,NA,NA,NA,NA,NA,NA,FALSE,FALSE,NA,"Seroprevalence",NA,NA,NA
"de3e1eeb9d819d884b46809560fe86a7","860424c3dd692d4940051cc68afbe5a7",1587,"MERS-CoV","Risk factors",NA,0,NA,NA,NA,"Unspecified",NA,NA,NA,NA,NA,NA,NA,NA,NA,NA,NA,NA,NA,NA,FALSE,"Mid outbreak",NA,NA,NA,FALSE,NA,"Other","Comorbidity,Occupation,Sex,Other","Healthcare","Not significant","Not adjusted","Both","Hospital based","Persons under investigation",NA,NA,30,"Republic of Korea",NA,20,"5","2015","18","7","2015",NA,NA,NA,NA,FALSE,FALSE,NA,"Risk factors",NA,NA,NA
"de3e1eeb9d819d884b46809560fe86a7","9f381b0510b3cd431f6ffda3c954507e",1587,"MERS-CoV","Risk factors",NA,0,NA,NA,NA,"Unspecified",NA,NA,NA,NA,NA,NA,NA,NA,NA,NA,NA,NA,NA,NA,FALSE,"Mid outbreak",NA,NA,NA,FALSE,NA,"Other","Age,Other","Unspecified","Significant","Not adjusted","Both","Hospital based","Persons under investigation",NA,NA,30,"Republic of Korea",NA,20,"5","2015","18","7","2015",NA,NA,NA,NA,FALSE,FALSE,NA,"Risk factors",NA,NA,NA
"de3e1eeb9d819d884b46809560fe86a7","c0e58e4eef9955e0fdd265d60efcfddd",1587,"MERS-CoV","Human delay - symptom onset>admission to care",5,0,"Days",NA,NA,"Median",NA,NA,NA,NA,NA,NA,NA,NA,NA,NA,NA,NA,NA,NA,FALSE,"Mid outbreak",NA,NA,"Other",TRUE,FALSE,NA,NA,NA,NA,NA,"Both","Hospital based","Persons under investigation",NA,NA,30,"Republic of Korea","3 MERS-designated hospitals",20,"5","2015","18","7","2015",NA,NA,NA,NA,FALSE,FALSE,NA,"Human delay",NA,NA,NA
"de3e1eeb9d819d884b46809560fe86a7","e26bc52617e8ea3273784ae47c3daafb",1587,"MERS-CoV","Human delay - admission to care>discharge/recovery",13,0,"Days",NA,NA,"Median",NA,NA,NA,NA,NA,NA,NA,NA,NA,NA,NA,NA,NA,NA,FALSE,"Mid outbreak",NA,NA,"Other",TRUE,FALSE,NA,NA,NA,NA,NA,"Both","Hospital based","Persons under investigation",NA,NA,30,"Republic of Korea","3 MERS-designated hospitals",20,"5","2015","18","7","2015",NA,NA,NA,NA,FALSE,FALSE,NA,"Human delay",NA,NA,NA
"de3e1eeb9d819d884b46809560fe86a7","9ef55e2c43813d4fd18b22723d606712",1587,"MERS-CoV","Human delay - other human delay (go to section)",8,0,"Days",NA,NA,"Median",NA,NA,NA,NA,NA,NA,NA,NA,NA,NA,NA,NA,NA,NA,FALSE,"Mid outbreak",NA,NA,"Other",TRUE,FALSE,NA,NA,NA,NA,NA,"Both","Hospital based","Persons under investigation",NA,NA,30,"Republic of Korea","3 MERS-designated hospitals",20,"5","2015","18","7","2015",NA,NA,"hospital admission","defervescence",FALSE,FALSE,NA,"Human delay",NA,NA,NA
"de3e1eeb9d819d884b46809560fe86a7","8e56da611319fea41612a7b0e4017976",1587,"MERS-CoV","Human delay - other human delay (go to section)",0,0,"Days",0,4,"Median",NA,NA,NA,NA,NA,NA,NA,NA,NA,NA,NA,NA,NA,NA,FALSE,"Mid outbreak",NA,NA,"Other",TRUE,FALSE,NA,NA,NA,NA,NA,"Both","Hospital based","Persons under investigation",NA,NA,30,"Republic of Korea","3 MERS-designated hospitals",20,"5","2015","18","7","2015",NA,NA,"hospital admission","antiviral therapy",FALSE,FALSE,NA,"Human delay","0 - 4",NA,NA
"de3e1eeb9d819d884b46809560fe86a7","80ea818da6be538e861ae2e5838eb589",1587,"MERS-CoV","Human delay - other human delay (go to section)",19,0,"Days",NA,NA,"Median",NA,NA,NA,NA,NA,NA,NA,NA,NA,NA,NA,NA,NA,NA,FALSE,"Mid outbreak",NA,NA,NA,FALSE,NA,NA,NA,NA,NA,NA,"Both","Hospital based","Persons under investigation",NA,NA,30,"Republic of Korea","3 MERS-designated hospitals",20,"5","2015","18","7","2015",NA,NA,"symptom onset","taking a sample which showed a negative result with RT-PCR for MERS-CoV",FALSE,FALSE,NA,"Human delay",NA,NA,NA
"de3e1eeb9d819d884b46809560fe86a7","43055c90924ea9b3a4e52d5b80b27349",1587,"MERS-CoV","Human delay - other human delay (go to section)",18,0,"Days",NA,NA,"Median",NA,NA,NA,NA,NA,NA,NA,NA,NA,NA,NA,NA,NA,NA,FALSE,"Mid outbreak",NA,NA,NA,FALSE,NA,NA,NA,NA,NA,NA,"Both","Hospital based","Persons under investigation",NA,NA,30,"Republic of Korea","3 MERS-designated hospitals",20,"5","2015","18","7","2015",NA,NA,"symptom onset","Positive conversion of immunofluorescent antibody (IFA) titre (â‰¥1:640) for MERS-CoV",FALSE,FALSE,NA,"Human delay",NA,NA,NA
"5f963dfe04e17a4a17e87ee7284303e3","87d885b34d487b41c59987ca1280ec4f",1613,"MERS-CoV","Reproduction number (Effective, Re)",0.73,0,"No units",NA,NA,"Maximum likelihood",NA,NA,0.54,0.96,"95% CI",NA,NA,NA,NA,NA,NA,NA,NA,NA,FALSE,"Unspecified",NA,"Branching process",NA,FALSE,NA,NA,NA,NA,NA,NA,"Unspecified","Unspecified","Unspecified",NA,NA,110,NA,"Global",20,"9","2012","1","8","2013",NA,NA,NA,NA,FALSE,FALSE,"Human-human","Reproduction number",NA,"95% CI","0.54 - 0.96"
"5f963dfe04e17a4a17e87ee7284303e3","0ad6167ad157a0b7e828567ae2743df9",1613,"MERS-CoV","Risk factors",NA,0,NA,NA,NA,"Unspecified",NA,NA,NA,NA,NA,NA,NA,NA,NA,NA,NA,NA,NA,NA,FALSE,"Unspecified",NA,NA,NA,FALSE,NA,"Infection","Age",NA,"Unspecified","Unspecified","Unspecified","Unspecified","Unspecified",NA,NA,110,NA,"Global",20,"9","2012","1","8","2013",NA,NA,NA,NA,FALSE,FALSE,NA,"Risk factors",NA,NA,NA
"40459236cbbd5afad19550de9805eca2","b5cc0de8cd6ae5f3ceb69f0671c0e247",1657,"MERS-CoV","Reproduction number (Basic R0) - Human",NA,0,"No units",0.96,5.5,"Maximum likelihood",NA,NA,NA,NA,NA,NA,NA,NA,NA,NA,NA,NA,NA,NA,FALSE,NA,NA,"Branching process","Method",TRUE,TRUE,NA,NA,NA,NA,NA,"Unspecified","Travel based","Persons under investigation",NA,NA,NA,"Algeria; Austria; China; Egypt; France; Germany; Greece; Iran (Islamic Republic of); Italy; Lebanon; Malaysia; Netherlands; Philippines; Republic of Korea; Spain; Thailand; Tunisia; TÃ¼rkiye; United Kingdom of Great Britain and Northern Ireland; United States of America",NA,NA,NA,NA,NA,NA,NA,NA,NA,NA,NA,FALSE,FALSE,"Human-human","Reproduction number","0.96 - 5.5",NA,NA
"40459236cbbd5afad19550de9805eca2","2ecf0d177e484249062de67f44f0f831",1657,"MERS-CoV","Reproduction number (Effective, Re) - Human",NA,0,"No units",0.06,0.87,"Maximum likelihood",NA,NA,NA,NA,NA,NA,NA,NA,NA,NA,NA,NA,NA,NA,FALSE,NA,NA,"Branching process","Method",TRUE,TRUE,NA,NA,NA,NA,NA,"Unspecified","Travel based","Persons under investigation",NA,NA,NA,"Algeria; Austria; China; Egypt; France; Germany; Greece; Iran (Islamic Republic of); Italy; Lebanon; Malaysia; Netherlands; Philippines; Republic of Korea; Spain; Thailand; Tunisia; TÃ¼rkiye; United Kingdom of Great Britain and Northern Ireland; United States of America",NA,NA,NA,NA,NA,NA,NA,NA,NA,NA,NA,FALSE,FALSE,"Human-human","Reproduction number","0.06 - 0.87",NA,NA
"40459236cbbd5afad19550de9805eca2","23314f893d9d36766b815f5e1e4eb47b",1657,"MERS-CoV","Overdispersion",NA,0,"No units",0.019,0.078,"Maximum likelihood",NA,NA,NA,NA,NA,NA,NA,NA,NA,NA,NA,NA,NA,NA,FALSE,NA,NA,NA,"Method",TRUE,TRUE,NA,NA,NA,NA,NA,"Unspecified","Travel based","Persons under investigation",NA,NA,NA,"Algeria; Austria; China; Egypt; France; Germany; Greece; Iran (Islamic Republic of); Italy; Lebanon; Malaysia; Netherlands; Philippines; Republic of Korea; Spain; Thailand; Tunisia; TÃ¼rkiye; United Kingdom of Great Britain and Northern Ireland; United States of America",NA,NA,NA,NA,NA,NA,NA,NA,NA,NA,NA,FALSE,FALSE,NA,"Overdispersion","0.019 - 0.078",NA,NA
"2ec2a51a714f19cfbd4edde8c778db71","e3d85a082b099abbe8e67aea74563dc4",1677,"MERS-CoV","Reproduction number (Basic R0) - Human",0.91,0,"No units",0,80,"Mean",NA,NA,0.36,1.44,"95% CI",NA,NA,"Negative-Binomial",0.91,"Mean",TRUE,0.06,NA,TRUE,FALSE,"End outbreak",NA,"Other","Occupation; Region; Method; Disease generation",TRUE,FALSE,NA,NA,NA,NA,NA,"Unspecified","Hospital based","Mixed groups",NA,NA,NA,"Republic of Korea; Saudi Arabia","South Korea; Al-Hasa;  Kingdom of Saudi Arabia",1,"4","2013","5","7","2015",NA,NA,NA,NA,FALSE,FALSE,"Human-human","Reproduction number","0 - 80","95% CI","0.36 - 1.44"
"2ec2a51a714f19cfbd4edde8c778db71","9d52f6ff392b3853ba70bfd27225a17c",1677,"MERS-CoV","Overdispersion",0.06,0,"Unspecified",NA,NA,"Unspecified",NA,NA,0.03,0.09,"95% CI",NA,NA,"Negative-Binomial",0.91,"Mean",TRUE,0.06,NA,TRUE,FALSE,"End outbreak",NA,NA,NA,FALSE,NA,NA,NA,NA,NA,NA,"Unspecified","Hospital based","Mixed groups",NA,NA,NA,"Republic of Korea; Saudi Arabia","South Korea; Al-Hasa;  Kingdom of Saudi Arabia",1,"4","2013","5","7","2015",NA,NA,NA,NA,FALSE,FALSE,NA,"Overdispersion",NA,"95% CI","0.03 - 0.09"
"6ca374a41b637565c2db2858203c7072","064b656fe35e948c98087d0ea792eafe",1678,"MERS-CoV","Human delay - incubation period",6.1,0,"Days",4.6,8.8,"Median",NA,NA,4.7,7.5,"95% CI",NA,NA,NA,NA,NA,NA,NA,NA,NA,FALSE,"Post outbreak",NA,NA,"Region; Other",TRUE,TRUE,NA,NA,NA,NA,NA,"Both","Hospital based","Persons under investigation",NA,NA,25,"Republic of Korea","Daejeon",NA,"5","2015",NA,"7","2015",NA,NA,NA,NA,FALSE,FALSE,NA,"Human delay","4.6 - 8.8","95% CI","4.7 - 7.5"
"6ca374a41b637565c2db2858203c7072","3e95debb3058b93bf79e94d0244deab2",1678,"MERS-CoV","Attack rate",3.7,0,"Percentage (%)",0,100,"Unspecified",NA,NA,NA,NA,NA,NA,NA,NA,NA,NA,NA,NA,NA,NA,FALSE,"Post outbreak",NA,NA,"Age; Level of exposure; Occupation; Sex; Other",TRUE,TRUE,NA,NA,NA,NA,NA,"Both","Hospital based","Persons under investigation",NA,NA,672,"Republic of Korea","Daejeon",NA,"5","2015",NA,"7","2015",NA,NA,NA,NA,FALSE,FALSE,NA,"Attack rate","0 - 100",NA,NA
"6ca374a41b637565c2db2858203c7072","91a3a3ee40d82034579a5caca7b6017c",1678,"MERS-CoV","Severity - case fatality rate (CFR)",44,0,"Percentage (%)",0,83.3,"Unspecified",NA,NA,NA,NA,NA,11,25,NA,NA,NA,NA,NA,NA,NA,FALSE,"Post outbreak","Naive",NA,"Region; Symptoms",TRUE,TRUE,NA,NA,NA,NA,NA,"Both","Hospital based","Persons under investigation",NA,NA,25,"Republic of Korea","Daejeon",NA,"5","2015",NA,"7","2015",NA,NA,NA,NA,FALSE,FALSE,NA,"Severity","0 - 83.3",NA,NA
"6ca374a41b637565c2db2858203c7072","0891a6d2e70e513080405e6be36fa08b",1678,"MERS-CoV","Risk factors",NA,0,NA,NA,NA,"Unspecified",NA,NA,NA,NA,NA,NA,NA,NA,NA,NA,NA,NA,NA,NA,FALSE,"Post outbreak",NA,NA,"Level of exposure; Region; Other",TRUE,FALSE,"Infection","Age,Occupation,Sex,Other","Healthcare","Not significant","Not adjusted","Both","Hospital based","Mixed groups",NA,NA,672,"Republic of Korea","Daejeon",NA,NA,"2015",NA,NA,"2015",NA,NA,NA,NA,FALSE,FALSE,NA,"Risk factors",NA,NA,NA
"4e11e855b17b0f3f2565c84263d1ca5f","451f5c12c09297129e3cc60f1a0c06af",1683,"MERS-CoV","Risk factors",NA,0,NA,NA,NA,"Unspecified",NA,NA,NA,NA,NA,NA,NA,NA,NA,NA,NA,NA,NA,NA,FALSE,"Post outbreak",NA,NA,NA,FALSE,NA,"Other","Age,Comorbidity,Occupation,Sex","Healthcare","Not significant","Not adjusted","Both","Hospital based","Persons with symptoms",NA,NA,186,"Republic of Korea",NA,11,"5","2015",NA,"7","2015",NA,NA,NA,NA,FALSE,FALSE,NA,"Risk factors",NA,NA,NA
"4e11e855b17b0f3f2565c84263d1ca5f","cc4b62fee58f9b898624bd40f708bb1b",1683,"MERS-CoV","Risk factors",NA,0,NA,NA,NA,"Unspecified",NA,NA,NA,NA,NA,NA,NA,NA,NA,NA,NA,NA,NA,NA,FALSE,"Post outbreak",NA,NA,NA,FALSE,NA,"Other","Other",NA,"Significant","Not adjusted","Both","Hospital based","Persons with symptoms",NA,NA,186,"Republic of Korea",NA,11,"5","2015",NA,"7","2015",NA,NA,NA,NA,FALSE,FALSE,NA,"Risk factors",NA,NA,NA
"4e11e855b17b0f3f2565c84263d1ca5f","91b0db3c7edad2d4f859844d1fb2db34",1683,"MERS-CoV","Risk factors",NA,0,NA,NA,NA,"Unspecified",NA,NA,NA,NA,NA,NA,NA,NA,NA,NA,NA,NA,NA,NA,NA,"Post outbreak",NA,NA,NA,FALSE,NA,"Other","Age,Comorbidity,Occupation,Sex","Healthcare","Not significant","Adjusted","Both","Hospital based","Persons with symptoms",NA,NA,186,"Republic of Korea",NA,11,"5","2015",NA,"7","2015",NA,NA,NA,NA,FALSE,FALSE,NA,"Risk factors",NA,NA,NA
"4e11e855b17b0f3f2565c84263d1ca5f","8d4e9f85291b71667f107889dd872486",1683,"MERS-CoV","Risk factors",NA,0,NA,NA,NA,"Unspecified",NA,NA,NA,NA,NA,NA,NA,NA,NA,NA,NA,NA,NA,NA,FALSE,"Post outbreak",NA,NA,NA,FALSE,NA,"Other","Other",NA,"Significant","Adjusted","Both","Hospital based","Persons with symptoms",NA,NA,186,"Republic of Korea",NA,11,"5","2015",NA,"7","2015",NA,NA,NA,NA,FALSE,FALSE,NA,"Risk factors",NA,NA,NA
"01a34b36a9738cdc31cab8529a7dc1f4","7d041433a37d13829052821edf6676ca",1687,"MERS-CoV","Secondary attack rate",0.0042,-4,NA,3e-04,0.0075,"Unspecified",NA,NA,0.0033,0.0054,"95% CI",NA,NA,NA,NA,NA,NA,NA,NA,NA,FALSE,"Post outbreak",NA,NA,"Time",TRUE,FALSE,NA,NA,NA,NA,NA,"Unspecified","Hospital based","Persons under investigation",NA,NA,15831,"Saudi Arabia","Riyadh City",11,"7","2015","26","8","2015",NA,NA,NA,NA,FALSE,FALSE,NA,"Other transmission parameters","3 - 75","95% CI","33 - 54"
"01a34b36a9738cdc31cab8529a7dc1f4","d4f2d23082bf4aae15e66e838093bdca",1687,"MERS-CoV","Severity - proportion of asymptomatic cases",33,0,"Percentage (%)",NA,NA,"Unspecified",NA,NA,NA,NA,NA,NA,NA,NA,NA,NA,NA,NA,NA,NA,FALSE,"Post outbreak",NA,NA,NA,FALSE,NA,NA,NA,NA,NA,NA,"Unspecified","Hospital based","Persons under investigation",NA,NA,43,"Saudi Arabia","Riyadh City",11,"7","2015","26","8","2015",NA,NA,NA,NA,FALSE,FALSE,NA,"Severity",NA,NA,NA
"01a34b36a9738cdc31cab8529a7dc1f4","03da41d66e28019934b0d148829ea3b8",1687,"MERS-CoV","Human delay - other human delay (go to section)",7,0,"Days",NA,NA,"Unspecified",NA,NA,NA,NA,NA,NA,NA,NA,NA,NA,NA,NA,NA,NA,FALSE,"Post outbreak",NA,NA,NA,NA,NA,NA,NA,NA,NA,NA,"Unspecified","Hospital based","Persons under investigation",NA,NA,48,"Saudi Arabia","Riyadh City",11,"7","2015","26","7","2015",NA,NA,"Onset of symptoms","Diagnosis/test result",FALSE,FALSE,NA,"Human delay",NA,NA,NA
"ea9735286a9090e59b5d1184975c896d","ef42d0fb8d69cc531423937280a5c8b3",1700,"MERS-CoV","Risk factors",NA,0,NA,NA,NA,"Unspecified",NA,NA,NA,NA,NA,NA,NA,NA,NA,NA,NA,NA,NA,NA,FALSE,"Post outbreak",NA,NA,NA,NA,NA,"Recovery","Occupation,Other","Healthcare","Significant","Unspecified","Both","Hospital based","Mixed groups",NA,NA,96,"Saudi Arabia","King Abdulaziz Medical City- Riyadh (KAMC-R);  Ministry of National Guard Health Affairs",NA,"6","2015",NA,"9","2015",NA,NA,NA,NA,FALSE,FALSE,NA,"Risk factors",NA,NA,NA
"ea9735286a9090e59b5d1184975c896d","c81e60db91f5eeb5668028a0b8727781",1700,"MERS-CoV","Risk factors",NA,0,NA,NA,NA,"Unspecified",NA,NA,NA,NA,NA,NA,NA,NA,NA,NA,NA,NA,NA,NA,FALSE,"Post outbreak",NA,NA,NA,NA,NA,"Severe disease (in general population)","Occupation,Other","Healthcare","Not significant","Unspecified","Both","Hospital based","Mixed groups",NA,NA,96,"Saudi Arabia","King Abdulaziz Medical City- Riyadh (KAMC-R);  Ministry of National Guard Health Affairs",NA,"6","2015",NA,"9","2015",NA,NA,NA,NA,FALSE,FALSE,NA,"Risk factors",NA,NA,NA
"ea9735286a9090e59b5d1184975c896d","2b444b3d560b75023617cc396446a729",1700,"MERS-CoV","Risk factors",NA,0,NA,NA,NA,"Unspecified",NA,NA,NA,NA,NA,NA,NA,NA,NA,NA,NA,NA,NA,NA,FALSE,"Post outbreak",NA,NA,NA,FALSE,NA,"Death (in general population)","Occupation,Other","Healthcare","Significant","Unspecified","Both","Hospital based","Mixed groups",NA,NA,96,"Saudi Arabia","King Abdulaziz Medical City- Riyadh (KAMC-R);  Ministry of National Guard Health Affairs",NA,"6","2015",NA,"9","2015",NA,NA,NA,NA,FALSE,FALSE,NA,"Risk factors",NA,NA,NA
"ea9735286a9090e59b5d1184975c896d","1bd868f395b027bc6c70096d90112997",1700,"MERS-CoV","Risk factors",NA,0,NA,NA,NA,"Unspecified",NA,NA,NA,NA,NA,NA,NA,NA,NA,NA,NA,NA,NA,NA,FALSE,"Post outbreak",NA,NA,NA,NA,NA,"Other","Occupation,Other","Healthcare","Not significant","Unspecified","Both","Hospital based","Mixed groups",NA,NA,NA,"Saudi Arabia","King Abdulaziz Medical City- Riyadh (KAMC-R);  Ministry of National Guard Health Affairs",NA,"6","2015",NA,"9","2015",NA,NA,NA,NA,FALSE,FALSE,NA,"Risk factors",NA,NA,NA
"ea9735286a9090e59b5d1184975c896d","a025409c7320a13db4f132d4910cc010",1700,"MERS-CoV","Risk factors",NA,0,NA,NA,NA,"Unspecified",NA,NA,NA,NA,NA,NA,NA,NA,NA,NA,NA,NA,NA,NA,FALSE,"Post outbreak",NA,NA,NA,NA,NA,"Other","Occupation,Other","Healthcare","Significant","Unspecified","Both","Hospital based","Mixed groups",NA,NA,130,"Saudi Arabia","King Abdulaziz Medical City- Riyadh (KAMC-R);  Ministry of National Guard Health Affairs",NA,"6","2015",NA,"9","2015",NA,NA,NA,NA,FALSE,FALSE,NA,"Risk factors",NA,NA,NA
"ea9735286a9090e59b5d1184975c896d","ad33af34955114cb698a3b0d478c4a56",1700,"MERS-CoV","Human delay - time in care (length of stay)",NA,0,"Days",20.5,23.5,"Median",NA,NA,NA,NA,NA,NA,NA,NA,NA,NA,NA,NA,NA,NA,FALSE,"Post outbreak",NA,NA,"Level of exposure",TRUE,TRUE,NA,NA,NA,NA,NA,"Both","Hospital based","Mixed groups",NA,NA,96,"Saudi Arabia","King Abdulaziz Medical City- Riyadh (KAMC-R);  Ministry of National Guard Health Affairs",NA,"6","2015",NA,"9","2015",NA,NA,NA,NA,FALSE,FALSE,NA,"Human delay","20.5 - 23.5",NA,NA
"ea9735286a9090e59b5d1184975c896d","a571a107a7e6036518ce81255c075ccd",1700,"MERS-CoV","Human delay - other human delay (go to section)",NA,0,"Days",8,22,"Median",NA,NA,NA,NA,NA,NA,NA,NA,NA,NA,NA,NA,NA,NA,FALSE,"Post outbreak",NA,NA,"Level of exposure; Occupation",TRUE,TRUE,NA,NA,NA,NA,NA,"Both","Hospital based","Mixed groups",NA,NA,96,"Saudi Arabia","King Abdulaziz Medical City- Riyadh (KAMC-R);  Ministry of National Guard Health Affairs",NA,"6","2015",NA,"9","2015",NA,NA,"ICU admission","End of ICU stay",FALSE,FALSE,NA,"Human delay","8 - 22",NA,NA
"ea9735286a9090e59b5d1184975c896d","a1a5a4e56793dd4b69a217915b8c2a4f",1700,"MERS-CoV","Secondary attack rate",NA,0,"Percentage (%)",0.17,2.7,"Unspecified",NA,NA,NA,NA,NA,NA,NA,NA,NA,NA,NA,NA,NA,NA,FALSE,"Post outbreak",NA,NA,"Level of exposure; Occupation",TRUE,TRUE,NA,NA,NA,NA,NA,"Both","Hospital based","Healthcare workers",NA,NA,NA,"Saudi Arabia","King Abdulaziz Medical City-Riyadh",NA,"6","2015",NA,"9","2015",NA,NA,NA,NA,FALSE,FALSE,NA,"Other transmission parameters","0.17 - 2.7",NA,NA
"ea9735286a9090e59b5d1184975c896d","088860ce6385c8754debeeafe28df8eb",1700,"MERS-CoV","Severity - case fatality rate (CFR)",NA,0,"Percentage (%)",0,65.5,"Unspecified",NA,NA,NA,NA,NA,NA,NA,NA,NA,NA,NA,NA,NA,NA,FALSE,"Post outbreak","Unspecified",NA,"Level of exposure; Occupation",TRUE,TRUE,NA,NA,NA,NA,NA,"Both","Hospital based","Mixed groups",NA,NA,NA,"Saudi Arabia","King Abdulaziz Medical City-Riyadh",NA,"6","2015",NA,"9","2015",NA,NA,NA,NA,FALSE,FALSE,NA,"Severity","0 - 65.5",NA,NA
"ea9735286a9090e59b5d1184975c896d","ca3b864a1ea9779563fd2931161495b3",1700,"MERS-CoV","Severity - proportion of symptomatic cases",NA,0,"Percentage (%)",58.1,100,"Unspecified",NA,NA,NA,NA,NA,NA,NA,NA,NA,NA,NA,NA,NA,NA,FALSE,"Post outbreak",NA,NA,"Level of exposure; Occupation; Symptoms",TRUE,TRUE,NA,NA,NA,NA,NA,"Both","Hospital based","Mixed groups",NA,NA,NA,"Saudi Arabia","King Abdulaziz Medical City-Riyadh",NA,"6","2015",NA,"9","2015",NA,NA,NA,NA,FALSE,FALSE,NA,"Severity","58.1 - 100",NA,NA
"6c02f8516beb054f199cebac2e1bb92d","0488624578f2c2d2b957a30cc45977a0",1704,"MERS-CoV","Human delay - incubation period",5,0,"Days",NA,NA,"Median",NA,NA,NA,NA,NA,NA,NA,NA,NA,NA,NA,NA,NA,NA,FALSE,NA,NA,NA,NA,FALSE,NA,NA,NA,NA,NA,NA,"Both","Hospital based","Persons under investigation",24,79,36,"Republic of Korea","Pyeongtaek St. Mary's Hospital",18,"5","2015","4","6","2015",NA,NA,NA,NA,FALSE,FALSE,NA,"Human delay",NA,NA,NA
"6c02f8516beb054f199cebac2e1bb92d","799b35c0e66e20b830f3d75525fe3623",1704,"MERS-CoV","Human delay - other human delay (go to section)",8,0,"Days",7,9,"Median",NA,NA,NA,NA,NA,NA,NA,NA,NA,NA,NA,NA,NA,NA,FALSE,NA,NA,NA,NA,NA,NA,NA,NA,NA,NA,NA,"Both","Hospital based","Persons under investigation",24,79,36,"Republic of Korea","Pyeongtaek St. Mary's Hospital",18,"5","2015","4","6","2015",NA,NA,"Symptom onset","Diagnosis/test result",FALSE,FALSE,NA,"Human delay","7 - 9",NA,NA
"6c02f8516beb054f199cebac2e1bb92d","81596377bc9ca1ec7be710a38e45ec84",1704,"MERS-CoV","Attack rate",0.39,0,"Percentage (%)",NA,NA,"Mean",NA,NA,NA,NA,NA,NA,NA,NA,NA,NA,NA,NA,NA,NA,FALSE,NA,NA,NA,"Level of exposure; Occupation; Other",TRUE,NA,NA,NA,NA,NA,NA,"Both","Hospital based","Persons under investigation",NA,NA,389,"Republic of Korea","Pyeongtaek St. Mary's Hospital",18,"5","2015","4","6","2015",NA,NA,NA,NA,FALSE,FALSE,NA,"Attack rate",NA,NA,NA
"6c02f8516beb054f199cebac2e1bb92d","b12e7f69eb05da952dc6d4f3c5030a98",1704,"MERS-CoV","Severity - case fatality rate (CFR)",16.7,0,"Percentage (%)",NA,NA,"Mean",NA,NA,NA,NA,NA,6,36,NA,NA,NA,NA,NA,NA,NA,FALSE,NA,"Unspecified",NA,"Age; Disease generation; Occupation; Sex; Symptoms; Other",TRUE,FALSE,NA,NA,NA,NA,NA,"Both","Hospital based","Persons under investigation",24,79,36,"Republic of Korea","Pyeongtaek St. Mary's Hospital",18,"5","2015","4","6","2015",NA,NA,NA,NA,FALSE,FALSE,NA,"Severity",NA,NA,NA
"6c02f8516beb054f199cebac2e1bb92d","f72c59a8d73f0e4c8a582019aae4f76b",1704,"MERS-CoV","Human delay - symptom onset>discharge/recovery",22.5,0,"Days",17,26.5,"Median",NA,NA,NA,NA,NA,NA,NA,NA,NA,NA,NA,NA,NA,NA,FALSE,NA,NA,NA,"Disease generation; Occupation",TRUE,NA,NA,NA,NA,NA,NA,"Both","Hospital based","Persons under investigation",24,79,36,"Republic of Korea","Pyeongtaek St. Mary's Hospital",18,"5","2015","4","6","2015",NA,NA,NA,NA,FALSE,FALSE,NA,"Human delay","17 - 26.5",NA,NA
"6c02f8516beb054f199cebac2e1bb92d","daef6f5d334e6c3a8869279f164a6167",1704,"MERS-CoV","Human delay - other human delay (go to section)",NA,0,"Days",12.5,17,"Median",NA,NA,NA,NA,NA,NA,NA,NA,NA,NA,NA,NA,NA,NA,FALSE,NA,NA,NA,"Disease generation",TRUE,NA,NA,NA,NA,NA,NA,"Both","Hospital based","Persons under investigation",24,79,36,"Republic of Korea","Pyeongtaek St. Mary's Hospital",18,"5","2015","4","6","2015",NA,NA,"MERS confirmation/test","Discharge from Care/Hospital",FALSE,FALSE,NA,"Human delay","12.5 - 17",NA,NA
"6c02f8516beb054f199cebac2e1bb92d","5ad2271b7c2ef2b7a741fd8ae0429818",1704,"MERS-CoV","Human delay - symptom onset>death",12.5,0,"Days",12.5,16.5,"Median",NA,NA,NA,NA,NA,NA,NA,NA,NA,NA,NA,NA,NA,NA,FALSE,NA,NA,NA,NA,NA,NA,NA,NA,NA,NA,NA,"Both","Hospital based","Persons under investigation",24,79,36,"Republic of Korea","Pyeongtaek St. Mary's Hospital",18,"5","2015","4","6","2015",NA,NA,NA,NA,FALSE,FALSE,NA,"Human delay","12.5 - 16.5",NA,NA
"6c02f8516beb054f199cebac2e1bb92d","868e7040fcde821ea120a2882ada2f94",1704,"MERS-CoV","Risk factors",NA,0,NA,NA,NA,"Unspecified",NA,NA,NA,NA,NA,NA,NA,NA,NA,NA,NA,NA,NA,NA,FALSE,NA,NA,NA,NA,NA,NA,"Death (in general population)","Occupation,Sex,Other",NA,"Not significant","Not adjusted","Both","Hospital based","Persons under investigation",24,79,36,"Republic of Korea","Pyeongtaek St. Mary's Hospital",18,"5","2015","4","6","2015",NA,NA,NA,NA,FALSE,FALSE,NA,"Risk factors",NA,NA,NA
"6c02f8516beb054f199cebac2e1bb92d","35d05d51ea901ba835825003a8c12f28",1704,"MERS-CoV","Risk factors",NA,0,NA,NA,NA,"Unspecified",NA,NA,NA,NA,NA,NA,NA,NA,NA,NA,NA,NA,NA,NA,FALSE,NA,NA,NA,NA,NA,NA,"Death (in general population)","Age,Other",NA,"Significant","Not adjusted","Both","Hospital based","Persons under investigation",24,79,36,"Republic of Korea","Pyeongtaek St. Mary's Hospital",18,"5","2015","4","6","2015",NA,NA,NA,NA,FALSE,FALSE,NA,"Risk factors",NA,NA,NA
"6c02f8516beb054f199cebac2e1bb92d","ee05febccee6694d716161831631b432",1704,"MERS-CoV","Risk factors",NA,0,NA,NA,NA,"Unspecified",NA,NA,NA,NA,NA,NA,NA,NA,NA,NA,NA,NA,NA,NA,FALSE,NA,NA,NA,NA,NA,NA,"Other","Other",NA,"Not significant","Not adjusted","Both","Hospital based","Persons under investigation",24,79,36,"Republic of Korea","Pyeongtaek St. Mary's Hospital",18,"5","2015","4","6","2015",NA,NA,NA,NA,FALSE,FALSE,NA,"Risk factors",NA,NA,NA
"6c02f8516beb054f199cebac2e1bb92d","329a3287278f46c5adc0839a0c6df4b2",1704,"MERS-CoV","Attack rate",7.6,0,"Percentage (%)",NA,NA,"Mean",NA,NA,NA,NA,NA,NA,NA,NA,NA,NA,NA,NA,NA,NA,FALSE,NA,NA,NA,"Level of exposure",TRUE,NA,NA,NA,NA,NA,NA,"Both","Hospital based","Persons under investigation",NA,NA,263,"Republic of Korea","Pyeongtaek",18,"5","2015","4","6","2015",NA,NA,NA,NA,FALSE,FALSE,NA,"Attack rate",NA,NA,NA
"6c02f8516beb054f199cebac2e1bb92d","34edaddda8c9e259b5dee10b35215abe",1704,"MERS-CoV","Attack rate",1.1,0,"Percentage (%)",NA,NA,"Mean",NA,NA,NA,NA,NA,NA,NA,NA,NA,NA,NA,NA,NA,NA,FALSE,NA,NA,NA,"Level of exposure",TRUE,FALSE,NA,NA,NA,NA,NA,"Both","Hospital based","Healthcare workers",NA,NA,277,"Republic of Korea","Pyeongtaek",18,"5","2015","4","6","2015",NA,NA,NA,NA,FALSE,FALSE,NA,"Attack rate",NA,NA,NA
"6c02f8516beb054f199cebac2e1bb92d","ce466db8fa499c00e3d5804b776109c6",1704,"MERS-CoV","Risk factors",NA,0,NA,NA,NA,"Unspecified",NA,NA,NA,NA,NA,NA,NA,NA,NA,NA,NA,NA,NA,NA,FALSE,"Start outbreak",NA,NA,NA,NA,NA,"Severe disease (in general population)","Comorbidity",NA,"Significant","Unspecified","Both","Hospital based","Persons under investigation",24,79,36,"Republic of Korea","Pyeongtaek",18,"5","2015","4","6","2015",NA,NA,NA,NA,FALSE,FALSE,NA,"Risk factors",NA,NA,NA
"c318262fbf4ea5a5d90eefc961c622f9","4dd31c0fd49ca50c9da1188c4edd6894",1815,"MERS-CoV","Seroprevalence - IgG",0,0,"Percentage (%)",NA,NA,"Mean",NA,NA,NA,NA,NA,0,285,NA,NA,NA,NA,NA,NA,NA,FALSE,"Unspecified","Naive",NA,NA,FALSE,NA,NA,NA,NA,NA,NA,"Unspecified","Hospital based","Healthcare workers",NA,NA,285,"Republic of Korea","National Medical Center",NA,NA,NA,NA,NA,NA,NA,NA,NA,NA,FALSE,FALSE,NA,"Seroprevalence",NA,NA,NA
"cc5c207255ee5cb1190d0b6d25d272de","c5bfd279866be6bc2baaa53aae7abfc5",1821,"MERS-CoV","Human delay - incubation period",NA,0,"Days",2,18,"Unspecified",NA,NA,NA,NA,NA,NA,NA,NA,NA,NA,NA,NA,NA,NA,FALSE,NA,NA,NA,"Age; Sex; Symptoms; Other",TRUE,TRUE,NA,NA,NA,NA,NA,"Both","Hospital based","Persons with symptoms",39,82,14,"Republic of Korea","Chungnam National University Hospital",7,"6","2015","5","8","2015",NA,NA,NA,NA,FALSE,FALSE,NA,"Human delay","2 - 18",NA,NA
"cc5c207255ee5cb1190d0b6d25d272de","8f16a9969af21c407cdef009702af8df",1821,"MERS-CoV","Human delay - symptom onset>admission to care",NA,0,"Days",2,12,"Unspecified",NA,NA,NA,NA,NA,NA,NA,NA,NA,NA,NA,NA,NA,NA,TRUE,NA,NA,NA,"Age; Sex; Symptoms",TRUE,TRUE,NA,NA,NA,NA,NA,"Both","Hospital based","Persons with symptoms",39,82,14,"Republic of Korea","Chungnam National University Hospital",7,"6","2015","5","8","2015",NA,NA,NA,NA,FALSE,FALSE,NA,"Human delay","2 - 12",NA,NA
"cc5c207255ee5cb1190d0b6d25d272de","c7f4981695961107275bd91722c44851",1821,"MERS-CoV","Severity - case fatality rate (CFR)",NA,0,NA,NA,NA,"Unspecified",NA,NA,NA,NA,NA,5,14,NA,NA,NA,NA,NA,NA,NA,FALSE,NA,"Adjusted",NA,NA,FALSE,NA,NA,NA,NA,NA,NA,"Both","Hospital based","Persons under investigation",39,82,14,"Republic of Korea","Chungnam National University Hospital",7,"6","2015","5","8","2015",NA,NA,NA,NA,FALSE,FALSE,NA,"Severity",NA,NA,NA
"cc5c207255ee5cb1190d0b6d25d272de","e19b8124954e3a1cc033abeb911fb156",1821,"MERS-CoV","Risk factors",NA,0,NA,NA,NA,"Unspecified",NA,NA,NA,NA,NA,NA,NA,NA,NA,NA,NA,NA,NA,NA,NA,NA,NA,NA,NA,NA,NA,"Death (in general population)","Age,Other",NA,"Significant","Unspecified","Both","Hospital based","Persons under investigation",39,82,14,"Republic of Korea","Chungnam National University Hospital",7,"6","2015","5","8","2015",NA,NA,NA,NA,FALSE,FALSE,NA,"Risk factors",NA,NA,NA
"cc5c207255ee5cb1190d0b6d25d272de","ef1cdd0c5fe83ed5dc88aba267a84b13",1821,"MERS-CoV","Risk factors",NA,0,NA,NA,NA,"Unspecified",NA,NA,NA,NA,NA,NA,NA,NA,NA,NA,NA,NA,NA,NA,NA,NA,NA,NA,NA,NA,NA,"Death (in general population)","Sex",NA,"Not significant","Not adjusted","Both","Hospital based","Persons under investigation",39,82,14,"Republic of Korea","Chungnam National University Hospital",7,"6","2015","5","8","2015",NA,NA,NA,NA,FALSE,FALSE,NA,"Risk factors",NA,NA,NA
"32f055350b24968f0833b8c416139274","09e76b6ae72f436fe9c3b3a17db49f3d",1830,"MERS-CoV","Overdispersion",82,0,"Max. nr. of cases superspreading (related to case)",NA,NA,"Other",NA,NA,NA,NA,NA,NA,NA,NA,NA,NA,NA,NA,NA,NA,FALSE,NA,NA,NA,NA,NA,NA,NA,NA,NA,NA,NA,"Both","Hospital based","Persons under investigation",NA,NA,92,"Republic of Korea","Samsung Medical Center;  Sungkyunkwan University School of Medicine;  Seoul",20,"5","2015","5","7","2015",NA,NA,NA,NA,FALSE,FALSE,NA,"Overdispersion",NA,NA,NA
"32f055350b24968f0833b8c416139274","48b48593d0b0e2d0020a9a1c19ba6648",1830,"MERS-CoV","Severity - proportion of asymptomatic cases",NA,0,NA,NA,NA,"Unspecified",NA,NA,NA,NA,NA,3,92,NA,NA,NA,NA,NA,NA,NA,FALSE,NA,NA,NA,NA,NA,NA,NA,NA,NA,NA,NA,"Both","Hospital based","Persons under investigation",NA,NA,92,"Republic of Korea","Samsung Medical Center;  Sungkyunkwan University School of Medicine;  Seoul",20,"5","2015","5","7","2015",NA,NA,NA,NA,FALSE,FALSE,NA,"Severity",NA,NA,NA
"a2b2e87981d473fc0780ab3e88d74720","e0392c1ea31d678c968c9b512e271150",1843,"MERS-CoV","Human delay - other human delay (go to section)",5.5,0,"Days",5,6,"Median",NA,NA,NA,NA,NA,NA,NA,NA,NA,NA,NA,NA,NA,NA,FALSE,"Unspecified",NA,NA,"Other",TRUE,FALSE,NA,NA,NA,NA,NA,"Both","Hospital based","Healthcare workers",NA,NA,NA,"Saudi Arabia","14 hospitals across 5 cities but didn't state which",NA,"9","2012",NA,"9","2015",NA,NA,"Symptom onset","Emergency room",FALSE,FALSE,NA,"Human delay","5 - 6",NA,NA
"a2b2e87981d473fc0780ab3e88d74720","ce2f822fd1f584a6864345b0e31627af",1843,"MERS-CoV","Human delay - other human delay (go to section)",9,0,"Days",5,9,"Median",NA,NA,NA,NA,NA,NA,NA,NA,NA,NA,NA,NA,NA,NA,FALSE,"Unspecified",NA,NA,"Other",TRUE,NA,NA,NA,NA,NA,NA,"Both","Hospital based","Healthcare workers",NA,NA,NA,"Saudi Arabia","14 hospitals across 5 cities but didn't state which",NA,"9","2012",NA,"9","2015",NA,NA,"Symptom onset","Admission to Critical Care/ICU",FALSE,FALSE,NA,"Human delay","5 - 9",NA,NA
"a2b2e87981d473fc0780ab3e88d74720","fffa0c3c42e241b423791b3417854aac",1843,"MERS-CoV","Human delay - other human delay (go to section)",9,0,"Days",6.5,10,"Median",NA,NA,NA,NA,NA,NA,NA,NA,NA,NA,NA,NA,NA,NA,FALSE,"Unspecified",NA,NA,"Other",TRUE,NA,NA,NA,NA,NA,NA,"Both","Hospital based","Healthcare workers",NA,NA,NA,"Saudi Arabia","14 hospitals across 5 cities but didn't state which",NA,"9","2012",NA,"9","2015",NA,NA,"Symptom onset","Intubation",FALSE,FALSE,NA,"Human delay","6.5 - 10",NA,NA
"a2b2e87981d473fc0780ab3e88d74720","ecec5c2991d5193799c8f17b1f1a2913",1843,"MERS-CoV","Severity - case fatality rate (CFR)",25,0,"Percentage (%)",NA,NA,"Unspecified",NA,NA,NA,NA,NA,8,32,NA,NA,NA,NA,NA,NA,NA,FALSE,"Unspecified",NA,NA,"Sex",TRUE,NA,NA,NA,NA,NA,NA,"Both","Hospital based","Healthcare workers",NA,NA,32,"Saudi Arabia","14 hospitals across 5 cities in KSA",NA,NA,"2012",NA,NA,"2015",NA,NA,NA,NA,FALSE,FALSE,NA,"Severity",NA,NA,NA
"a2b2e87981d473fc0780ab3e88d74720","4416bac0b19a9bf70df9a1225a7d8d7b",1843,"MERS-CoV","Risk factors",NA,0,NA,NA,NA,"Unspecified",NA,NA,NA,NA,NA,NA,NA,NA,NA,NA,NA,NA,NA,NA,FALSE,"Unspecified",NA,NA,NA,FALSE,NA,"Other","Age,Comorbidity,Sex","Healthcare","Unspecified","Not adjusted","Both","Hospital based","Healthcare workers",NA,NA,32,"Saudi Arabia","14 hospitals across 5 cities in KSA",NA,NA,"2012",NA,NA,"2015",NA,NA,NA,NA,FALSE,FALSE,NA,"Risk factors",NA,NA,NA
"a2b2e87981d473fc0780ab3e88d74720","0bdfc1f3f3a6e81e93140999c0d93e3b",1843,"MERS-CoV","Risk factors",NA,0,NA,NA,NA,"Unspecified",NA,NA,NA,NA,NA,NA,NA,NA,NA,NA,NA,NA,NA,NA,NA,"Unspecified",NA,NA,NA,NA,NA,"Other","Other","Healthcare","Significant","Not adjusted","Both","Hospital based","Healthcare workers",NA,NA,32,"Saudi Arabia","14 hospitals across 5 cities in KSA",NA,NA,"2012",NA,NA,"2015",NA,NA,NA,NA,FALSE,FALSE,NA,"Risk factors",NA,NA,NA
"4753c90a6cfb96102e3c5f547d92a76d","66628077e6859e8161e8e174891a079a",1845,"MERS-CoV","Seroprevalence - Unspecified",0,0,"Percentage (%)",NA,NA,"Unspecified",NA,NA,NA,NA,NA,0,285,NA,NA,NA,NA,NA,NA,NA,FALSE,"Post outbreak","Naive",NA,NA,FALSE,NA,NA,NA,NA,NA,NA,"Both","Hospital based","Healthcare workers",NA,NA,285,"Republic of Korea","'National Medical Center'",NA,NA,NA,NA,NA,NA,NA,NA,NA,NA,FALSE,FALSE,NA,"Seroprevalence",NA,NA,NA
"682d52aa32e51f2a0e57a8668ebbdf00","5542d3378e206c6cd65f345b625d0b99",1850,"MERS-CoV","Human delay - symptom onset>admission to care",3,0,"Days",NA,NA,"Median",NA,NA,NA,NA,NA,NA,NA,NA,NA,NA,NA,NA,NA,NA,FALSE,"Mid outbreak",NA,NA,"Other",TRUE,FALSE,NA,NA,NA,NA,NA,"Both","Hospital based","Persons with symptoms",NA,NA,11,"Saudi Arabia","King Faisal Specialist Hospital and Research Center;  Jeddah",NA,"4","2014",NA,"5","2014",NA,NA,NA,NA,FALSE,FALSE,NA,"Human delay",NA,NA,NA
"682d52aa32e51f2a0e57a8668ebbdf00","6efc38c651e63cbc35e7c76dca22b660",1850,"MERS-CoV","Human delay - other human delay (go to section)",7,0,"Days",NA,NA,"Median",NA,NA,NA,NA,NA,NA,NA,NA,NA,NA,NA,NA,NA,NA,FALSE,"Mid outbreak",NA,NA,"Other",TRUE,FALSE,NA,NA,NA,NA,NA,"Both","Hospital based","Persons with symptoms",NA,NA,13,"Saudi Arabia","King Faisal Specialist Hospital and Research Center;  Jeddah",NA,"4","2014",NA,"5","2014",NA,NA,"Symptom onset","Admission to Critical Care/ICU",FALSE,FALSE,NA,"Human delay",NA,NA,NA
"682d52aa32e51f2a0e57a8668ebbdf00","617f97f5388e901bf98a0448c14aa27e",1850,"MERS-CoV","Human delay - other human delay (go to section)",8,0,"Days",NA,NA,"Median",NA,NA,NA,NA,NA,NA,NA,NA,NA,NA,NA,NA,NA,NA,FALSE,"Mid outbreak",NA,NA,NA,NA,NA,NA,NA,NA,NA,NA,"Both","Hospital based","Persons with symptoms",23,79,14,"Saudi Arabia","King Faisal Specialist Hospital and Research Center;  Jeddah",NA,"4","2014",NA,"5","2014",NA,NA,"Onset of symptoms","Intubation",FALSE,FALSE,NA,"Human delay",NA,NA,NA
"682d52aa32e51f2a0e57a8668ebbdf00","a610d2e6091c525e24f616b0c0237372",1850,"MERS-CoV","Human delay - other human delay (go to section)",16,0,"Days",NA,NA,"Median",NA,NA,NA,NA,NA,NA,NA,NA,NA,NA,NA,NA,NA,NA,FALSE,"Mid outbreak",NA,NA,NA,FALSE,NA,NA,NA,NA,NA,NA,"Both","Hospital based","Persons with symptoms",23,79,14,"Saudi Arabia","King Faisal Specialist Hospital and Research Center;  Jeddah",NA,"4","2014",NA,"5","2014",NA,NA,"Time intubated","Time extubated",FALSE,FALSE,NA,"Human delay",NA,NA,NA
"682d52aa32e51f2a0e57a8668ebbdf00","478ee722c4db06362d4e8ac78644fa34",1850,"MERS-CoV","Human delay - time in care (length of stay)",22,0,"Days",NA,NA,"Median",NA,NA,NA,NA,NA,NA,NA,NA,NA,NA,NA,NA,NA,NA,FALSE,"Mid outbreak",NA,NA,NA,FALSE,NA,NA,NA,NA,NA,NA,"Both","Hospital based","Persons with symptoms",23,79,14,"Saudi Arabia","King Faisal Specialist Hospital and Research Center;  Jeddah",NA,"4","2014",NA,"5","2014",NA,NA,NA,NA,FALSE,FALSE,NA,"Human delay",NA,NA,NA
"682d52aa32e51f2a0e57a8668ebbdf00","92f9cf44a547351f3f18f95baca4b229",1850,"MERS-CoV","Human delay - other human delay (go to section)",17,0,"Days",NA,NA,"Median",NA,NA,NA,NA,NA,NA,NA,NA,NA,NA,NA,NA,NA,NA,FALSE,"Mid outbreak",NA,NA,NA,FALSE,NA,NA,NA,NA,NA,NA,"Both","Hospital based","Persons with symptoms",23,79,14,"Saudi Arabia","King Faisal Specialist Hospital and Research Center;  Jeddah",NA,"4","2014",NA,"5","2014",NA,NA,"Admission to ICU","Discharge from Critical Care/ICU",FALSE,FALSE,NA,"Human delay",NA,NA,NA
"682d52aa32e51f2a0e57a8668ebbdf00","350a7a0364d839bf32612c30967f840c",1850,"MERS-CoV","Severity - case fatality rate (CFR)",64,0,"Percentage (%)",NA,NA,"Unspecified",NA,NA,NA,NA,NA,9,14,NA,NA,NA,NA,NA,NA,NA,FALSE,"Mid outbreak","Naive",NA,NA,FALSE,NA,NA,NA,NA,NA,NA,"Both","Hospital based","Persons with symptoms",23,79,14,"Saudi Arabia","King Faisal Specialist Hospital and Research Center;  Jeddah",NA,"4","2014",NA,"5","2014",NA,NA,NA,NA,FALSE,FALSE,NA,"Severity",NA,NA,NA
"9baf7d6eed94e864316b6a367bfa1024","3b5a68c944d494e97acc7ef34836b11a",1852,"MERS-CoV","Severity - case fatality rate (CFR)",22,0,"Percentage (%)",NA,NA,"Unspecified",NA,NA,NA,NA,NA,35,159,NA,NA,NA,NA,NA,NA,NA,FALSE,"Mid outbreak","Naive",NA,NA,FALSE,NA,NA,NA,NA,NA,NA,"Both","Unspecified","Unspecified",16,87,159,"Republic of Korea",NA,11,"5","2015","15","7","2015",NA,NA,NA,NA,FALSE,FALSE,NA,"Severity",NA,NA,NA
"9baf7d6eed94e864316b6a367bfa1024","10d965cbdcd1bf465ff88d8e5506c5fa",1852,"MERS-CoV","Human delay - other human delay (go to section)",10,0,"Days",NA,NA,"Median",NA,NA,NA,NA,NA,NA,NA,NA,NA,NA,NA,NA,NA,NA,FALSE,"Start outbreak",NA,NA,NA,FALSE,NA,NA,NA,NA,NA,NA,"Unspecified","Unspecified","Unspecified",NA,NA,NA,"Republic of Korea",NA,18,"5","2015","24","5","2015",NA,NA,"Symptom onset","Diagnosis/test result",FALSE,FALSE,NA,"Human delay",NA,NA,NA
"9baf7d6eed94e864316b6a367bfa1024","40e0e194c624f33ee56490755571465a",1852,"MERS-CoV","Human delay - other human delay (go to section)",2,0,"Days",NA,NA,"Median",NA,NA,NA,NA,NA,NA,NA,NA,NA,NA,NA,NA,NA,NA,FALSE,"Mid outbreak",NA,NA,NA,FALSE,NA,NA,NA,NA,NA,NA,"Unspecified","Unspecified","Unspecified",NA,NA,NA,"Republic of Korea",NA,22,"6","2015","28","6","2015",NA,NA,"Symptom onset","Diagnosis/test result",FALSE,FALSE,NA,"Human delay",NA,NA,NA
"9baf7d6eed94e864316b6a367bfa1024","94facc9865881f910ca90f154e1ef656",1852,"MERS-CoV","Human delay - other human delay (go to section)",13,0,"Days",NA,NA,"Median",NA,NA,NA,NA,NA,NA,NA,NA,NA,NA,NA,NA,NA,NA,FALSE,"Mid outbreak",NA,NA,NA,FALSE,NA,NA,NA,NA,NA,NA,"Both","Unspecified","Unspecified",NA,NA,159,"Republic of Korea",NA,11,"5","2015","15","7","2015",NA,NA,"Diagnosis","Death",FALSE,FALSE,NA,"Human delay",NA,NA,NA
"9baf7d6eed94e864316b6a367bfa1024","8111367091e41f48bea3b7e8086e31ae",1852,"MERS-CoV","Human delay - symptom onset>discharge/recovery",19,0,"Days",NA,NA,"Median",NA,NA,NA,NA,NA,NA,NA,NA,NA,NA,NA,NA,NA,NA,FALSE,"Mid outbreak",NA,NA,NA,FALSE,NA,NA,NA,NA,NA,NA,"Unspecified","Unspecified","Unspecified",NA,NA,NA,"Republic of Korea",NA,22,"6","2015","28","6","2015",NA,NA,NA,NA,FALSE,FALSE,NA,"Human delay",NA,NA,NA
"9baf7d6eed94e864316b6a367bfa1024","2eee58426abfda1fe285255693061337",1852,"MERS-CoV","Human delay - symptom onset>discharge/recovery",27,0,"Days",NA,NA,"Median",NA,NA,NA,NA,NA,NA,NA,NA,NA,NA,NA,NA,NA,NA,FALSE,"Start outbreak",NA,NA,NA,FALSE,NA,NA,NA,NA,NA,NA,"Unspecified","Unspecified","Unspecified",NA,NA,NA,"Republic of Korea",NA,18,"5","2015","24","5","2015",NA,NA,NA,NA,FALSE,FALSE,NA,"Human delay",NA,NA,NA
"9baf7d6eed94e864316b6a367bfa1024","3f9454db4ff75591529a50cc9418e021",1852,"MERS-CoV","Human delay - other human delay (go to section)",4,0,"Days",NA,NA,"Median",NA,NA,NA,NA,NA,NA,NA,NA,NA,NA,NA,NA,NA,NA,FALSE,"Mid outbreak",NA,NA,NA,FALSE,NA,NA,NA,NA,NA,NA,"Both","Unspecified","Unspecified",16,87,159,"Republic of Korea",NA,11,"5","2015","15","7","2015",NA,NA,"Symptom onset","Diagnosis/test result",FALSE,FALSE,NA,"Human delay",NA,NA,NA
"9baf7d6eed94e864316b6a367bfa1024","918b3c527fd84b3c3d85f38a8b4a36d1",1852,"MERS-CoV","Human delay - other human delay (go to section)",22,0,"Days",NA,NA,"Median",NA,NA,NA,NA,NA,NA,NA,NA,NA,NA,NA,NA,NA,NA,FALSE,"Mid outbreak",NA,NA,NA,FALSE,NA,NA,NA,NA,NA,NA,"Both","Unspecified","Unspecified",16,87,159,"Republic of Korea",NA,11,"5","2015","15","7","2015",NA,NA,"Diagnosis","Discharge from Care/Hospital",FALSE,FALSE,NA,"Human delay",NA,NA,NA
"9baf7d6eed94e864316b6a367bfa1024","8bc4078a25b8fb502316dfeebec7f36d",1852,"MERS-CoV","Risk factors",NA,0,NA,NA,NA,"Unspecified",NA,NA,NA,NA,NA,NA,NA,NA,NA,NA,NA,NA,NA,NA,FALSE,"Mid outbreak",NA,NA,NA,FALSE,NA,"Death (in general population)","Age,Comorbidity",NA,"Significant","Not adjusted","Both","Unspecified","Unspecified",16,87,159,"Republic of Korea",NA,11,"5","2015","15","7","2015",NA,NA,NA,NA,FALSE,FALSE,NA,"Risk factors",NA,NA,NA
"9baf7d6eed94e864316b6a367bfa1024","63e0d9378e4ccc2a6005a8aaf7d667a8",1852,"MERS-CoV","Risk factors",NA,0,NA,NA,NA,"Unspecified",NA,NA,NA,NA,NA,NA,NA,NA,NA,NA,NA,NA,NA,NA,FALSE,"Mid outbreak",NA,NA,NA,FALSE,NA,"Death (in general population)","Age,Comorbidity",NA,"Significant","Adjusted","Both","Unspecified","Unspecified",16,87,159,"Republic of Korea",NA,11,"5","2015","15","7","2015",NA,NA,NA,NA,FALSE,FALSE,NA,"Risk factors",NA,NA,NA
"9baf7d6eed94e864316b6a367bfa1024","c0f68d061f0ae7381a681efe78c9b17b",1852,"MERS-CoV","Risk factors",NA,0,NA,NA,NA,"Unspecified",NA,NA,NA,NA,NA,NA,NA,NA,NA,NA,NA,NA,NA,NA,FALSE,"Mid outbreak",NA,NA,NA,FALSE,NA,"Death (in general population)","Occupation,Sex,Other","Healthcare","Not significant","Adjusted","Both","Unspecified","Unspecified",16,87,159,"Republic of Korea",NA,11,"5","2015","15","7","2015",NA,NA,NA,NA,FALSE,FALSE,NA,"Risk factors",NA,NA,NA
"9baf7d6eed94e864316b6a367bfa1024","cb796d397cc83a714f356636fbc0c9fc",1852,"MERS-CoV","Risk factors",NA,0,NA,NA,NA,"Unspecified",NA,NA,NA,NA,NA,NA,NA,NA,NA,NA,NA,NA,NA,NA,FALSE,"Mid outbreak",NA,NA,NA,FALSE,NA,"Death (in general population)","Occupation,Sex,Other","Healthcare","Not significant","Not adjusted","Both","Unspecified","Unspecified",16,87,159,"Republic of Korea",NA,11,"5","2015","15","7","2015",NA,NA,NA,NA,FALSE,FALSE,NA,"Risk factors",NA,NA,NA
"85159cb6dbe46670e9219b33ee983907","bb80f6b425305a3f9284370dd01c31ea",1863,"MERS-CoV","Human delay - other human delay (go to section)",15.6,0,"Days",NA,NA,"Mean",NA,NA,NA,NA,NA,NA,NA,NA,NA,NA,NA,NA,NA,NA,FALSE,"Unspecified",NA,NA,NA,NA,NA,NA,NA,NA,NA,NA,"Unspecified","Hospital based","General population",NA,NA,109,"Saudi Arabia","Prince Mohamed Bin Abdulaziz Hospital (PMAH); Riyadh",NA,"4","2014",NA,"12","2015",NA,NA,"Admission to ICU","Discharge from Critical Care/ICU",FALSE,FALSE,NA,"Human delay",NA,NA,NA
"85159cb6dbe46670e9219b33ee983907","26347a7003d8e674bba5abafeec5c1b9",1863,"MERS-CoV","Human delay - time in care (length of stay)",15.21,0,"Days",NA,NA,"Mean",NA,NA,NA,NA,NA,NA,NA,NA,NA,NA,NA,NA,NA,NA,FALSE,"Unspecified",NA,NA,NA,FALSE,NA,NA,NA,NA,NA,NA,"Both","Hospital based","General population",NA,NA,NA,"Saudi Arabia","Prince Mohamed Bin Abdulaziz Hospital (PMAH); Riyadh",NA,"4","2014",NA,"12","2015",NA,NA,NA,NA,FALSE,FALSE,NA,"Human delay",NA,NA,NA
"85159cb6dbe46670e9219b33ee983907","8b750f2c72fa15e4e1cf6c5cc88ed0c1",1863,"MERS-CoV","Risk factors",NA,0,NA,NA,NA,"Unspecified",NA,NA,NA,NA,NA,NA,NA,NA,NA,NA,NA,NA,NA,NA,FALSE,"Unspecified",NA,NA,NA,FALSE,NA,"Recovery","Age,Comorbidity,Hospitalisation,Occupation,Other","Healthcare","Significant","Not adjusted","Both","Hospital based","General population",0.75,93,249,"Saudi Arabia","Prince Mohamed Bin Abdulaziz Hospital (PMAH); Riyadh",NA,"4","2014",NA,"12","2015",NA,NA,NA,NA,FALSE,FALSE,NA,"Risk factors",NA,NA,NA
"85159cb6dbe46670e9219b33ee983907","574afab4da2fbda9ac576a3224377ad3",1863,"MERS-CoV","Risk factors",NA,0,NA,NA,NA,"Unspecified",NA,NA,NA,NA,NA,NA,NA,NA,NA,NA,NA,NA,NA,NA,FALSE,"Unspecified",NA,NA,NA,FALSE,NA,"Recovery","Sex,Other",NA,"Not significant","Not adjusted","Both","Hospital based","General population",0.75,93,249,"Saudi Arabia","Prince Mohamed Bin Abdulaziz Hospital (PMAH); Riyadh",NA,"4","2014",NA,"12","2015",NA,NA,NA,NA,FALSE,FALSE,NA,"Risk factors",NA,NA,NA
"85159cb6dbe46670e9219b33ee983907","f034467f9d548f1cc117296cccbcae2e",1863,"MERS-CoV","Risk factors",NA,0,NA,NA,NA,"Unspecified",NA,NA,NA,NA,NA,NA,NA,NA,NA,NA,NA,NA,NA,NA,FALSE,"Unspecified",NA,NA,NA,FALSE,NA,"Recovery","Age,Hospitalisation,Other",NA,"Significant","Adjusted","Both","Hospital based","General population",0.75,93,249,"Saudi Arabia","Prince Mohamed Bin Abdulaziz Hospital (PMAH); Riyadh",NA,"4","2014",NA,"12","2015",NA,NA,NA,NA,FALSE,FALSE,NA,"Risk factors",NA,NA,NA
"85159cb6dbe46670e9219b33ee983907","a2160929878a17579e8af55310748ac4",1863,"MERS-CoV","Severity - case fatality rate (CFR)",20.08,0,"Percentage (%)",NA,NA,"Unspecified",NA,NA,NA,NA,NA,NA,249,NA,NA,NA,NA,NA,NA,NA,FALSE,"Unspecified","Naive",NA,NA,FALSE,NA,NA,NA,NA,NA,NA,"Both","Hospital based","General population",0.75,93,249,"Saudi Arabia","Prince Mohamed Bin Abdulaziz Hospital (PMAH); Riyadh",NA,"4","2014",NA,"12","2015",NA,NA,NA,NA,FALSE,FALSE,NA,"Severity",NA,NA,NA
"85159cb6dbe46670e9219b33ee983907","6efc2d4954dafe03c4a6233fd0931831",1863,"MERS-CoV","Human delay - incubation period",6.27,0,"Days",NA,NA,"Unspecified",NA,NA,NA,NA,NA,NA,NA,NA,NA,NA,NA,NA,NA,NA,FALSE,"Unspecified",NA,NA,NA,FALSE,NA,NA,NA,NA,NA,NA,"Unspecified","Hospital based","General population",NA,NA,18,"Saudi Arabia","Prince Mohamed Bin Abdulaziz Hospital (PMAH); Riyadh",NA,"4","2014",NA,"12","2015",NA,NA,NA,NA,FALSE,FALSE,NA,"Human delay",NA,NA,NA
"85159cb6dbe46670e9219b33ee983907","4dab5b48858ade97d6940e50f3b854eb",1863,"MERS-CoV","Human delay - other human delay (go to section)",13.17,0,"Days",NA,NA,"Mean",NA,NA,NA,NA,NA,NA,NA,NA,NA,NA,NA,NA,NA,NA,FALSE,"Unspecified",NA,NA,NA,FALSE,NA,NA,NA,NA,NA,NA,"Unspecified","Hospital based","General population",NA,NA,167,"Saudi Arabia","Prince Mohamed Bin Abdulaziz Hospital (PMAH); Riyadh",NA,"4","2014",NA,"12","2015",NA,NA,"symptom onset","negative swab",FALSE,FALSE,NA,"Human delay",NA,NA,NA
"85159cb6dbe46670e9219b33ee983907","a5cd2f42640767e331b2c8d611c7ba2b",1863,"MERS-CoV","Severity - proportion of symptomatic cases",83.53,0,"Percentage (%)",NA,NA,"Unspecified",NA,NA,NA,NA,NA,NA,NA,NA,NA,NA,NA,NA,NA,NA,FALSE,"Unspecified",NA,NA,NA,FALSE,NA,NA,NA,NA,NA,NA,"Both","Hospital based","General population",0.75,93,249,"Saudi Arabia","Prince Mohamed Bin Abdulaziz Hospital (PMAH); Riyadh",NA,"4","2014",NA,"12","2015",NA,NA,NA,NA,FALSE,FALSE,NA,"Severity",NA,NA,NA
"85159cb6dbe46670e9219b33ee983907","14f89ae1fa25750751e2540f918c6278",1863,"MERS-CoV","Human delay - other human delay (go to section)",18.48,0,"Days",NA,NA,"Mean",NA,NA,NA,NA,NA,NA,NA,NA,NA,NA,NA,NA,NA,NA,FALSE,"Unspecified",NA,NA,NA,FALSE,NA,NA,NA,NA,NA,NA,"Unspecified","Hospital based","General population",NA,NA,76,"Saudi Arabia","Prince Mohamed Bin Abdulaziz Hospital (PMAH); Riyadh",NA,"4","2014",NA,"12","2015",NA,NA,"Mechanical ventilator start","Mechanical ventilator end",FALSE,FALSE,NA,"Human delay",NA,NA,NA
"d67479cd5eb3b8ca9662acc1ff259f8a","13e48824b90faca42e648ca68f29ce3e",1874,"MERS-CoV","Risk factors",NA,0,NA,NA,NA,"Unspecified",NA,NA,NA,NA,NA,NA,NA,NA,NA,NA,NA,NA,NA,NA,FALSE,"Post outbreak",NA,NA,NA,NA,NA,"Death (in general population)","Age,Other",NA,"Significant","Not adjusted","Both","Hospital based","Unspecified",NA,NA,186,"Republic of Korea","Daejeon;  Seoul;  Gyeonggi-do",6,"5","2015","1","7","2015",NA,NA,NA,NA,FALSE,FALSE,NA,"Risk factors",NA,NA,NA
"d67479cd5eb3b8ca9662acc1ff259f8a","6b7ea1723befea93e73aeb04306a328c",1874,"MERS-CoV","Risk factors",NA,0,NA,NA,NA,"Unspecified",NA,NA,NA,NA,NA,NA,NA,NA,NA,NA,NA,NA,NA,NA,FALSE,"Post outbreak",NA,NA,NA,FALSE,NA,"Death (in general population)","Sex",NA,"Not significant","Not adjusted","Both","Hospital based","Unspecified",NA,NA,186,"Republic of Korea","Daejeon;  Seoul;  Gyeonggi-do",6,"5","2015","1","7","2015",NA,NA,NA,NA,FALSE,FALSE,NA,"Risk factors",NA,NA,NA
"d67479cd5eb3b8ca9662acc1ff259f8a","fde885dd20269290e543214375477f92",1874,"MERS-CoV","Risk factors",NA,0,NA,NA,NA,"Unspecified",NA,NA,NA,NA,NA,NA,NA,NA,NA,NA,NA,NA,NA,NA,FALSE,"Post outbreak",NA,NA,NA,FALSE,NA,"Infection","Age",NA,"Significant","Not adjusted","Both","Unspecified","Unspecified",NA,NA,186,"Republic of Korea","Daejeon;  Seoul;  Gyeonggi-do",6,"5","2015","1","7","2015",NA,NA,NA,NA,FALSE,FALSE,NA,"Risk factors",NA,NA,NA
"d67479cd5eb3b8ca9662acc1ff259f8a","6939ab4ea54130b9be541936c558c567",1874,"MERS-CoV","Reproduction number (Basic R0)",5.3973,0,"No units",NA,NA,"Unspecified",NA,NA,4.6057,6.1888,"95% CI",NA,NA,NA,NA,NA,NA,NA,NA,NA,FALSE,"Post outbreak",NA,"Next generation matrix",NA,FALSE,NA,NA,NA,NA,NA,NA,"Both","Unspecified","Unspecified",NA,NA,NA,"Republic of Korea","Daejeon;  Seoul;  Gyeonggi-do;",6,"5","2015","7","6","2015",NA,NA,NA,NA,FALSE,FALSE,"Human-human","Reproduction number",NA,"95% CI","4.6057 - 6.1888"
"d67479cd5eb3b8ca9662acc1ff259f8a","51cd20852f1e2e4f56c7b1ed71693dcf",1874,"MERS-CoV","Reproduction number (Basic R0)",0.1351,0,"No units",NA,NA,"Unspecified",NA,NA,0.0403,0.2562,"95% CI",NA,NA,NA,NA,NA,NA,NA,NA,NA,FALSE,"Post outbreak",NA,"Next generation matrix",NA,FALSE,NA,NA,NA,NA,NA,NA,"Both","Unspecified","Unspecified",NA,NA,NA,"Republic of Korea","Daejeon;  Seoul;  Gyeonggi-do;",7,"6","2015","1","7","2015",NA,NA,NA,NA,FALSE,FALSE,"Human-human","Reproduction number",NA,"95% CI","0.0403 - 0.2562"
"d67479cd5eb3b8ca9662acc1ff259f8a","31e82db878231efb62e3a9f97dfb28a3",1874,"MERS-CoV","Risk factors",NA,0,NA,NA,NA,"Unspecified",NA,NA,NA,NA,NA,NA,NA,NA,NA,NA,NA,NA,NA,NA,FALSE,"Post outbreak",NA,NA,NA,FALSE,NA,"Other","Other",NA,"Significant","Not adjusted","Both","Unspecified","Unspecified",NA,NA,186,"Republic of Korea","Daejeon;  Seoul;  Gyeonggi-do",6,"5","2015","1","7","2015",NA,NA,NA,NA,FALSE,FALSE,NA,"Risk factors",NA,NA,NA
"d67479cd5eb3b8ca9662acc1ff259f8a","7d78d6534e77380a5a6c3d6ba20eb190",1874,"MERS-CoV","Risk factors",NA,0,NA,NA,NA,"Unspecified",NA,NA,NA,NA,NA,NA,NA,NA,NA,NA,NA,NA,NA,NA,FALSE,"Post outbreak",NA,NA,NA,FALSE,NA,"Other","Sex",NA,"Not significant","Not adjusted","Both","Unspecified","Unspecified",NA,NA,186,"Republic of Korea","Daejeon;  Seoul;  Gyeonggi-do",6,"5","2015","1","7","2015",NA,NA,NA,NA,FALSE,FALSE,NA,"Risk factors",NA,NA,NA
"d67479cd5eb3b8ca9662acc1ff259f8a","77319c0ea26a2d1c170b869fbc80423d",1874,"MERS-CoV","Severity - case fatality rate (CFR)",NA,0,NA,NA,NA,"Unspecified",NA,NA,NA,NA,NA,36,186,NA,NA,NA,NA,NA,NA,NA,FALSE,"Post outbreak","Naive",NA,"Occupation; Sex; Age",TRUE,TRUE,NA,NA,NA,NA,NA,"Both","Unspecified","Unspecified",NA,NA,186,"Republic of Korea","Daejeon;  Seoul;  Gyeonggi-do",6,"5","2015","1","7","2015",NA,NA,NA,NA,FALSE,FALSE,NA,"Severity",NA,NA,NA
"e2003dc8e93a8427e898b9693c983b92","c64f3cd83ef650fd145922d26fc9baeb",1883,"MERS-CoV","Severity - case fatality rate (CFR)",62,0,"Percentage (%)",NA,NA,"Unspecified",NA,NA,NA,NA,NA,10,16,NA,NA,NA,NA,NA,NA,NA,FALSE,"Unspecified","Naive",NA,NA,FALSE,NA,NA,NA,NA,NA,NA,"Both","Community based","Persons with symptoms",19,84,16,"Saudi Arabia","tertiary care hospital",1,"7","2013","31","1","2015",NA,NA,NA,NA,FALSE,FALSE,NA,"Severity",NA,NA,NA
"e2003dc8e93a8427e898b9693c983b92","4bc94763a53edcefcbf92c67478445df",1883,"MERS-CoV","Human delay - other human delay (go to section)",21,0,"Days",NA,NA,"Mean",NA,NA,NA,NA,NA,NA,NA,NA,NA,NA,NA,NA,NA,NA,FALSE,"Unspecified",NA,NA,NA,FALSE,NA,NA,NA,NA,NA,NA,"Both","Community based","Persons with symptoms",19,84,16,"Saudi Arabia","tertiary care hospital",1,"7","2013","31","1","2015",NA,NA,"Symptom Onset while in Hospital","Recovery/non-Infectiousness",FALSE,FALSE,NA,"Human delay",NA,NA,NA
"e2003dc8e93a8427e898b9693c983b92","2e0f1de622df7915951710cc96a9036a",1883,"MERS-CoV","Severity - proportion of symptomatic cases",NA,0,NA,NA,NA,"Unspecified",NA,NA,NA,NA,NA,16,16,NA,NA,NA,NA,NA,NA,NA,FALSE,"Unspecified","Naive",NA,NA,FALSE,NA,NA,NA,NA,NA,NA,"Both","Community based","Persons with symptoms",19,84,16,"Saudi Arabia","tertiary care hospital",1,"7","2013","31","1","2015",NA,NA,NA,NA,FALSE,FALSE,NA,"Severity",NA,NA,NA
"ced6059fa941d36ef7f169a0cc5bbbdf","fd56f3e0c6ae44dde8fcf4a61f0cf5d2",1891,"MERS-CoV","Risk factors",NA,0,NA,NA,NA,"Unspecified",NA,NA,NA,NA,NA,NA,NA,NA,NA,NA,NA,NA,NA,NA,FALSE,"Post outbreak",NA,NA,NA,NA,NA,"Death (in general population)","Age,Comorbidity,Other",NA,"Significant","Adjusted","Both","Population based","Persons with symptoms",16,86,186,"Republic of Korea",NA,NA,"5","2015",NA,NA,"2015",NA,NA,NA,NA,FALSE,FALSE,NA,"Risk factors",NA,NA,NA
"ced6059fa941d36ef7f169a0cc5bbbdf","69046a10e95dca3143f8da3a6a10ec8e",1891,"MERS-CoV","Risk factors",NA,0,NA,NA,NA,"Unspecified",NA,NA,NA,NA,NA,NA,NA,NA,NA,NA,NA,NA,NA,NA,FALSE,"Post outbreak",NA,NA,NA,NA,NA,"Death (in general population)","Age,Comorbidity,Occupation,Other","Healthcare","Significant","Not adjusted","Both","Population based","Persons with symptoms",16,86,186,"Republic of Korea",NA,NA,"5","2015",NA,NA,"2015",NA,NA,NA,NA,FALSE,FALSE,NA,"Risk factors",NA,NA,NA
"ced6059fa941d36ef7f169a0cc5bbbdf","4d4f00658ff4498dfb013263231ddaef",1891,"MERS-CoV","Risk factors",NA,0,NA,NA,NA,"Unspecified",NA,NA,NA,NA,NA,NA,NA,NA,NA,NA,NA,NA,NA,NA,FALSE,"Post outbreak",NA,NA,NA,NA,NA,"Death (in general population)","Comorbidity,Sex,Other",NA,"Not significant","Not adjusted","Both","Population based","Persons with symptoms",16,86,186,"Republic of Korea",NA,NA,"5","2015",NA,NA,"2015",NA,NA,NA,NA,FALSE,FALSE,NA,"Risk factors",NA,NA,NA
"ced6059fa941d36ef7f169a0cc5bbbdf","dfa44622debd7db4d4948ef17bda421b",1891,"MERS-CoV","Human delay - symptom onset>death",14,0,"Days",NA,NA,"Median",NA,NA,NA,NA,NA,NA,NA,NA,NA,NA,NA,NA,NA,NA,FALSE,"Post outbreak",NA,NA,NA,FALSE,NA,NA,NA,NA,NA,NA,"Both","Population based","Persons with symptoms",49,86,33,"Republic of Korea",NA,NA,"5","2015",NA,NA,"2015",NA,NA,NA,NA,FALSE,FALSE,NA,"Human delay",NA,NA,NA
"ced6059fa941d36ef7f169a0cc5bbbdf","ee85de8f64f2f31e2bf32dc5fd0200dd",1891,"MERS-CoV","Human delay - symptom onset>discharge/recovery",21,0,"Days",NA,NA,"Median",NA,NA,NA,NA,NA,NA,NA,NA,NA,NA,NA,NA,NA,NA,FALSE,"Post outbreak",NA,NA,NA,FALSE,NA,NA,NA,NA,NA,NA,"Both","Population based","Persons with symptoms",17,86,153,"Republic of Korea",NA,NA,"5","2015",NA,NA,"2015",NA,NA,NA,NA,FALSE,FALSE,NA,"Human delay",NA,NA,NA
"ced6059fa941d36ef7f169a0cc5bbbdf","ad783e5349712937f0bd0f2f8dfc75d2",1891,"MERS-CoV","Human delay - other human delay (go to section)",17,0,"Days",NA,NA,"Median",NA,NA,NA,NA,NA,NA,NA,NA,NA,NA,NA,NA,NA,NA,FALSE,"Post outbreak",NA,NA,NA,FALSE,NA,NA,NA,NA,NA,NA,"Both","Population based","Persons with symptoms",17,86,153,"Republic of Korea",NA,NA,"5","2015",NA,NA,"2015",NA,NA,"Symptom Onset","Negative PCR Test (Sputum)",FALSE,FALSE,NA,"Human delay",NA,NA,NA
"ced6059fa941d36ef7f169a0cc5bbbdf","45d56d658a8994492cfad2242f8a5051",1891,"MERS-CoV","Human delay - other human delay (go to section)",6,0,"Days",NA,NA,"Median",NA,NA,NA,NA,NA,NA,NA,NA,NA,NA,NA,NA,NA,NA,FALSE,"Post outbreak",NA,NA,NA,FALSE,NA,NA,NA,NA,NA,NA,"Both","Population based","Persons with symptoms",NA,NA,139,"Republic of Korea",NA,NA,"5","2015",NA,NA,"2015",NA,NA,"symptom onset","initiation of antiviral treatment",FALSE,FALSE,NA,"Human delay",NA,NA,NA
"ced6059fa941d36ef7f169a0cc5bbbdf","0a3425469ed763e4d60f4f7ca0724491",1891,"MERS-CoV","Severity - proportion of asymptomatic cases",1.1,0,"Percentage (%)",NA,NA,"Unspecified",NA,NA,NA,NA,NA,2,186,NA,NA,NA,NA,NA,NA,NA,FALSE,"Post outbreak","Naive",NA,NA,FALSE,NA,NA,NA,NA,NA,NA,"Both","Population based","Persons with symptoms",16,86,186,"Republic of Korea",NA,NA,"5","2015",NA,NA,"2015",NA,NA,NA,NA,FALSE,FALSE,NA,"Severity",NA,NA,NA
"ced6059fa941d36ef7f169a0cc5bbbdf","01e32810dc488a172d297584127b408c",1891,"MERS-CoV","Severity - case fatality rate (CFR)",20.4,0,"Percentage (%)",NA,NA,"Unspecified",NA,NA,NA,NA,NA,38,186,NA,NA,NA,NA,NA,NA,NA,FALSE,"Post outbreak","Naive",NA,"Age; Occupation; Sex; Symptoms; Other",TRUE,FALSE,NA,NA,NA,NA,NA,"Both","Population based","Persons with symptoms",16,86,186,"Republic of Korea",NA,NA,"5","2015",NA,NA,"2015",NA,NA,NA,NA,FALSE,FALSE,NA,"Severity",NA,NA,NA
"53cf3d8a238487f98dde32f2da6344b5","b7fd3e0606e45276faa3f01da62c8b46",1904,"MERS-CoV","Reproduction number (Basic R0)",0.75,0,"No units",NA,NA,"Unspecified",NA,NA,0.54,1.09,"95% CI",NA,NA,"Negative-Binomial",0.75,"Mean",TRUE,0.14,NA,TRUE,FALSE,"Unspecified",NA,"Branching process",NA,FALSE,NA,NA,NA,NA,NA,NA,"Unspecified","Unspecified","Unspecified",NA,NA,36,"Algeria; Austria; China; Egypt; France; Germany; Greece; Iran (Islamic Republic of); Italy; Jordan; Kuwait; Lebanon; Malaysia; Netherlands; Oman; Philippines; Republic of Korea; Thailand; Tunisia; TÃ¼rkiye; United Kingdom of Great Britain and Northern Ireland; United States of America; Yemen","All countries with importation events;  excluding Saudi;  Qatar;  UAE",NA,NA,NA,NA,NA,NA,NA,NA,NA,NA,FALSE,FALSE,"Human-human","Reproduction number",NA,"95% CI","0.54 - 1.09"
"53cf3d8a238487f98dde32f2da6344b5","daec2f09f859a2af6df86342a6a3c288",1904,"MERS-CoV","Overdispersion",0.14,0,"No units",NA,NA,"Unspecified",NA,NA,0.06,0.32,"95% CI",NA,NA,"Negative-Binomial",0.75,"Mean",TRUE,0.14,NA,TRUE,FALSE,"Unspecified",NA,NA,NA,FALSE,NA,NA,NA,NA,NA,NA,"Unspecified","Unspecified","Unspecified",NA,NA,36,"Algeria; Austria; China; Egypt; France; Germany; Greece; Iran (Islamic Republic of); Italy; Jordan; Kuwait; Lebanon; Malaysia; Netherlands; Oman; Philippines; Republic of Korea; Thailand; Tunisia; TÃ¼rkiye; United Kingdom of Great Britain and Northern Ireland; United States of America; Yemen","All countries with importation events;  excluding Saudi;  Qatar;  UAE",NA,NA,NA,NA,NA,NA,NA,NA,NA,NA,FALSE,FALSE,NA,"Overdispersion",NA,"95% CI","0.06 - 0.32"
"53cf3d8a238487f98dde32f2da6344b5","d3de69e4239c1c0af88dd81804788600",1904,"MERS-CoV","Reproduction number (Basic R0)",0.81,0,"No units",NA,NA,"Unspecified",NA,NA,0.49,1.46,"95% CI",NA,NA,"Negative-Binomial",0.81,"Mean",TRUE,0.07,NA,TRUE,FALSE,"Unspecified",NA,"Branching process",NA,FALSE,NA,NA,NA,NA,NA,NA,"Unspecified","Unspecified","Unspecified",NA,NA,23,"Algeria; Austria; China; France; Germany; Greece; Italy; Malaysia; Netherlands; Philippines; Republic of Korea; Thailand; Tunisia; United Kingdom of Great Britain and Northern Ireland; United States of America","Subset of 15 countries. Table 1 says '23 countries';  error.",NA,NA,NA,NA,NA,NA,NA,NA,NA,NA,FALSE,FALSE,"Human-human","Reproduction number",NA,"95% CI","0.49 - 1.46"
"53cf3d8a238487f98dde32f2da6344b5","f85f593d9d9302de5ba6e63d373f5ffd",1904,"MERS-CoV","Overdispersion",0.07,0,"No units",NA,NA,"Unspecified",NA,NA,0.02,0.21,"95% CI",NA,NA,"Negative-Binomial",0.81,"Mean",TRUE,0.07,NA,TRUE,FALSE,"Unspecified",NA,NA,NA,FALSE,NA,NA,NA,NA,NA,NA,"Unspecified","Unspecified","Unspecified",NA,NA,23,"Algeria; Austria; China; France; Germany; Greece; Italy; Malaysia; Netherlands; Philippines; Republic of Korea; Thailand; Tunisia; United Kingdom of Great Britain and Northern Ireland; United States of America","Subset of 15 countries. Table 1 says '23 countries';  error.",NA,NA,NA,NA,NA,NA,NA,NA,NA,NA,FALSE,FALSE,NA,"Overdispersion",NA,"95% CI","0.02 - 0.21"
"8e872e884ef0550aa01eb9fa9df6a1c7","b8fe7bbcb10c868892c2a7bf05a55826",1925,"MERS-CoV","Secondary attack rate",23.1,0,"Percentage (%)",NA,NA,"Unspecified",NA,NA,NA,NA,NA,NA,NA,NA,NA,NA,NA,NA,NA,NA,FALSE,"Unspecified",NA,NA,NA,FALSE,NA,NA,NA,NA,NA,NA,"Both","Household based","Other",NA,NA,26,"Saudi Arabia","Al-Ahssa",20,"4","2015","23","6","2015",NA,NA,NA,NA,FALSE,FALSE,NA,"Other transmission parameters",NA,NA,NA
"8e872e884ef0550aa01eb9fa9df6a1c7","c7053e58a1413cfd94d801f17f507093",1925,"MERS-CoV","Severity - case fatality rate (CFR)",40.4,0,"Percentage (%)",NA,NA,"Unspecified",NA,NA,NA,NA,NA,21,52,NA,NA,NA,NA,NA,NA,NA,FALSE,"Unspecified","Naive",NA,NA,FALSE,NA,NA,NA,NA,NA,NA,"Both","Mixed settings","Mixed groups",NA,NA,52,"Saudi Arabia","Al-Ahssa",20,"4","2015","23","6","2015",NA,NA,NA,NA,FALSE,FALSE,NA,"Severity",NA,NA,NA
"8e872e884ef0550aa01eb9fa9df6a1c7","7d06958fbf75d4f60e8ab684715268bd",1925,"MERS-CoV","Severity - proportion of symptomatic cases",84.6,0,"Percentage (%)",NA,NA,"Unspecified",NA,NA,NA,NA,NA,44,52,NA,NA,NA,NA,NA,NA,NA,FALSE,"Unspecified","Naive",NA,NA,FALSE,NA,NA,NA,NA,NA,NA,"Both","Mixed settings","Mixed groups",NA,NA,52,"Saudi Arabia","Al-Ahssa",20,"4","2015","23","6","2015",NA,NA,NA,NA,FALSE,FALSE,NA,"Severity",NA,NA,NA
"8e872e884ef0550aa01eb9fa9df6a1c7","e398d42564eebc89fe64172ebe5fa43e",1925,"MERS-CoV","Human delay - incubation period",6,0,"Days",NA,NA,"Median",NA,NA,NA,NA,NA,NA,NA,NA,NA,NA,NA,NA,NA,NA,FALSE,"Unspecified",NA,NA,NA,FALSE,NA,NA,NA,NA,NA,NA,"Both","Mixed settings","Mixed groups",NA,NA,44,"Saudi Arabia","Al-Ahssa",20,"4","2015","23","6","2015",NA,NA,NA,NA,FALSE,FALSE,NA,"Human delay",NA,NA,NA
"8e872e884ef0550aa01eb9fa9df6a1c7","b163baad64d832aec172fb19990f68c9",1925,"MERS-CoV","Severity - proportion of asymptomatic cases",15.4,0,"Percentage (%)",NA,NA,"Unspecified",NA,NA,NA,NA,NA,8,52,NA,NA,NA,NA,NA,NA,NA,FALSE,"Unspecified","Naive",NA,NA,FALSE,NA,NA,NA,NA,NA,NA,"Both","Mixed settings","Mixed groups",NA,NA,52,"Saudi Arabia","Al-Ahssa",20,"4","2015","23","6","2015",NA,NA,NA,NA,FALSE,FALSE,NA,"Severity",NA,NA,NA
"f95f807b8eab608b133d3ab61b0a672a","f5b209c006b786bf88bc1fa8be31b465",1933,"MERS-CoV","Human delay - symptom onset>admission to care",4.6,0,"Days",NA,NA,"Mean",NA,NA,NA,NA,NA,NA,NA,NA,NA,NA,NA,NA,NA,NA,TRUE,"Mid outbreak",NA,NA,NA,FALSE,NA,NA,NA,NA,NA,NA,"Unspecified","Hospital based","Persons under investigation",NA,NA,NA,"Jordan; Kuwait; Oman; Qatar; Saudi Arabia; United Arab Emirates; Yemen","Middle East",NA,"3","2012",NA,"9","2014",NA,NA,NA,NA,FALSE,FALSE,NA,"Human delay",NA,NA,NA
"f95f807b8eab608b133d3ab61b0a672a","76b3e116e23141e85f4bd72e555ade0d",1933,"MERS-CoV","Human delay - other human delay (go to section)",10.5,0,"Days",NA,NA,"Mean",NA,NA,NA,NA,NA,NA,NA,NA,NA,NA,NA,NA,NA,NA,TRUE,"Unspecified",NA,NA,NA,FALSE,NA,NA,NA,NA,NA,NA,"Unspecified","Hospital based","Persons under investigation",NA,NA,NA,"Jordan; Kuwait; Oman; Qatar; Saudi Arabia; United Arab Emirates; Yemen","Middle East",NA,"3","2012",NA,"9","2014",NA,NA,"Symptom onset","Notification to WHO",FALSE,FALSE,NA,"Human delay",NA,NA,NA
"f95f807b8eab608b133d3ab61b0a672a","d98f7176f0d7c8ac25721bfa8c58d65b",1933,"MERS-CoV","Reproduction number (Effective, Re)",NA,0,"No units",0.26,2.3,"Mean",NA,NA,NA,NA,NA,NA,NA,NA,NA,NA,NA,NA,NA,NA,FALSE,"Mid outbreak",NA,"Branching process",NA,NA,NA,NA,NA,NA,NA,NA,"Unspecified","Hospital based","Persons under investigation",NA,NA,NA,"Saudi Arabia",NA,NA,"3","2012",NA,"9","2014",NA,NA,NA,NA,FALSE,FALSE,"Unspecified","Reproduction number","0.26 - 2.3",NA,NA
"f95f807b8eab608b133d3ab61b0a672a","b66c23e5083e36fac7d6d72dd56f8a6c",1933,"MERS-CoV","Relative contribution - human to human",75,0,"Percentage (%)",52,89,"Unspecified",NA,NA,NA,NA,NA,NA,NA,NA,NA,NA,NA,NA,NA,NA,FALSE,"Unspecified",NA,NA,"Region; Time",TRUE,FALSE,NA,NA,NA,NA,NA,"Unspecified","Hospital based","Persons under investigation",NA,NA,NA,"Jordan; Kuwait; Oman; Qatar; Saudi Arabia; United Arab Emirates; Yemen","Middle East",NA,"3","2012",NA,"9","2014",NA,NA,NA,NA,FALSE,FALSE,NA,"Relative contribution","52 - 89",NA,NA
"f3fd61e72b4f698bebd1861eb8a54cac","24ef0588fb0462b6574b9ba786ce9870",1943,"MERS-CoV","Severity - case fatality rate (CFR)",NA,0,"Percentage (%)",1.8,48.4,"Maximum likelihood",NA,NA,NA,NA,NA,NA,NA,NA,NA,NA,NA,NA,NA,NA,NA,NA,NA,NA,"Age; Time; Other",TRUE,TRUE,NA,NA,NA,NA,NA,"Both","Hospital based","Persons under investigation",NA,NA,185,"Republic of Korea",NA,NA,"5","2015",NA,"7","2015",NA,NA,NA,NA,FALSE,FALSE,NA,"Severity","1.8 - 48.4",NA,NA
"f3fd61e72b4f698bebd1861eb8a54cac","96f69535e4dea0dc3ee640bd206eafec",1943,"MERS-CoV","Risk factors",NA,0,NA,NA,NA,"Unspecified",NA,NA,NA,NA,NA,NA,NA,NA,NA,NA,NA,NA,NA,NA,FALSE,NA,NA,NA,NA,FALSE,NA,"Death (in general population)","Age,Other",NA,"Significant","Not adjusted","Both","Hospital based","Persons under investigation",NA,NA,185,"Republic of Korea",NA,NA,"5","2015",NA,"7","2015",NA,NA,NA,NA,FALSE,FALSE,NA,"Risk factors",NA,NA,NA
"f3fd61e72b4f698bebd1861eb8a54cac","425c3e0737c487ae90574232cd6c08fc",1943,"MERS-CoV","Risk factors",NA,0,NA,NA,NA,"Unspecified",NA,NA,NA,NA,NA,NA,NA,NA,NA,NA,NA,NA,NA,NA,FALSE,NA,NA,NA,NA,FALSE,NA,"Death (in general population)","Sex",NA,"Not significant","Not adjusted","Both","Hospital based","Persons under investigation",NA,NA,185,"Republic of Korea",NA,NA,"5","2015",NA,"7","2015",NA,NA,NA,NA,FALSE,FALSE,NA,"Risk factors",NA,NA,NA
"f3fd61e72b4f698bebd1861eb8a54cac","53a1659c7929b7bbb6332c6024add6c0",1943,"MERS-CoV","Risk factors",NA,0,NA,NA,NA,"Unspecified",NA,NA,NA,NA,NA,NA,NA,NA,NA,NA,NA,NA,NA,NA,NA,NA,NA,NA,NA,NA,NA,"Death (in general population)","Age,Other",NA,"Unspecified","Adjusted","Both","Hospital based","Persons under investigation",NA,NA,185,"Republic of Korea",NA,NA,"5","2015",NA,"7","2015",NA,NA,NA,NA,FALSE,FALSE,NA,"Risk factors",NA,NA,NA
"f3fd61e72b4f698bebd1861eb8a54cac","116756d3881a7113fc896bcb88ea8144",1943,"MERS-CoV","Human delay - symptom onset>death",14.6,0,"Days",NA,NA,"Mean",NA,NA,11.5,19.5,"95% CI",NA,NA,NA,NA,NA,NA,NA,NA,NA,FALSE,NA,NA,NA,NA,FALSE,NA,NA,NA,NA,NA,NA,"Both","Hospital based","Persons under investigation",NA,NA,185,"Republic of Korea",NA,NA,"5","2015",NA,"7","2015",NA,NA,NA,NA,FALSE,FALSE,NA,"Human delay",NA,"95% CI","11.5 - 19.5"
"3cf1fadded34daa317924ca03ca03995","fe2b23570d37786eee61e6fedab9b8b3",1947,"MERS-CoV","Human delay - other human delay (go to section)",13,0,"Days",NA,NA,"Median",NA,NA,NA,NA,NA,NA,NA,NA,NA,NA,NA,NA,NA,NA,FALSE,"Mid outbreak",NA,NA,NA,FALSE,NA,NA,NA,NA,NA,NA,"Unspecified","Hospital based","Persons under investigation",NA,NA,NA,"Republic of Korea",NA,NA,"5","2015",NA,"7","2015",NA,NA,"Isolation","Discharge from Care/Hospital",FALSE,FALSE,NA,"Human delay",NA,NA,NA
"ad778ae30d25686678a4eec4a7d167b2","3551d45c4d3887a79e5fe10c488898d5",1958,"MERS-CoV","Reproduction number (Basic R0)",4.42,0,"No units",NA,NA,"Unspecified",NA,NA,NA,NA,NA,NA,NA,NA,NA,NA,NA,NA,NA,NA,FALSE,"Start outbreak",NA,"Compartmental model",NA,FALSE,NA,NA,NA,NA,NA,NA,"Unspecified","Hospital based","Persons under investigation",NA,NA,NA,"Republic of Korea",NA,20,"5","2015","8","6","2015",NA,NA,NA,NA,FALSE,FALSE,"Human-human","Reproduction number",NA,NA,NA
"ad778ae30d25686678a4eec4a7d167b2","cb101887fff457f57ed754f245717bf9",1958,"MERS-CoV","Reproduction number (Basic R0)",0.385,0,"No units",NA,NA,"Unspecified",NA,NA,NA,NA,NA,NA,NA,NA,NA,NA,NA,NA,NA,NA,FALSE,"End outbreak",NA,"Compartmental model","Method",TRUE,FALSE,NA,NA,NA,NA,NA,"Unspecified","Hospital based","Persons under investigation",NA,NA,NA,"Republic of Korea",NA,9,"6","2015","10","7","2015",NA,NA,NA,NA,FALSE,FALSE,"Human-human","Reproduction number",NA,NA,NA
"4fec34a004f4791bf06b0b8be973b291","ca561c86bf1a822585fbf5e7e32534e5",1959,"MERS-CoV","Human delay - incubation period",7,0,"Days",NA,NA,"Median",NA,NA,NA,NA,NA,NA,NA,NA,NA,NA,NA,NA,NA,NA,FALSE,"Unspecified",NA,NA,"Other",TRUE,NA,NA,NA,NA,NA,NA,"Both","Hospital based","Persons under investigation",35,79,17,"Republic of Korea","Seoul",NA,NA,"2015",NA,NA,"2015",NA,NA,NA,NA,FALSE,FALSE,NA,"Human delay",NA,NA,NA
"4fec34a004f4791bf06b0b8be973b291","b74a702d4bdaa4d0cdf753de580e6116",1959,"MERS-CoV","Human delay - other human delay (go to section)",5,0,"Days",NA,NA,"Median",NA,NA,NA,NA,NA,NA,NA,NA,NA,NA,NA,NA,NA,NA,FALSE,"Unspecified",NA,NA,NA,NA,NA,NA,NA,NA,NA,NA,"Both","Hospital based","Persons under investigation",35,79,17,"Republic of Korea","Seoul",NA,NA,"2015",NA,NA,"2015",NA,NA,"Symptom onset","Isolation unit",FALSE,FALSE,NA,"Human delay",NA,NA,NA
"4fec34a004f4791bf06b0b8be973b291","ae95c15ceabac0991d863f524163f377",1959,"MERS-CoV","Human delay - symptom onset>discharge/recovery",21,0,"Days",NA,NA,"Median",NA,NA,NA,NA,NA,NA,NA,NA,NA,NA,NA,NA,NA,NA,FALSE,"Unspecified",NA,NA,NA,FALSE,NA,NA,NA,NA,NA,NA,"Both","Hospital based","Persons under investigation",35,79,17,"Republic of Korea","Seoul",NA,NA,"2015",NA,NA,"2015",NA,NA,NA,NA,FALSE,FALSE,NA,"Human delay",NA,NA,NA
"4fec34a004f4791bf06b0b8be973b291","a522ecdf93696641c5d1e96aa14bd074",1959,"MERS-CoV","Risk factors",NA,0,NA,NA,NA,"Unspecified",NA,NA,NA,NA,NA,NA,NA,NA,NA,NA,NA,NA,NA,NA,FALSE,"Unspecified",NA,NA,NA,FALSE,NA,"Severe disease (in general population)","Other",NA,"Significant","Not adjusted","Both","Hospital based","Persons under investigation",35,79,17,"Republic of Korea","Seoul",NA,NA,"2015",NA,NA,"2015",NA,NA,NA,NA,FALSE,FALSE,NA,"Risk factors",NA,NA,NA
"4fec34a004f4791bf06b0b8be973b291","b4198ebd71cb690599e8ec422894ffcd",1959,"MERS-CoV","Human delay - other human delay (go to section)",8,0,"Days",NA,NA,"Median",NA,NA,NA,NA,NA,NA,NA,NA,NA,NA,NA,NA,NA,NA,FALSE,"Unspecified",NA,NA,NA,FALSE,NA,NA,NA,NA,NA,NA,"Both","Hospital based","Persons under investigation",35,79,9,"Republic of Korea","Seoul",NA,NA,"2015",NA,NA,"2015",NA,NA,"Symptom onset","Oxygen supplementation",FALSE,FALSE,NA,"Human delay",NA,NA,NA
"4fec34a004f4791bf06b0b8be973b291","1576f0c5df4465a7c175d23f4d342752",1959,"MERS-CoV","Human delay - other human delay (go to section)",11,0,"Days",NA,NA,"Median",NA,NA,NA,NA,NA,NA,NA,NA,NA,NA,NA,NA,NA,NA,FALSE,"Unspecified",NA,NA,NA,FALSE,NA,NA,NA,NA,NA,NA,"Both","Hospital based","Persons under investigation",35,79,5,"Republic of Korea","Seoul",NA,NA,"2015",NA,NA,"2015",NA,NA,"Symptom onset","Ventilation support",FALSE,FALSE,NA,"Human delay",NA,NA,NA
"63f730308a47bcb876fa345fd6bfdaa7","c25c11f46fb9eca73f8171af9ac5bacb",1963,"MERS-CoV","Severity - case fatality rate (CFR)",43,0,"Percentage (%)",NA,NA,"Unspecified",NA,NA,NA,NA,NA,NA,143,NA,NA,NA,NA,NA,NA,NA,FALSE,"Unspecified","Unspecified",NA,NA,FALSE,NA,NA,NA,NA,NA,NA,"Both","Mixed settings","Persons under investigation",2,99,143,"Saudi Arabia",NA,1,"7","2015","31","8","2015",NA,NA,NA,NA,FALSE,FALSE,NA,"Severity",NA,NA,NA
"605edd77b6e3d74081ff239ff8760201","74147abd8645404db1ed9f6ae0c13c60",1973,"MERS-CoV","Human delay - symptom onset>death",NA,0,NA,NA,NA,"Unspecified",NA,NA,NA,NA,NA,NA,NA,NA,NA,NA,NA,NA,NA,NA,NA,"Mid outbreak",NA,NA,NA,FALSE,NA,NA,NA,NA,NA,NA,"Both","Hospital based","Persons under investigation",NA,NA,6,"Republic of Korea","Pyeongtaek",11,"5","2015","24","6","2015",NA,NA,NA,NA,FALSE,FALSE,NA,"Human delay",NA,NA,NA
"605edd77b6e3d74081ff239ff8760201","96bf1c3f1bee06e7bba2a83157f33ecb",1973,"MERS-CoV","Severity - case fatality rate (CFR)",16.2,0,"Percentage (%)",NA,NA,"Unspecified",NA,NA,NA,NA,NA,6,37,NA,NA,NA,NA,NA,NA,NA,FALSE,"Mid outbreak","Unspecified",NA,NA,FALSE,NA,NA,NA,NA,NA,NA,"Both","Hospital based","Persons under investigation",24,79,37,"Republic of Korea","Pyeongtaek",11,"5","2015","24","6","2015",NA,NA,NA,NA,FALSE,FALSE,NA,"Severity",NA,NA,NA
"605edd77b6e3d74081ff239ff8760201","5f0e314ebc5635c7d7736442cbb0dd8b",1973,"MERS-CoV","Human delay - incubation period",6,0,"Days",NA,NA,"Median",NA,NA,4,7,"95% CI",NA,NA,NA,NA,NA,NA,NA,NA,NA,FALSE,"Mid outbreak",NA,NA,NA,FALSE,NA,NA,NA,NA,NA,NA,"Both","Hospital based","Persons under investigation",24,79,36,"Republic of Korea","Pyeongtaek",11,"5","2015","24","6","2015",NA,NA,NA,NA,FALSE,FALSE,NA,"Human delay",NA,"95% CI","4 - 7"
"605edd77b6e3d74081ff239ff8760201","e6e2f6c8815a03bc702ae7946faccdbd",1973,"MERS-CoV","Human delay - incubation period",4,0,"Days",NA,NA,"Median",NA,NA,4,6,"95% CI",NA,NA,NA,NA,NA,NA,NA,NA,NA,FALSE,"Mid outbreak",NA,NA,NA,FALSE,NA,NA,NA,NA,NA,NA,"Both","Hospital based","Persons under investigation",NA,NA,25,"Republic of Korea","Pyeongtaek",11,"5","2015","24","6","2015",NA,NA,NA,NA,FALSE,FALSE,NA,"Human delay",NA,"95% CI","4 - 6"
"605edd77b6e3d74081ff239ff8760201","05bd1f0d788e6c1d381898af2836e3aa",1973,"MERS-CoV","Human delay - incubation period",6,0,"Days",NA,NA,"Median",NA,NA,6,8,"95% CI",NA,NA,NA,NA,NA,NA,NA,NA,NA,FALSE,"Mid outbreak",NA,NA,NA,FALSE,NA,NA,NA,NA,NA,NA,"Both","Hospital based","Persons under investigation",NA,NA,11,"Republic of Korea","Pyeongtaek",11,"5","2015","24","6","2015",NA,NA,NA,NA,FALSE,FALSE,NA,"Human delay",NA,"95% CI","6 - 8"
"605edd77b6e3d74081ff239ff8760201","b2cdbbd1028e91765bc9427e019a11dd",1973,"MERS-CoV","Human delay - other human delay (go to section)",6.5,0,"Days",NA,NA,"Median",NA,NA,4,9,"95% CI",NA,NA,NA,NA,NA,NA,NA,NA,NA,FALSE,"Mid outbreak",NA,NA,NA,NA,NA,NA,NA,NA,NA,NA,"Both","Hospital based","Persons under investigation",24,79,37,"Republic of Korea","Pyeongtaek",11,"5","2015","24","6","2015",NA,NA,"Symptom onset","Diagnosis/test result",FALSE,FALSE,NA,"Human delay",NA,"95% CI","4 - 9"
"605edd77b6e3d74081ff239ff8760201","578403c719c8a3b16e685cbe746dcd03",1973,"MERS-CoV","Human delay - other human delay (go to section)",9,0,"Days",NA,NA,"Median",NA,NA,8,11,"95% CI",NA,NA,NA,NA,NA,NA,NA,NA,NA,FALSE,"Mid outbreak",NA,NA,NA,NA,NA,NA,NA,NA,NA,NA,"Both","Hospital based","Persons under investigation",NA,NA,25,"Republic of Korea","Pyeongtaek",11,"5","2015","24","6","2015",NA,NA,"Symptom onset","Diagnosis/test result",FALSE,FALSE,NA,"Human delay",NA,"95% CI","8 - 11"
"605edd77b6e3d74081ff239ff8760201","a6d60b82c7698ed38a0eec85a2866d49",1973,"MERS-CoV","Human delay - other human delay (go to section)",4,0,"Days",NA,NA,"Median",NA,NA,3,6,"95% CI",NA,NA,NA,NA,NA,NA,NA,NA,NA,FALSE,"Mid outbreak",NA,NA,NA,NA,NA,NA,NA,NA,NA,NA,"Both","Hospital based","Persons under investigation",NA,NA,11,"Republic of Korea","Pyeongtaek",11,"5","2015","24","6","2015",NA,NA,"Symptom onset","Diagnosis/test result",FALSE,FALSE,NA,"Human delay",NA,"95% CI","3 - 6"
"8b087e03e708ef6229feca4c781a228e","cebe5c940f610472f6c354010f85c084",1981,"MERS-CoV","Human delay - time in care (length of stay)",47,0,"Days",NA,NA,"Median",NA,NA,NA,NA,NA,NA,NA,NA,NA,NA,NA,NA,NA,NA,FALSE,"Unspecified",NA,NA,NA,NA,NA,NA,NA,NA,NA,NA,"Both","Hospital based","Persons with symptoms",NA,NA,18,"Saudi Arabia",NA,NA,"4","2014",NA,"12","2015",NA,NA,NA,NA,FALSE,FALSE,NA,"Human delay",NA,NA,NA
"8b087e03e708ef6229feca4c781a228e","a823243d8cf1bc67ac63631a9178eea9",1981,"MERS-CoV","Human delay - other human delay (go to section)",7,0,"Days",NA,NA,"Median",NA,NA,NA,NA,NA,NA,NA,NA,NA,NA,NA,NA,NA,NA,FALSE,"Unspecified",NA,NA,NA,NA,NA,NA,NA,NA,NA,NA,"Both","Hospital based","Persons with symptoms",NA,NA,18,"Saudi Arabia",NA,NA,"4","2014",NA,"12","2015",NA,NA,"ICU admission","Discharge from Critical Care/ICU",FALSE,FALSE,NA,"Human delay",NA,NA,NA
"8b087e03e708ef6229feca4c781a228e","cd624f08bc91794f1db609ac98e969e3",1981,"MERS-CoV","Human delay - time in care (length of stay)",25,0,"Days",NA,NA,"Median",NA,NA,NA,NA,NA,NA,NA,NA,NA,NA,NA,NA,NA,NA,FALSE,"Unspecified",NA,NA,NA,NA,NA,NA,NA,NA,NA,NA,"Both","Hospital based","Persons with symptoms",NA,NA,17,"Saudi Arabia",NA,NA,"4","2014",NA,"12","2015",NA,NA,NA,NA,FALSE,FALSE,NA,"Human delay",NA,NA,NA
"8b087e03e708ef6229feca4c781a228e","4c3487eded31182d8bdf17ba25179caf",1981,"MERS-CoV","Human delay - other human delay (go to section)",22.5,0,"Days",NA,NA,"Median",NA,NA,NA,NA,NA,NA,NA,NA,NA,NA,NA,NA,NA,NA,FALSE,"Unspecified",NA,NA,NA,NA,NA,NA,NA,NA,NA,NA,"Both","Hospital based","Persons with symptoms",NA,NA,17,"Saudi Arabia",NA,NA,"4","2014",NA,"12","2015",NA,NA,"ICU admission","Discharge from Critical Care/ICU",FALSE,FALSE,NA,"Human delay",NA,NA,NA
"8b087e03e708ef6229feca4c781a228e","c238d13696d1fd2782b9d19edfbc3b14",1981,"MERS-CoV","Severity - case fatality rate (CFR)",64.7,0,"Percentage (%)",NA,NA,"Unspecified",NA,NA,NA,NA,NA,11,17,NA,NA,NA,NA,NA,NA,NA,FALSE,"Unspecified","Unspecified",NA,NA,NA,NA,NA,NA,NA,NA,NA,"Both","Hospital based","Persons with symptoms",NA,NA,17,"Saudi Arabia",NA,NA,"4","2014",NA,"12","2015",NA,NA,NA,NA,FALSE,FALSE,NA,"Severity",NA,NA,NA
"8b087e03e708ef6229feca4c781a228e","3fc1144882c3760e14d557bfc121e6b5",1981,"MERS-CoV","Severity - case fatality rate (CFR)",100,0,"Percentage (%)",NA,NA,"Unspecified",NA,NA,NA,NA,NA,18,18,NA,NA,NA,NA,NA,NA,NA,FALSE,"Unspecified","Unspecified",NA,NA,NA,NA,NA,NA,NA,NA,NA,"Both","Hospital based","Persons with symptoms",NA,NA,18,"Saudi Arabia",NA,NA,"4","2014",NA,"12","2015",NA,NA,NA,NA,FALSE,FALSE,NA,"Severity",NA,NA,NA
"8b087e03e708ef6229feca4c781a228e","1bce0ff8ad7cbac2e97e2599662cc0c3",1981,"MERS-CoV","Risk factors",NA,0,NA,NA,NA,"Unspecified",NA,NA,NA,NA,NA,NA,NA,NA,NA,NA,NA,NA,NA,NA,FALSE,"Unspecified",NA,NA,NA,NA,NA,"Death (in general population)","Other",NA,"Significant","Not adjusted","Both","Hospital based","Persons with symptoms",NA,NA,35,"Saudi Arabia",NA,NA,"4","2014",NA,"12","2015",NA,NA,NA,NA,FALSE,FALSE,NA,"Risk factors",NA,NA,NA
"d3b9867670dfb4daef28ae7f29254af4","a8b76db4a490fb056fb4ffcc29ec7d5e",1985,"MERS-CoV","Severity - proportion of symptomatic cases",80,0,"Percentage (%)",NA,NA,"Unspecified",NA,NA,NA,NA,NA,NA,NA,NA,NA,NA,NA,NA,NA,NA,NA,"Unspecified",NA,NA,NA,NA,NA,NA,NA,NA,NA,NA,NA,"Hospital based","Persons under investigation",NA,NA,81,"Saudi Arabia","Riyadh",1,"4","2014","30","9","2015",NA,NA,NA,NA,FALSE,FALSE,NA,"Severity",NA,NA,NA
"d3b9867670dfb4daef28ae7f29254af4","a35495b3b483c75741c3a08000a48714",1985,"MERS-CoV","Severity - case fatality rate (CFR)",10,0,"Percentage (%)",NA,NA,"Unspecified",NA,NA,NA,NA,NA,NA,NA,NA,NA,NA,NA,NA,NA,NA,NA,"Unspecified",NA,NA,NA,NA,NA,NA,NA,NA,NA,NA,NA,"Hospital based","Persons under investigation",NA,NA,81,"Saudi Arabia","Riyadh",1,"4","2014","30","9","2015",NA,NA,NA,NA,FALSE,FALSE,NA,"Severity",NA,NA,NA
"d3b9867670dfb4daef28ae7f29254af4","65d845c04ac74ef71f7508c2ddf5f126",1985,"MERS-CoV","Risk factors",NA,0,NA,NA,NA,"Unspecified",NA,NA,NA,NA,NA,NA,NA,NA,NA,NA,NA,NA,NA,NA,FALSE,"Unspecified",NA,NA,NA,FALSE,NA,"Infection","Other",NA,"Significant","Unspecified","Both","Hospital based","Persons under investigation",NA,NA,81,"Saudi Arabia","Prince Mohammed bin Abdulaziz Hospital Emergency Department;  Riyadh",1,"4","2014","30","9","2015",NA,NA,NA,NA,FALSE,FALSE,NA,"Risk factors",NA,NA,NA
"d3b9867670dfb4daef28ae7f29254af4","4bafa1798af0ac1c22334024cf901f06",1985,"MERS-CoV","Risk factors",NA,0,NA,NA,NA,"Unspecified",NA,NA,NA,NA,NA,NA,NA,NA,NA,NA,NA,NA,NA,NA,FALSE,"Unspecified",NA,NA,NA,FALSE,NA,"Infection","Occupation,Other",NA,"Not significant","Unspecified","Both","Hospital based","Persons under investigation",NA,NA,81,"Saudi Arabia","Prince Mohammed bin Abdulaziz Hospital Emergency Department;  Riyadh",1,"4","2014","30","9","2015",NA,NA,NA,NA,FALSE,FALSE,NA,"Risk factors",NA,NA,NA
"30fd568e555649e97f38786ac83c191f","dc02056d8ef8ddefd0dfb899cd062970",2007,"MERS-CoV","Reproduction number (Effective, Re)",NA,0,NA,0,1.9,"Unspecified",NA,NA,NA,NA,NA,NA,NA,NA,NA,NA,NA,NA,NA,NA,FALSE,"Unspecified",NA,"Branching process","Disease generation",TRUE,FALSE,NA,NA,NA,NA,NA,"Unspecified","Population based","General population",NA,NA,681,"Saudi Arabia",NA,1,"1","2013","31","7","2014",NA,NA,NA,NA,FALSE,FALSE,"Human-human","Reproduction number","0 - 1.9",NA,NA
"30fd568e555649e97f38786ac83c191f","fae6c59a98968b372f38bf23b8060468",2007,"MERS-CoV","Human delay - serial interval",6.8,0,"Days",NA,NA,"Mean",NA,NA,6,7.8,"95% CI",NA,NA,NA,NA,NA,NA,NA,NA,NA,FALSE,"Unspecified",NA,NA,NA,FALSE,NA,NA,NA,NA,NA,NA,"Unspecified","Unspecified","General population",NA,NA,681,"Saudi Arabia",NA,1,"1","2013","31","7","2014",NA,NA,NA,NA,FALSE,FALSE,NA,"Human delay",NA,"95% CI","6 - 7.8"
"30fd568e555649e97f38786ac83c191f","ec0ecc074442e48caa5dd9b6970bab97",2007,"MERS-CoV","Relative contribution - zoonotic to human",12,0,"Percentage (%)",NA,NA,"Unspecified",NA,NA,9,15,"95% CI",NA,NA,NA,NA,NA,NA,NA,NA,NA,FALSE,"Unspecified",NA,NA,NA,FALSE,NA,NA,NA,NA,NA,NA,"Unspecified","Unspecified","General population",NA,NA,681,"Saudi Arabia",NA,1,"1","2013","31","7","2014",NA,NA,NA,NA,FALSE,FALSE,NA,"Relative contribution",NA,"95% CI","9 - 15"
"30fd568e555649e97f38786ac83c191f","1b3c18ebe21a86ef1c6214aaf13ac6d7",2007,"MERS-CoV","Relative contribution - human to human",88,0,"Percentage (%)",NA,NA,"Unspecified",NA,NA,NA,NA,NA,NA,NA,NA,NA,NA,NA,NA,NA,NA,FALSE,"Unspecified",NA,NA,NA,NA,NA,NA,NA,NA,NA,NA,"Unspecified","Unspecified","General population",NA,NA,681,"Saudi Arabia",NA,1,"1","2013","31","7","2014",NA,NA,NA,NA,FALSE,FALSE,NA,"Relative contribution",NA,NA,NA
"eb7146df197333cdc091b0e015f21cf2","d5ca8b596df6b857ea8706eb737445b1",2011,"MERS-CoV","Severity - case fatality rate (CFR)",20,0,"Percentage (%)",NA,NA,"Maximum likelihood",NA,NA,14.6,26.2,"95% CI",NA,NA,NA,NA,NA,NA,NA,NA,NA,FALSE,"Unspecified","Adjusted",NA,"Age; Time",TRUE,FALSE,NA,NA,NA,NA,NA,"Unspecified","Unspecified","Unspecified",NA,NA,185,"Republic of Korea",NA,NA,"5","2015","31","7","2015",NA,NA,NA,NA,FALSE,FALSE,NA,"Severity",NA,"95% CI","14.6 - 26.2"
"eb7146df197333cdc091b0e015f21cf2","8ebe52a62449ba6ae97ded9ab703a2db",2011,"MERS-CoV","Severity - case fatality rate (CFR)",39.5,0,"Percentage (%)",NA,NA,"Maximum likelihood",NA,NA,28.9,51,"95% CI",NA,NA,NA,NA,NA,NA,NA,NA,NA,FALSE,"Unspecified","Adjusted",NA,NA,NA,NA,NA,NA,NA,NA,NA,"Unspecified","Population based","General population",60,NA,NA,"Republic of Korea",NA,NA,"5","2015","31","7","2015",NA,NA,NA,NA,FALSE,FALSE,NA,"Severity",NA,"95% CI","28.9 - 51"
"eb7146df197333cdc091b0e015f21cf2","55dbdd77c222f49ac632053d5cdf9409",2011,"MERS-CoV","Severity - case fatality rate (CFR)",6.6,0,"Percentage (%)",NA,NA,"Maximum likelihood",NA,NA,2.9,12.4,"95% CI",NA,NA,NA,NA,NA,NA,NA,NA,NA,FALSE,"Unspecified","Adjusted",NA,NA,NA,NA,NA,NA,NA,NA,NA,"Unspecified","Population based","General population",0,59,NA,"Republic of Korea",NA,NA,"5","2015","31","7","2015",NA,NA,NA,NA,FALSE,FALSE,NA,"Severity",NA,"95% CI","2.9 - 12.4"
"83a1557cb35ed4415b73ea03adfa397f","a1df5a60cb94f4f095c0f8f134e3f329",2020,"MERS-CoV","Human delay - incubation period",8.19,0,"Days",NA,NA,"Mean",NA,NA,5.49,11.66,"95% CI",NA,NA,NA,NA,NA,NA,NA,NA,NA,FALSE,"Unspecified",NA,NA,NA,FALSE,NA,NA,NA,NA,NA,NA,"Unspecified","Hospital based","General population",NA,NA,186,"Republic of Korea",NA,11,"5","2015",NA,NA,"2015",NA,NA,NA,NA,FALSE,FALSE,NA,"Human delay",NA,"95% CI","5.49 - 11.66"
"83a1557cb35ed4415b73ea03adfa397f","26a76e99e0db57dfa939cc7f13dbfdc8",2020,"MERS-CoV","Human delay - other human delay (go to section)",9.26,0,"Days",NA,NA,"Unspecified",NA,NA,4.25,18.03,"95% CI",NA,NA,NA,NA,NA,NA,NA,NA,NA,FALSE,"Unspecified",NA,NA,NA,FALSE,NA,NA,NA,NA,NA,NA,"Unspecified","Hospital based","General population",NA,NA,186,"Republic of Korea",NA,11,"5","2015","28","5","2015",NA,NA,"Symptom Onset","Diagnosis/test result",FALSE,FALSE,NA,"Human delay",NA,"95% CI","4.25 - 18.03"
"83a1557cb35ed4415b73ea03adfa397f","8ee7bce45d49ca9d3ed3e7f57bd2b1e2",2020,"MERS-CoV","Human delay - other human delay (go to section)",4.05,0,"Days",NA,NA,"Unspecified",NA,NA,1.8,6.93,"95% CI",NA,NA,NA,NA,NA,NA,NA,NA,NA,FALSE,"Unspecified",NA,NA,NA,FALSE,NA,NA,NA,NA,NA,NA,"Unspecified","Hospital based","General population",NA,NA,186,"Republic of Korea",NA,28,"5","2015",NA,NA,NA,NA,NA,"Symptom Onset","Diagnosis/test result",FALSE,FALSE,NA,"Human delay",NA,"95% CI","1.8 - 6.93"
"83a1557cb35ed4415b73ea03adfa397f","361d254d1cfc361854a23d7e09cc60e7",2020,"MERS-CoV","Human delay - serial interval",12.62,0,"Days",NA,NA,"Mean",4.37,"Posterior standard deviation (Sd)",7.27492838068478,9.44450994719341,NA,NA,NA,"Gamma",8.33,"Shape",NA,0.66,NA,NA,FALSE,"Unspecified",NA,NA,NA,FALSE,NA,NA,NA,NA,NA,NA,"Unspecified","Hospital based","General population",NA,NA,186,"Republic of Korea",NA,11,"5","2015",NA,NA,NA,NA,NA,NA,NA,FALSE,FALSE,NA,"Human delay",NA,"Posterior standard deviation (Sd)","4.37"
"83a1557cb35ed4415b73ea03adfa397f","23deb27b4797ae8bbf087527b489f4ee",2020,"MERS-CoV","Reproduction number (Effective, Re)",NA,0,"No units",6.23,6.38,"Median",NA,NA,NA,NA,NA,NA,NA,NA,NA,NA,NA,NA,NA,NA,FALSE,"Mid outbreak",NA,"Branching process","Disease generation",TRUE,TRUE,NA,NA,NA,NA,NA,"Unspecified","Hospital based","General population",NA,NA,186,"Republic of Korea",NA,2,"6","2015","2","6","2015",NA,NA,NA,NA,FALSE,FALSE,"Human-human","Reproduction number","6.23 - 6.38",NA,NA
"83a1557cb35ed4415b73ea03adfa397f","1f5dd193a3cef4e65d38bb8e5558b6ef",2020,"MERS-CoV","Reproduction number (Basic R0)",9.11,0,"No units",NA,NA,"Mean",NA,NA,5.32,15.92,"95% CI",NA,NA,NA,NA,NA,NA,NA,NA,NA,FALSE,"Unspecified",NA,"Compartmental model",NA,FALSE,NA,NA,NA,NA,NA,NA,"Unspecified","Hospital based","General population",NA,NA,186,"Republic of Korea",NA,11,"5","2015",NA,NA,"2015",NA,NA,NA,NA,FALSE,FALSE,"Human-human","Reproduction number",NA,"95% CI","5.32 - 15.92"
"83a1557cb35ed4415b73ea03adfa397f","2351962ccad66b26c96c2a5d79d05a44",2020,"MERS-CoV","Reproduction number (Basic R0)",NA,0,"No units",2.45,7.15,"Mean",NA,NA,NA,NA,NA,NA,NA,NA,NA,NA,NA,NA,NA,NA,FALSE,"Unspecified",NA,"Other","Method",TRUE,TRUE,NA,NA,NA,NA,NA,"Unspecified","Hospital based","General population",NA,NA,186,"Republic of Korea",NA,11,"5","2015",NA,NA,"2015",NA,NA,NA,NA,FALSE,FALSE,"Human-human","Reproduction number","2.45 - 7.15",NA,NA
"83a1557cb35ed4415b73ea03adfa397f","ee9c4bf91e6cf9cdbc8070a95b0de79a",2020,"MERS-CoV","Reproduction number (Effective, Re)",0.368,0,"No units",NA,NA,"Mean",NA,NA,0.251,0.508,"95% CI",NA,NA,NA,NA,NA,NA,NA,NA,NA,FALSE,NA,NA,"Compartmental model",NA,FALSE,NA,NA,NA,NA,NA,NA,"Unspecified","Hospital based","General population",NA,NA,186,"Republic of Korea",NA,11,"5","2015",NA,NA,"2015",NA,NA,NA,NA,FALSE,FALSE,"Human-human","Reproduction number",NA,"95% CI","0.251 - 0.508"
"83a1557cb35ed4415b73ea03adfa397f","1c5ac87e862eb63f32312cc099f6589e",2020,"MERS-CoV","Human delay - other human delay (go to section)",6.83,0,"Days",NA,NA,"Mean",NA,NA,6.55357018818475,7.10642981181525,NA,NA,NA,"Gamma",3.28,"Shape",NA,0.48,NA,NA,TRUE,"Unspecified",NA,NA,"Time",TRUE,FALSE,NA,NA,NA,NA,NA,"Unspecified","Hospital based","General population",NA,NA,186,"Republic of Korea",NA,20,"5","2015",NA,"7","2015",NA,NA,"Symptom onset","Diagnosis/test result",FALSE,FALSE,NA,"Human delay",NA,NA,NA
"b6fb8d007de21ef928f9511c859cafd3","3899f98084de2fd377f61270544793ad",2046,"MERS-CoV","Seroprevalence - Unspecified",24,0,"Percentage (%)",NA,NA,"Unspecified",NA,NA,NA,NA,NA,4,17,NA,NA,NA,NA,NA,NA,NA,FALSE,"Unspecified","Naive",NA,"Region",TRUE,FALSE,NA,NA,NA,NA,NA,"Unspecified","Hospital based","Healthcare workers",NA,NA,17,"Saudi Arabia","Riyadh",28,"5","2017","19","6","2017",NA,NA,NA,NA,FALSE,FALSE,NA,"Seroprevalence",NA,NA,NA
"b6fb8d007de21ef928f9511c859cafd3","9e99fbd375e1714189f169353a7841ec",2046,"MERS-CoV","Seroprevalence - Unspecified",3,0,"Percentage (%)",NA,NA,"Unspecified",NA,NA,NA,NA,NA,3,114,NA,NA,NA,NA,NA,NA,NA,FALSE,"Unspecified","Naive",NA,NA,FALSE,NA,NA,NA,NA,NA,NA,"Unspecified","Contact based","Persons under investigation",NA,NA,114,"Saudi Arabia","Riyadh",28,"5","2017","19","6","2017",NA,NA,NA,NA,FALSE,FALSE,NA,"Seroprevalence",NA,NA,NA
"5306a6cff4dddaea7b1aa2f006ba4a28","5155e067854094d260eb0260ad228d07",2047,"MERS-CoV","Severity - case fatality rate (CFR)",36.5,0,"Percentage (%)",36,62,"Unspecified",NA,NA,NA,NA,NA,93,255,NA,NA,NA,NA,NA,NA,NA,FALSE,NA,"Naive",NA,"Level of exposure; Other",TRUE,FALSE,NA,NA,NA,NA,NA,"Both","Hospital based","Persons under investigation",0,94,255,"Saudi Arabia","Jeddah",1,"1","2014","16","5","2014",NA,NA,NA,NA,FALSE,FALSE,NA,"Severity","36 - 62",NA,NA
"5306a6cff4dddaea7b1aa2f006ba4a28","86d29e174ae89e79bbc867aae9045bd6",2047,"MERS-CoV","Risk factors",NA,0,NA,NA,NA,"Unspecified",NA,NA,NA,NA,NA,NA,NA,NA,NA,NA,NA,NA,NA,NA,NA,NA,NA,NA,NA,NA,NA,"Other","Other",NA,"Significant","Not adjusted","Unspecified","Hospital based","Persons under investigation",NA,NA,255,"Saudi Arabia","Jeddah",1,"1","2014","16","5","2014",NA,NA,NA,NA,FALSE,FALSE,NA,"Risk factors",NA,NA,NA
"5306a6cff4dddaea7b1aa2f006ba4a28","4327d9c5f62aed56cfb62c0d3a9dec22",2047,"MERS-CoV","Human delay - other human delay (go to section)",11,0,"Days",NA,NA,"Median",NA,NA,NA,NA,NA,NA,NA,NA,NA,NA,NA,NA,NA,NA,FALSE,NA,NA,NA,NA,FALSE,NA,NA,NA,NA,NA,NA,"Unspecified","Hospital based","Persons under investigation",NA,NA,37,"Saudi Arabia","Jeddah",1,"1","2014","16","5","2014",NA,NA,"Admission to care","Symptom Onset/Fever",FALSE,FALSE,NA,"Human delay",NA,NA,NA
"5306a6cff4dddaea7b1aa2f006ba4a28","4c58dcb265bf8bfc3f1ae91814a59f27",2047,"MERS-CoV","Severity - proportion of asymptomatic cases",25.1,0,"Percentage (%)",NA,NA,"Unspecified",NA,NA,NA,NA,NA,64,255,NA,NA,NA,NA,NA,NA,NA,FALSE,NA,"Unspecified",NA,NA,NA,NA,NA,NA,NA,NA,NA,"Both","Hospital based","Persons under investigation",0,94,255,"Saudi Arabia","Jeddah",1,"1","2014","16","5","2014",NA,NA,NA,NA,FALSE,FALSE,NA,"Severity",NA,NA,NA
"0af867cd4637069da10d56d48ec8d6c3","3db1a3ecf5f34c02010255869ad68d93",2049,"MERS-CoV","Severity - case fatality rate (CFR)",33,0,"Percentage (%)",1.3,94.6,"Unspecified",NA,NA,NA,NA,NA,317,959,NA,NA,NA,NA,NA,NA,NA,FALSE,"Unspecified","Unspecified",NA,"Occupation; Sex; Other",TRUE,FALSE,NA,NA,NA,NA,NA,"Both","Hospital based","Persons under investigation",NA,NA,959,"Saudi Arabia",NA,6,"6","2012","17","7","2015",NA,NA,NA,NA,FALSE,FALSE,NA,"Severity","1.3 - 94.6",NA,NA
"0af867cd4637069da10d56d48ec8d6c3","4536c548270bda33c635dcad4bf32d4b",2049,"MERS-CoV","Severity - proportion of asymptomatic cases",15.8,0,"Percentage (%)",NA,NA,"Unspecified",NA,NA,NA,NA,NA,NA,NA,NA,NA,NA,NA,NA,NA,NA,FALSE,"Unspecified",NA,NA,NA,FALSE,NA,NA,NA,NA,NA,NA,"Both","Hospital based","Persons under investigation",NA,NA,959,"Saudi Arabia",NA,6,"6","2012","17","7","2015",NA,NA,NA,NA,FALSE,FALSE,NA,"Severity",NA,NA,NA
"0af867cd4637069da10d56d48ec8d6c3","bb1c3cf0defb98bf7016ae4d4ea8e41a",2049,"MERS-CoV","Risk factors",NA,0,NA,NA,NA,"Unspecified",NA,NA,NA,NA,NA,NA,NA,NA,NA,NA,NA,NA,NA,NA,NA,"Unspecified",NA,NA,NA,FALSE,NA,"Death (in general population)","Age,Comorbidity,Occupation,Other","Healthcare","Significant","Not adjusted","Both","Hospital based","Persons under investigation",NA,NA,959,"Saudi Arabia",NA,6,"6","2012","17","7","2015",NA,NA,NA,NA,FALSE,FALSE,NA,"Risk factors",NA,NA,NA
"0af867cd4637069da10d56d48ec8d6c3","ead7b32d19a4eb72aad9cd809df0c639",2049,"MERS-CoV","Risk factors",NA,0,NA,NA,NA,"Unspecified",NA,NA,NA,NA,NA,NA,NA,NA,NA,NA,NA,NA,NA,NA,FALSE,"Unspecified",NA,NA,NA,FALSE,NA,"Death (in general population)","Contact with animal,Sex,Camel contact (other)",NA,"Not significant","Not adjusted","Both","Hospital based","Persons under investigation",NA,NA,959,"Saudi Arabia",NA,6,"6","2012","17","7","2015",NA,NA,NA,NA,FALSE,FALSE,NA,"Risk factors",NA,NA,NA
"0af867cd4637069da10d56d48ec8d6c3","6f3bba17ccaf7594bd66b53897fcac81",2049,"MERS-CoV","Risk factors",NA,0,NA,NA,NA,"Unspecified",NA,NA,NA,NA,NA,NA,NA,NA,NA,NA,NA,NA,NA,NA,FALSE,"Unspecified",NA,NA,NA,NA,NA,"Death (in general population)","Comorbidity,Occupation,Other","Healthcare","Significant","Adjusted","Both","Hospital based","Persons under investigation",NA,NA,959,"Saudi Arabia",NA,6,"6","2012","17","7","2015",NA,NA,NA,NA,FALSE,FALSE,NA,"Risk factors",NA,NA,NA
"0af867cd4637069da10d56d48ec8d6c3","611c98b40cca8b1461eb89cc9bf5ea7d",2049,"MERS-CoV","Risk factors",NA,0,NA,NA,NA,"Unspecified",NA,NA,NA,NA,NA,NA,NA,NA,NA,NA,NA,NA,NA,NA,FALSE,"Unspecified",NA,NA,NA,FALSE,NA,"Death (in general population)","Contact with animal,Sex,Camel contact (other),Other",NA,"Not significant","Adjusted","Both","Hospital based","Persons under investigation",NA,NA,959,"Saudi Arabia",NA,6,"6","2012","17","7","2015",NA,NA,NA,NA,FALSE,FALSE,NA,"Risk factors",NA,NA,NA
"8098525c88639b191998d0634236ff92","e3c74d17e8f23ddc929d44d2446c5fd1",2050,"MERS-CoV","Risk factors",NA,0,NA,NA,NA,"Unspecified",NA,NA,NA,NA,NA,NA,NA,NA,NA,NA,NA,NA,NA,NA,FALSE,"Unspecified",NA,NA,NA,FALSE,NA,"Infection","Comorbidity,Non-household contact,Camel contact (other),Other",NA,"Significant","Not adjusted","Both","Hospital based","Persons with symptoms",16,109,360,"Saudi Arabia","King Abdulaziz Medical City in Riyadh (KAMCR) and King Fahad General Hospital in Jeddah (KFGH-JED)",1,"9","2012","1","6","2016",NA,NA,NA,NA,FALSE,FALSE,NA,"Risk factors",NA,NA,NA
"8098525c88639b191998d0634236ff92","dd46aeb062a13975fe9e0c6d3066d443",2050,"MERS-CoV","Risk factors",NA,0,NA,NA,NA,"Unspecified",NA,NA,NA,NA,NA,NA,NA,NA,NA,NA,NA,NA,NA,NA,FALSE,"Unspecified",NA,NA,NA,FALSE,NA,"Infection","Age,Comorbidity,Sex,Other",NA,"Not significant","Not adjusted","Both","Hospital based","Persons with symptoms",16,109,360,"Saudi Arabia","King Abdulaziz Medical City in Riyadh (KAMCR) and King Fahad General Hospital in Jeddah (KFGH-JED)",1,"9","2012","1","6","2016",NA,NA,NA,NA,FALSE,FALSE,NA,"Risk factors",NA,NA,NA
"8098525c88639b191998d0634236ff92","0ecd4047ca056ab37d21dab1afa60ff4",2050,"MERS-CoV","Risk factors",NA,0,NA,NA,NA,"Unspecified",NA,NA,NA,NA,NA,NA,NA,NA,NA,NA,NA,NA,NA,NA,FALSE,"Unspecified",NA,NA,NA,NA,NA,"Infection","Comorbidity,Non-household contact,Sex,Camel contact (other),Other",NA,"Significant","Adjusted","Both","Hospital based","Persons with symptoms",16,109,360,"Saudi Arabia","King Abdulaziz Medical City in Riyadh (KAMCR) and King Fahad General Hospital in Jeddah (KFGH-JED)",1,"9","2012","1","6","2016",NA,NA,NA,NA,FALSE,FALSE,NA,"Risk factors",NA,NA,NA
"4d29eeb654ea5d1755dea35fca4f98ce","d783f1799352c5a0427351f13b4c55af",2058,"MERS-CoV","Seroprevalence - PRNT",0,0,"Percentage (%)",0,0,"Unspecified",NA,NA,NA,NA,NA,0,191,NA,NA,NA,NA,NA,NA,NA,FALSE,"Unspecified","Naive",NA,"Level of exposure; Occupation",TRUE,FALSE,NA,NA,NA,NA,NA,"Unspecified","Mixed settings","Mixed groups",NA,NA,191,"Saudi Arabia","Al Hasa",NA,"12","2013",NA,"2","2014",NA,NA,NA,NA,FALSE,FALSE,NA,"Seroprevalence","0 - 0",NA,NA
"ddf5184d661928a711979e3e7bf2e6d8","25a835c343bc8f1811c8d557dae85c6e",2067,"MERS-CoV","Human delay - incubation period",6,0,"Days",NA,NA,"Median",NA,NA,NA,NA,NA,NA,NA,NA,NA,NA,NA,NA,NA,NA,FALSE,"Unspecified",NA,NA,NA,NA,NA,NA,NA,NA,NA,NA,"Unspecified","Hospital based","Persons under investigation",NA,NA,NA,"Republic of Korea; Saudi Arabia","Riyadh; Jeddah; RoK overall; Pyeongtaek St Mary's Hospital; Samsung Seoul Hospital",20,"3","2014","4","7","2015",NA,NA,NA,NA,FALSE,FALSE,NA,"Human delay",NA,NA,NA
"ddf5184d661928a711979e3e7bf2e6d8","b0d2c72107647b1457fd0b4a31fccf44",2067,"MERS-CoV","Reproduction number (Basic R0)",NA,0,"No units",1.9168,8.1151,"Unspecified",NA,NA,NA,NA,NA,NA,NA,NA,NA,NA,NA,NA,NA,NA,FALSE,"Unspecified",NA,"Other","Method; Region",TRUE,TRUE,NA,NA,NA,NA,NA,"Unspecified","Hospital based","Persons under investigation",NA,NA,NA,"Republic of Korea; Saudi Arabia","Riyadh; Jeddah; RoK overall; Pyeongtaek St Mary's Hospital; Samsung Seoul Hospital",20,"3","2014","4","7","2015",NA,NA,NA,NA,FALSE,FALSE,"Unspecified","Reproduction number","1.9168 - 8.1151",NA,NA
"28e09e176169084627234ed008fc989e","d0a983d482df0d544fd61c306135f29e",2073,"MERS-CoV","Human delay - other human delay (go to section)",38.2819079702932,0,"Days",NA,NA,"Other",NA,NA,NA,NA,NA,NA,NA,NA,NA,NA,NA,NA,NA,NA,FALSE,NA,NA,"Compartmental model",NA,FALSE,NA,NA,NA,NA,NA,NA,"Unspecified","Unspecified","Unspecified",NA,NA,138,"Republic of Korea",NA,20,"5","2015","12","6","2015",NA,NA,"Infection","Recovery/non-Infectiousness",TRUE,FALSE,"Human-human","Human delay",NA,NA,NA
"28e09e176169084627234ed008fc989e","bbacd762dd86858c56d5306dbba33add",2073,"MERS-CoV","Reproduction number (Basic R0)",8.0977,0,"No units",NA,NA,"Other",NA,NA,NA,NA,NA,NA,NA,NA,NA,NA,NA,NA,NA,NA,FALSE,NA,NA,"Compartmental model",NA,FALSE,NA,NA,NA,NA,NA,NA,"Unspecified","Unspecified","Unspecified",NA,NA,138,"Republic of Korea",NA,20,"5","2015","12","6","2015",NA,NA,NA,NA,FALSE,FALSE,"Human-human","Reproduction number",NA,NA,NA
"bf951dc273d8bd4366fa3ae522b87ccc","424760df87926ac9e7ef4a33c1074826",2079,"MERS-CoV","Seroprevalence - PRNT",0,0,"Percentage (%)",NA,NA,"Other",NA,NA,NA,NA,NA,0,350,NA,NA,NA,NA,NA,NA,NA,FALSE,"Unspecified","Adjusted",NA,NA,NA,NA,NA,NA,NA,NA,NA,"Both","Mixed settings","Mixed groups",15,84,350,"Saudi Arabia","Jazan region",NA,"7","2012",NA,"7","2012",NA,NA,NA,NA,FALSE,FALSE,NA,"Seroprevalence",NA,NA,NA
"65671a1d5d4c4acc8c6945779672ee6e","b80ae10302d94504afb382b9f1de15c2",2091,"MERS-CoV","Seroprevalence - IgG",NA,0,NA,NA,NA,"Unspecified",NA,NA,NA,NA,NA,36,2409,NA,NA,NA,NA,NA,NA,NA,NA,NA,"Naive",NA,NA,FALSE,NA,NA,NA,NA,NA,NA,"Both","Population based","General population",16,NA,2409,"Pakistan","Punjab;  Khyber Pakhtunkhwa;  Balochistan;  Sindh",NA,NA,"2016",NA,NA,"2017",NA,NA,NA,NA,FALSE,FALSE,NA,"Seroprevalence",NA,NA,NA
"65671a1d5d4c4acc8c6945779672ee6e","9d60f0abc137cf0133469092c7c91c71",2091,"MERS-CoV","Seroprevalence - PRNT",0,0,"Percentage (%)",NA,NA,"Unspecified",NA,NA,NA,NA,NA,0,91,NA,NA,NA,NA,NA,NA,NA,FALSE,NA,"Adjusted",NA,NA,NA,NA,NA,NA,NA,NA,NA,"Both","Population based","General population",16,NA,2409,"Pakistan","Punjab;  Khyber Pakhtunkhwa;  Balochistan;  Sindh",NA,NA,"2016",NA,NA,"2017",NA,NA,NA,NA,FALSE,FALSE,NA,"Seroprevalence",NA,NA,NA
"13ad17d5a407d4a62a38a7e806fcc6ef","0c9736b294db71336aa2921333b6f755",2105,"MERS-CoV","Severity - proportion of symptomatic cases",90.4,0,"Percentage (%)",NA,NA,"Unspecified",NA,NA,NA,NA,NA,NA,NA,NA,NA,NA,NA,NA,NA,NA,FALSE,"Mid outbreak",NA,NA,NA,FALSE,NA,NA,NA,NA,NA,NA,"Both","Mixed settings","Mixed groups",2,109,883,NA,"Worldwide",5,"1","2015","10","3","2017",NA,NA,NA,NA,FALSE,FALSE,NA,"Severity",NA,NA,NA
"13ad17d5a407d4a62a38a7e806fcc6ef","da249b2267de9885554796aec5b02d57",2105,"MERS-CoV","Relative contribution - zoonotic to human",22.1,0,"Percentage (%)",NA,NA,"Unspecified",NA,NA,NA,NA,NA,NA,NA,NA,NA,NA,NA,NA,NA,NA,FALSE,"Mid outbreak",NA,NA,NA,FALSE,NA,NA,NA,NA,NA,NA,"Both","Mixed settings","Mixed groups",2,109,883,NA,"Worldwide",5,"1","2015","10","3","2017",NA,NA,NA,NA,FALSE,FALSE,NA,"Relative contribution",NA,NA,NA
"13ad17d5a407d4a62a38a7e806fcc6ef","3481dc6fbd953d41d884d4c959266faf",2105,"MERS-CoV","Risk factors",NA,0,NA,NA,NA,"Unspecified",NA,NA,NA,NA,NA,NA,NA,NA,NA,NA,NA,NA,NA,NA,NA,"Mid outbreak",NA,NA,NA,FALSE,NA,"Death (in general population)","Sex",NA,"Not significant","Not adjusted","Both","Mixed settings","Mixed groups",2,109,883,NA,"Worldwide",5,"1","2015","10","3","2017",NA,NA,NA,NA,FALSE,FALSE,NA,"Risk factors",NA,NA,NA
"13ad17d5a407d4a62a38a7e806fcc6ef","41fbf839eb6f19f6ee2f9ff3c07b9563",2105,"MERS-CoV","Risk factors",NA,0,NA,NA,NA,"Unspecified",NA,NA,NA,NA,NA,NA,NA,NA,NA,NA,NA,NA,NA,NA,FALSE,"Mid outbreak",NA,NA,"Region",TRUE,FALSE,"Death (in general population)","Age,Comorbidity,Occupation,Other","Healthcare","Significant","Not adjusted","Both","Mixed settings","Mixed groups",2,109,883,NA,"Worldwide",5,"1","2015","10","3","2017",NA,NA,NA,NA,FALSE,FALSE,NA,"Risk factors",NA,NA,NA
"13ad17d5a407d4a62a38a7e806fcc6ef","4a9a1c95e73b7fa5b5bebf7fc973f7ff",2105,"MERS-CoV","Risk factors",NA,0,NA,NA,NA,"Unspecified",NA,NA,NA,NA,NA,NA,NA,NA,NA,NA,NA,NA,NA,NA,FALSE,"Mid outbreak",NA,NA,"Age",TRUE,TRUE,"Death (in general population)","Age,Other",NA,"Not significant","Adjusted","Both","Mixed settings","Mixed groups",2,109,883,NA,"Worldwide",5,"1","2015","10","3","2017",NA,NA,NA,NA,FALSE,FALSE,NA,"Risk factors",NA,NA,NA
"13ad17d5a407d4a62a38a7e806fcc6ef","4387dbde30eac6e9ac29b1cc53eae367",2105,"MERS-CoV","Risk factors",NA,0,NA,NA,NA,"Unspecified",NA,NA,NA,NA,NA,NA,NA,NA,NA,NA,NA,NA,NA,NA,FALSE,"Mid outbreak",NA,NA,"Region",TRUE,FALSE,"Death (in general population)","Comorbidity,Occupation,Other","Healthcare","Not significant","Adjusted","Both","Mixed settings","Mixed groups",2,109,883,NA,"Worldwide",5,"1","2015","10","3","2017",NA,NA,NA,NA,FALSE,FALSE,NA,"Risk factors",NA,NA,NA
"13ad17d5a407d4a62a38a7e806fcc6ef","70e4dc6b217287b8003cc500dcdd7065",2105,"MERS-CoV","Risk factors",NA,0,NA,NA,NA,"Unspecified",NA,NA,NA,NA,NA,NA,NA,NA,NA,NA,NA,NA,NA,NA,FALSE,"Mid outbreak",NA,NA,NA,FALSE,NA,"Death (in general population)","Sex",NA,"Not significant","Not adjusted","Both","Mixed settings","Mixed groups",2,109,883,NA,"Worldwide",5,"1","2015","10","3","2017",NA,NA,NA,NA,FALSE,FALSE,NA,"Risk factors",NA,NA,NA
"13ad17d5a407d4a62a38a7e806fcc6ef","24b83d0c74f3c7f4a3f4cc6f7ad88030",2105,"MERS-CoV","Risk factors",NA,0,NA,NA,NA,"Unspecified",NA,NA,NA,NA,NA,NA,NA,NA,NA,NA,NA,NA,NA,NA,FALSE,"Mid outbreak",NA,NA,"Region",TRUE,TRUE,"Death (in general population)","Age,Occupation,Other","Healthcare","Significant","Not adjusted","Both","Mixed settings","Mixed groups",2,109,883,NA,"Worldwide",5,"1","2015","10","3","2017",NA,NA,NA,NA,FALSE,FALSE,NA,"Risk factors",NA,NA,NA
"13ad17d5a407d4a62a38a7e806fcc6ef","c0bcdcb7cd1a3ef5d611ee9bdea682e4",2105,"MERS-CoV","Risk factors",NA,0,NA,NA,NA,"Unspecified",NA,NA,NA,NA,NA,NA,NA,NA,NA,NA,NA,NA,NA,NA,FALSE,"Mid outbreak",NA,NA,"Age; Region; Other",TRUE,NA,"Death (in general population)","Age,Comorbidity,Occupation,Other","Healthcare","Significant","Adjusted","Both","Mixed settings","Mixed groups",2,109,883,NA,"Worldwide",5,"1","2015","10","3","2017",NA,NA,NA,NA,FALSE,FALSE,NA,"Risk factors",NA,NA,NA
"11531d13b305266d1f21eaf9f3869066","5ebedbb63f9e71da95f5f119845ef009",2109,"MERS-CoV","Seroprevalence - Unspecified",54,0,"Percentage (%)",NA,NA,"Unspecified",NA,NA,NA,NA,NA,13,24,NA,NA,NA,NA,NA,NA,NA,FALSE,"Mid outbreak","Naive",NA,"Symptoms",TRUE,FALSE,NA,NA,NA,NA,NA,"Both","Hospital based","Persons under investigation",NA,NA,24,"United Arab Emirates","Abu Dhabi",NA,"5","2014",NA,"6","2014",NA,NA,NA,NA,FALSE,FALSE,NA,"Seroprevalence",NA,NA,NA
"11531d13b305266d1f21eaf9f3869066","b4745a9b4260306f7b0e59970fe67b3f",2109,"MERS-CoV","Seroprevalence - Unspecified",0,0,"Percentage (%)",NA,NA,"Unspecified",NA,NA,NA,NA,NA,0,124,NA,NA,NA,NA,NA,NA,NA,FALSE,"Mid outbreak","Naive",NA,NA,FALSE,NA,NA,NA,NA,NA,NA,"Both","Household based","Household contacts of survivors",NA,NA,105,"United Arab Emirates","Abu Dhabi",NA,"5","2014",NA,"6","2014",NA,NA,NA,NA,FALSE,FALSE,NA,"Seroprevalence",NA,NA,NA
"11531d13b305266d1f21eaf9f3869066","9209e70a93435dc132e26e264e83c079",2109,"MERS-CoV","Human delay - time in care (length of stay)",19,0,"Days",NA,NA,"Median",NA,NA,NA,NA,NA,NA,NA,NA,NA,NA,NA,NA,NA,NA,FALSE,"Mid outbreak",NA,NA,"Symptoms",TRUE,FALSE,NA,NA,NA,NA,NA,"Both","Hospital based","Persons under investigation",NA,NA,34,"United Arab Emirates","Abu Dhabi",NA,"5","2014",NA,"6","2014",NA,NA,NA,NA,FALSE,FALSE,NA,"Human delay",NA,NA,NA
"11531d13b305266d1f21eaf9f3869066","e5068286d60f5e558611925a77d7b536",2109,"MERS-CoV","Severity - proportion of asymptomatic cases",50,0,"Percentage (%)",NA,NA,"Unspecified",NA,NA,NA,NA,NA,17,34,NA,NA,NA,NA,NA,NA,NA,FALSE,"Mid outbreak","Naive",NA,"Age; Level of exposure; Region; Sex; Time; Other",TRUE,FALSE,NA,NA,NA,NA,NA,"Both","Hospital based","Persons under investigation",NA,NA,34,"United Arab Emirates","Abu Dhabi",NA,"5","2014",NA,"6","2014",NA,NA,NA,NA,FALSE,FALSE,NA,"Severity",NA,NA,NA
"11531d13b305266d1f21eaf9f3869066","627ff58c287918361a614a9fc7000c1c",2109,"MERS-CoV","Risk factors",NA,0,NA,NA,NA,"Unspecified",NA,NA,NA,NA,NA,NA,NA,NA,NA,NA,NA,NA,NA,NA,FALSE,"Mid outbreak",NA,NA,NA,FALSE,NA,"Serology","Age,Other",NA,"Significant","Not adjusted","Both","Hospital based","Persons under investigation",NA,NA,24,"United Arab Emirates","Abu Dhabi",NA,"5","2014",NA,"6","2014",NA,NA,NA,NA,FALSE,FALSE,NA,"Risk factors",NA,NA,NA
"11531d13b305266d1f21eaf9f3869066","2efd6d392d8e963d9c6e4d00d51846be",2109,"MERS-CoV","Risk factors",NA,0,NA,NA,NA,"Unspecified",NA,NA,NA,NA,NA,NA,NA,NA,NA,NA,NA,NA,NA,NA,FALSE,"Mid outbreak",NA,NA,NA,FALSE,NA,"Serology","Sex,Other",NA,"Not significant","Not adjusted","Both","Hospital based","Persons under investigation",NA,NA,24,"United Arab Emirates","Abu Dhabi",NA,"5","2014",NA,"6","2014",NA,NA,NA,NA,FALSE,FALSE,NA,"Risk factors",NA,NA,NA
"11531d13b305266d1f21eaf9f3869066","a404a957520afe737f9452c26a6fa319",2109,"MERS-CoV","Human delay - other human delay (go to section)",55,0,"Days",NA,NA,"Median",NA,NA,NA,NA,NA,NA,NA,NA,NA,NA,NA,NA,NA,NA,FALSE,"Mid outbreak",NA,NA,NA,NA,NA,NA,NA,NA,NA,NA,"Both","Mixed settings","Persons under investigation",NA,NA,24,"United Arab Emirates","Abu Dhabi",NA,"5","2014",NA,"6","2014",NA,NA,"the first PCR-positive result","have detectable MERS-CoV antibodies",FALSE,FALSE,NA,"Human delay",NA,NA,NA
"269a938570c2124c4c15f6d05372a397","796356786d9dd35d7b69039cd583213e",2116,"MERS-CoV","Risk factors",NA,0,NA,NA,NA,"Unspecified",NA,NA,NA,NA,NA,NA,NA,NA,NA,NA,NA,NA,NA,NA,FALSE,"Unspecified",NA,NA,NA,FALSE,NA,"Infection","Environmental,Temperature,Humidity",NA,"Significant","Not adjusted","Both","Population based",NA,15,98,446,"Saudi Arabia",NA,NA,"1","2015",NA,"12","2017",NA,NA,NA,NA,FALSE,FALSE,NA,"Risk factors",NA,NA,NA
"5038a94591d1573304aa94c83a20dc02","db402f39314f06cabe1d58a9fbf2b1ec",2140,"MERS-CoV","Severity - proportion of symptomatic cases",81,0,"Percentage (%)",NA,NA,"Unspecified",NA,NA,NA,NA,NA,13,16,NA,NA,NA,NA,NA,NA,NA,FALSE,"Unspecified","Naive",NA,NA,FALSE,NA,NA,NA,NA,NA,NA,"Both","Hospital based","General population",0,78,16,"Jordan",NA,NA,"8","2015",NA,"10","2015",NA,NA,NA,NA,FALSE,FALSE,NA,"Severity",NA,NA,NA
"5038a94591d1573304aa94c83a20dc02","297081580ff1b597eb15cf5b10fb2d0a",2140,"MERS-CoV","Severity - case fatality rate (CFR)",44,0,"Percentage (%)",NA,NA,"Unspecified",NA,NA,NA,NA,NA,7,16,NA,NA,NA,NA,NA,NA,NA,FALSE,"Unspecified","Naive",NA,NA,FALSE,NA,NA,NA,NA,NA,NA,"Both","Hospital based","General population",0,78,16,"Jordan",NA,NA,"8","2015",NA,"10","2015",NA,NA,NA,NA,FALSE,FALSE,NA,"Severity",NA,NA,NA
"5038a94591d1573304aa94c83a20dc02","fbab63d199b10218bd12fba0cb6714e1",2140,"MERS-CoV","Seroprevalence - Unspecified",9,0,"Percentage (%)",NA,NA,"Unspecified",NA,NA,NA,NA,NA,2,23,NA,NA,NA,NA,NA,NA,NA,FALSE,NA,"Naive",NA,NA,FALSE,NA,NA,NA,NA,NA,NA,"Unspecified","Household based","Household contacts of survivors",NA,NA,23,"Jordan",NA,NA,"3","2016",NA,"4","2016",NA,NA,NA,NA,FALSE,FALSE,NA,"Seroprevalence",NA,NA,NA
"5038a94591d1573304aa94c83a20dc02","2ac9ad9321b010260f73c5eeff2ce51e",2140,"MERS-CoV","Seroprevalence - Unspecified",1,0,"Percentage (%)",NA,NA,"Unspecified",NA,NA,NA,NA,NA,3,278,NA,NA,NA,NA,NA,NA,NA,FALSE,NA,"Naive",NA,"Level of exposure",TRUE,TRUE,NA,NA,NA,NA,NA,"Unspecified","Hospital based","Healthcare workers",NA,NA,278,"Jordan",NA,NA,"3","2016",NA,"4","2016",NA,NA,NA,NA,FALSE,FALSE,NA,"Seroprevalence",NA,NA,NA
"0f5a85a6540357dd1440f62a77cdd82a","12ace881f2cfced799fede4453fc8a43",2141,"MERS-CoV","Seroprevalence - Unspecified",0,0,"Percentage (%)",NA,NA,"Unspecified",NA,NA,NA,NA,NA,0,61,NA,NA,NA,NA,NA,NA,NA,FALSE,"Unspecified","Naive",NA,NA,FALSE,NA,NA,NA,NA,NA,NA,"Both","Mixed settings","Mixed groups",NA,NA,61,"United States of America","Indiana",NA,"4","2014",NA,"5","2014",NA,NA,NA,NA,FALSE,FALSE,NA,"Seroprevalence",NA,NA,NA
"46d49a62514dd0639c5bfb1a4a69ddb4","4319b8e38965c998be23b8d5755dcfa3",2144,"MERS-CoV","Risk factors",NA,0,NA,NA,NA,"Unspecified",NA,NA,NA,NA,NA,NA,NA,NA,NA,NA,NA,NA,NA,NA,FALSE,NA,NA,NA,NA,NA,NA,"Other","Age,Close contact,Sex,Camel contact (other),Other","Unspecified","Significant","Adjusted","Unspecified","Mixed settings","Persons under investigation",NA,NA,36,NA,NA,NA,"1","2015","8","1","2018",NA,NA,NA,NA,FALSE,FALSE,NA,"Risk factors",NA,NA,NA
"46d49a62514dd0639c5bfb1a4a69ddb4","76726384b23777f292c8df047af9706e",2144,"MERS-CoV","Risk factors",NA,0,NA,NA,NA,"Unspecified",NA,NA,NA,NA,NA,NA,NA,NA,NA,NA,NA,NA,NA,NA,NA,NA,NA,NA,NA,NA,NA,"Other","Comorbidity,Occupation","Healthcare","Not significant","Adjusted","Unspecified","Mixed settings","Persons under investigation",NA,NA,36,NA,NA,NA,"1","2015","8","1","2018",NA,NA,NA,NA,FALSE,FALSE,NA,"Risk factors",NA,NA,NA
"2e5f4040ca9e1f57cdad6fcf6310585d","5ad07c7ea7188c20b03db719f52a3f87",2185,"MERS-CoV","Severity - case fatality rate (CFR)",7.03,0,"Percentage (%)",NA,NA,"Unspecified",NA,NA,NA,NA,NA,9,128,NA,NA,NA,NA,NA,NA,NA,FALSE,NA,"Unspecified",NA,NA,FALSE,NA,NA,NA,NA,NA,NA,"Both","Hospital based","Healthcare workers",NA,NA,128,"Iran (Islamic Republic of); Jordan; Philippines; Republic of Korea; Saudi Arabia; United Arab Emirates",NA,1,"4","2012","7","7","2015",NA,NA,NA,NA,FALSE,FALSE,NA,"Severity",NA,NA,NA
"2e5f4040ca9e1f57cdad6fcf6310585d","c1bfcc806b188666e3dd42d88599bf59",2185,"MERS-CoV","Human delay - incubation period",5,0,"Days",NA,NA,"Unspecified",NA,NA,NA,NA,NA,NA,NA,NA,NA,NA,NA,NA,NA,NA,FALSE,NA,NA,NA,NA,FALSE,NA,NA,NA,NA,NA,NA,"Both","Hospital based","Persons under investigation",NA,NA,92,"Iran (Islamic Republic of); Jordan; Philippines; Republic of Korea; Saudi Arabia; United Arab Emirates",NA,1,"4","2012","7","7","2015",NA,NA,NA,NA,FALSE,FALSE,NA,"Human delay",NA,NA,NA
"2e5f4040ca9e1f57cdad6fcf6310585d","e96b87abe8f0bee6543e1770136710ea",2185,"MERS-CoV","Severity - proportion of asymptomatic cases",36.72,0,"Percentage (%)",NA,NA,"Unspecified",NA,NA,NA,NA,NA,9,128,NA,NA,NA,NA,NA,NA,NA,FALSE,NA,NA,NA,NA,FALSE,NA,NA,NA,NA,NA,NA,"Both","Hospital based","Healthcare workers",NA,NA,128,"Iran (Islamic Republic of); Jordan; Philippines; Republic of Korea; Saudi Arabia; United Arab Emirates",NA,1,"4","2012","7","7","2015",NA,NA,NA,NA,FALSE,FALSE,NA,"Severity",NA,NA,NA
"2e5f4040ca9e1f57cdad6fcf6310585d","09d3ef14a10a7a1a77e6a97bab137375",2185,"MERS-CoV","Human delay - symptom onset>admission to care",5,0,"Days",NA,NA,"Unspecified",NA,NA,NA,NA,NA,NA,NA,NA,NA,NA,NA,NA,NA,NA,FALSE,NA,NA,NA,NA,NA,NA,NA,NA,NA,NA,NA,"Both","Hospital based","Persons under investigation",NA,NA,92,"Iran (Islamic Republic of); Jordan; Philippines; Republic of Korea; Saudi Arabia; United Arab Emirates",NA,1,"4","2012","7","7","2015",NA,NA,NA,NA,FALSE,FALSE,NA,"Human delay",NA,NA,NA
"2e5f4040ca9e1f57cdad6fcf6310585d","5c067820a6524c20e3f39b3974658510",2185,"MERS-CoV","Human delay - incubation period",7,0,"Days",NA,NA,"Unspecified",NA,NA,NA,NA,NA,NA,NA,NA,NA,NA,NA,NA,NA,NA,FALSE,NA,NA,NA,NA,NA,NA,NA,NA,NA,NA,NA,"Both","Hospital based","Healthcare workers",NA,NA,128,"Iran (Islamic Republic of); Jordan; Philippines; Republic of Korea; Saudi Arabia; United Arab Emirates",NA,1,"4","2012","7","7","2015",NA,NA,NA,NA,FALSE,FALSE,NA,"Human delay",NA,NA,NA
"2e5f4040ca9e1f57cdad6fcf6310585d","3f4b056fd9e4c4efdb09e8c1565a61a1",2185,"MERS-CoV","Human delay - symptom onset>death",12,0,"Days",NA,NA,"Unspecified",NA,NA,NA,NA,NA,NA,NA,NA,NA,NA,NA,NA,NA,NA,FALSE,NA,NA,NA,NA,NA,NA,NA,NA,NA,NA,NA,"Both","Hospital based","Persons under investigation",NA,NA,34,"Iran (Islamic Republic of); Jordan; Philippines; Republic of Korea; Saudi Arabia; United Arab Emirates",NA,1,"4","2012","7","7","2015",NA,NA,NA,NA,FALSE,FALSE,NA,"Human delay",NA,NA,NA
"2e5f4040ca9e1f57cdad6fcf6310585d","0c4747be847649737bd24c3bf0024a8f",2185,"MERS-CoV","Human delay - symptom onset>admission to care",5,0,"Days",NA,NA,"Unspecified",NA,NA,NA,NA,NA,NA,NA,NA,NA,NA,NA,NA,NA,NA,FALSE,NA,NA,NA,NA,NA,NA,NA,NA,NA,NA,NA,"Both","Hospital based","Healthcare workers",NA,NA,128,"Iran (Islamic Republic of); Jordan; Philippines; Republic of Korea; Saudi Arabia; United Arab Emirates",NA,1,"4","2012","7","7","2015",NA,NA,NA,NA,FALSE,FALSE,NA,"Human delay",NA,NA,NA
"2e5f4040ca9e1f57cdad6fcf6310585d","11799e5ea661b60e9cc86b107b819c62",2185,"MERS-CoV","Human delay - symptom onset>discharge/recovery",12,0,"Days",NA,NA,"Unspecified",NA,NA,NA,NA,NA,NA,NA,NA,NA,NA,NA,NA,NA,NA,FALSE,NA,NA,NA,NA,NA,NA,NA,NA,NA,NA,NA,"Both","Hospital based","Persons under investigation",NA,NA,58,"Iran (Islamic Republic of); Jordan; Philippines; Republic of Korea; Saudi Arabia; United Arab Emirates",NA,1,"4","2012","7","7","2015",NA,NA,NA,NA,FALSE,FALSE,NA,"Human delay",NA,NA,NA
"2e5f4040ca9e1f57cdad6fcf6310585d","8aa49a181b717254ccfd7d0d292ee800",2185,"MERS-CoV","Human delay - other human delay (go to section)",6,0,"Days",NA,NA,"Unspecified",NA,NA,NA,NA,NA,NA,NA,NA,NA,NA,NA,NA,NA,NA,FALSE,NA,NA,NA,NA,FALSE,NA,NA,NA,NA,NA,NA,"Both","Hospital based","Healthcare workers",NA,NA,128,"Iran (Islamic Republic of); Jordan; Philippines; Republic of Korea; Saudi Arabia; United Arab Emirates",NA,1,"4","2012","7","7","2015",NA,NA,"Onset of symptoms","Diagnosis/test result",FALSE,FALSE,NA,"Human delay",NA,NA,NA
"2e5f4040ca9e1f57cdad6fcf6310585d","b95bcb3288eac5ba3c81e01f182728d6",2185,"MERS-CoV","Human delay - other human delay (go to section)",10,0,"Days",NA,NA,"Unspecified",NA,NA,NA,NA,NA,NA,NA,NA,NA,NA,NA,NA,NA,NA,FALSE,NA,NA,NA,NA,NA,NA,NA,NA,NA,NA,NA,"Both","Hospital based","Persons under investigation",NA,NA,92,"Iran (Islamic Republic of); Jordan; Philippines; Republic of Korea; Saudi Arabia; United Arab Emirates",NA,1,"4","2012","7","7","2015",NA,NA,"Onset of symptoms","Diagnosis/test result",FALSE,FALSE,NA,"Human delay",NA,NA,NA
"2e5f4040ca9e1f57cdad6fcf6310585d","a76883efb2b8d5b50594c4daa5d0b564",2185,"MERS-CoV","Human delay - symptom onset>death",13,0,"Days",NA,NA,"Unspecified",NA,NA,NA,NA,NA,NA,NA,NA,NA,NA,NA,NA,NA,NA,FALSE,NA,NA,NA,NA,NA,NA,NA,NA,NA,NA,NA,"Both","Hospital based","Healthcare workers",NA,NA,9,"Iran (Islamic Republic of); Jordan; Philippines; Republic of Korea; Saudi Arabia; United Arab Emirates",NA,1,"4","2012","7","7","2015",NA,NA,NA,NA,FALSE,FALSE,NA,"Human delay",NA,NA,NA
"2e5f4040ca9e1f57cdad6fcf6310585d","031199a7097b5f32a26972726d3c87be",2185,"MERS-CoV","Severity - case fatality rate (CFR)",35.6,0,"Percentage (%)",NA,NA,"Unspecified",NA,NA,NA,NA,NA,487,1368,NA,NA,NA,NA,NA,NA,NA,FALSE,NA,"Unspecified",NA,NA,FALSE,NA,NA,NA,NA,NA,NA,"Both","Hospital based","Persons under investigation",2,90,1368,NA,NA,NA,NA,NA,"7","7","2015",NA,NA,NA,NA,FALSE,FALSE,NA,"Severity",NA,NA,NA
"2e5f4040ca9e1f57cdad6fcf6310585d","07dad1322c426a26bacfbc27ae1326fd",2185,"MERS-CoV","Human delay - symptom onset>discharge/recovery",11,0,"Days",NA,NA,"Unspecified",NA,NA,NA,NA,NA,NA,NA,NA,NA,NA,NA,NA,NA,NA,FALSE,NA,NA,NA,NA,NA,NA,NA,NA,NA,NA,NA,"Both","Hospital based","Healthcare workers",NA,NA,119,"Iran (Islamic Republic of); Jordan; Philippines; Republic of Korea; Saudi Arabia; United Arab Emirates",NA,1,"4","2012","7","7","2015",NA,NA,NA,NA,FALSE,FALSE,NA,"Human delay",NA,NA,NA
"2e5f4040ca9e1f57cdad6fcf6310585d","b55e753d270bed536659a0a81ff31af8",2185,"MERS-CoV","Risk factors",NA,0,NA,NA,NA,"Unspecified",NA,NA,NA,NA,NA,NA,NA,NA,NA,NA,NA,NA,NA,NA,NA,NA,NA,NA,NA,NA,NA,"Death (in general population)","Occupation","Healthcare","Significant","Unspecified","Both","Hospital based","Mixed groups",NA,NA,220,"Iran (Islamic Republic of); Jordan; Philippines; Republic of Korea; Saudi Arabia; United Arab Emirates",NA,1,"4","2012","7","7","2015",NA,NA,NA,NA,FALSE,FALSE,NA,"Risk factors",NA,NA,NA
"2e5f4040ca9e1f57cdad6fcf6310585d","b76b876090ca9fa7e2455c33c9a5c11d",2185,"MERS-CoV","Human delay - time in care (length of stay)",9.5,0,"Days",NA,NA,"Unspecified",NA,NA,NA,NA,NA,NA,NA,NA,NA,NA,NA,NA,NA,NA,FALSE,NA,NA,NA,NA,NA,NA,NA,NA,NA,NA,NA,"Both","Hospital based","Healthcare workers",NA,NA,220,"Iran (Islamic Republic of); Jordan; Philippines; Republic of Korea; Saudi Arabia; United Arab Emirates",NA,1,"4","2012","7","7","2015",NA,NA,NA,NA,FALSE,FALSE,NA,"Human delay",NA,NA,NA
"2e5f4040ca9e1f57cdad6fcf6310585d","5c0865e65b4fa0749ef7611d7b02afc5",2185,"MERS-CoV","Severity - case fatality rate (CFR)",36.96,0,"Percentage (%)",NA,NA,"Unspecified",NA,NA,NA,NA,NA,34,92,NA,NA,NA,NA,NA,NA,NA,FALSE,NA,"Unspecified",NA,NA,FALSE,NA,NA,NA,NA,NA,NA,"Both","Hospital based","Persons with symptoms",NA,NA,92,"Iran (Islamic Republic of); Jordan; Philippines; Republic of Korea; Saudi Arabia; United Arab Emirates",NA,1,"4","2012","7","7","2015",NA,NA,NA,NA,FALSE,FALSE,NA,"Severity",NA,NA,NA
"2e5f4040ca9e1f57cdad6fcf6310585d","62a170f6d2d9b5edd191f759a8212e41",2185,"MERS-CoV","Risk factors",NA,0,NA,NA,NA,"Unspecified",NA,NA,NA,NA,NA,NA,NA,NA,NA,NA,NA,NA,NA,NA,NA,NA,NA,NA,NA,NA,NA,"Other","Occupation","Healthcare","Significant","Unspecified","Both","Hospital based","Mixed groups",NA,NA,220,"Iran (Islamic Republic of); Jordan; Philippines; Republic of Korea; Saudi Arabia; United Arab Emirates",NA,1,"4","2012","7","7","2015",NA,NA,NA,NA,FALSE,FALSE,NA,"Risk factors",NA,NA,NA
"2e5f4040ca9e1f57cdad6fcf6310585d","6568128a7d6a11819ea337e34f8ae3fb",2185,"MERS-CoV","Severity - proportion of asymptomatic cases",17.39,0,"Percentage (%)",NA,NA,"Unspecified",NA,NA,NA,NA,NA,16,92,NA,NA,NA,NA,NA,NA,NA,FALSE,NA,NA,NA,NA,FALSE,NA,NA,NA,NA,NA,NA,"Both","Hospital based","Persons with symptoms",NA,NA,92,"Iran (Islamic Republic of); Jordan; Philippines; Republic of Korea; Saudi Arabia; United Arab Emirates",NA,1,"4","2012","7","7","2015",NA,NA,NA,NA,FALSE,FALSE,NA,"Severity",NA,NA,NA
"2e5f4040ca9e1f57cdad6fcf6310585d","b2865aa78c3a6c0df9bdf0c3f386e587",2185,"MERS-CoV","Risk factors",NA,0,NA,NA,NA,"Unspecified",NA,NA,NA,NA,NA,NA,NA,NA,NA,NA,NA,NA,NA,NA,FALSE,"Start outbreak",NA,NA,NA,FALSE,NA,"Severe disease (in general population)","Occupation","Healthcare","Significant","Not adjusted","Both","Hospital based","Persons under investigation",2,90,183,"Iran (Islamic Republic of); Jordan; Philippines; Republic of Korea; Saudi Arabia; United Arab Emirates",NA,1,"4","2012","7","7","2015",NA,NA,NA,NA,FALSE,FALSE,NA,"Risk factors",NA,NA,NA
"e861c71377f433c7f80a09c3285411ca","ac3dc9d8832ce4dcf0d7807e716d7104",2186,"MERS-CoV","Risk factors",NA,0,NA,NA,NA,"Unspecified",NA,NA,NA,NA,NA,NA,NA,NA,NA,NA,NA,NA,NA,NA,FALSE,"Post outbreak",NA,NA,NA,NA,NA,"Death (in general population)","Age,Comorbidity,Hospitalisation,Sex,Camel contact (other),Other","Unspecified","Not significant","Not adjusted",NA,"Community based","Persons under investigation",NA,NA,1094,NA,NA,23,"9","2012","11","11","2016",NA,NA,NA,NA,FALSE,FALSE,NA,"Risk factors",NA,NA,NA
"e861c71377f433c7f80a09c3285411ca","a649a5fe379201ffac90e7bf3f1a5409",2186,"MERS-CoV","Risk factors",NA,0,NA,NA,NA,"Unspecified",NA,NA,NA,NA,NA,NA,NA,NA,NA,NA,NA,NA,NA,NA,FALSE,"Post outbreak",NA,NA,"Time",TRUE,FALSE,"Death (in general population)","Other","Unspecified","Significant","Not adjusted","Both","Community based","Persons under investigation",NA,NA,1094,NA,NA,23,"9","2012","11","11","2016",NA,NA,NA,NA,FALSE,FALSE,NA,"Risk factors",NA,NA,NA
"6e330cd86fcf5778907d635b9f89b209","48af257330eddd484c14f4b5c6b334ef",2197,"MERS-CoV","Severity - case fatality rate (CFR)",19.2,0,"Percentage (%)",15.2,21.2,"Unspecified",NA,NA,NA,NA,NA,228,1186,NA,NA,NA,NA,NA,NA,NA,FALSE,NA,"Naive",NA,"Sex",TRUE,NA,NA,NA,NA,NA,NA,"Both",NA,"Persons under investigation",0,109,1299,"Saudi Arabia",NA,NA,"6","2012",NA,"12","2015",NA,NA,NA,NA,FALSE,FALSE,NA,"Severity","15.2 - 21.2",NA,NA
"6e330cd86fcf5778907d635b9f89b209","ac5fd505888723d26fa1fe01077425a8",2197,"MERS-CoV","Severity - case fatality rate (CFR)",19.4,0,"Percentage (%)",15.8,21.8,"Unspecified",NA,NA,NA,NA,NA,36,186,NA,NA,NA,NA,NA,NA,NA,FALSE,NA,"Naive",NA,"Sex",TRUE,FALSE,NA,NA,NA,NA,NA,"Both",NA,"Persons under investigation",16,87,186,"Republic of Korea",NA,NA,"6","2012",NA,"12","2015",NA,NA,NA,NA,FALSE,FALSE,NA,"Severity","15.8 - 21.8",NA,NA
"494501c791051f13b0f9f6f36ff469e2","92dee8e1d83e5c74a00a2454a8f4574b",2212,"MERS-CoV","Severity - case fatality rate (CFR)",37,0,"Percentage (%)",3.23,100,"Unspecified",NA,NA,NA,NA,NA,NA,NA,NA,NA,NA,NA,NA,NA,NA,FALSE,"Unspecified","Unspecified",NA,"Age; Level of exposure; Occupation; Sex; Symptoms; Other",TRUE,NA,NA,NA,NA,NA,NA,"Both","Hospital based","Persons under investigation",NA,NA,51,"Saudi Arabia","King Fahd General Hospital; Jeddah",NA,"1","2014",NA,"12","2014",NA,NA,NA,NA,FALSE,FALSE,NA,"Severity","3.23 - 100",NA,NA
"494501c791051f13b0f9f6f36ff469e2","d238f1c69d447eeeb9adfe0ec8ec03c0",2212,"MERS-CoV","Risk factors",NA,0,NA,NA,NA,"Unspecified",NA,NA,NA,NA,NA,NA,NA,NA,NA,NA,NA,NA,NA,NA,FALSE,"Unspecified",NA,NA,NA,NA,NA,"Death (in general population)","Occupation,Sex,Other","Healthcare","Significant","Not adjusted","Both","Hospital based","Mixed groups",NA,NA,51,"Saudi Arabia","King Fahd General Hospital; Jeddah",NA,"1","2014",NA,"12","2014",NA,NA,NA,NA,FALSE,FALSE,NA,"Risk factors",NA,NA,NA
"494501c791051f13b0f9f6f36ff469e2","863a5ad1b4f4256fc93d03704fb8403d",2212,"MERS-CoV","Risk factors",NA,0,NA,NA,NA,"Unspecified",NA,NA,NA,NA,NA,NA,NA,NA,NA,NA,NA,NA,NA,NA,NA,"Unspecified",NA,NA,NA,NA,NA,"Death (in general population)","Age,Comorbidity,Other",NA,"Not significant","Not adjusted","Both","Hospital based","Mixed groups",NA,NA,51,"Saudi Arabia","King Fahd General Hospital; Jeddah",NA,"1","2014",NA,"12","2014",NA,NA,NA,NA,FALSE,FALSE,NA,"Risk factors",NA,NA,NA
"494501c791051f13b0f9f6f36ff469e2","35d9f390394ecf6bb37b43aebdd7055f",2212,"MERS-CoV","Risk factors",NA,0,NA,NA,NA,"Unspecified",NA,NA,NA,NA,NA,NA,NA,NA,NA,NA,NA,NA,NA,NA,FALSE,"Unspecified",NA,NA,NA,FALSE,NA,"Death (in general population)","Other",NA,"Significant","Adjusted","Both","Hospital based","Mixed groups",NA,NA,51,"Saudi Arabia","King Fahd General Hospital; Jeddah",NA,"1","2014",NA,"12","2014",NA,NA,NA,NA,FALSE,FALSE,NA,"Risk factors",NA,NA,NA
"494501c791051f13b0f9f6f36ff469e2","4cb6850bcc703350f0c7dfd8873ae57c",2212,"MERS-CoV","Risk factors",NA,0,NA,NA,NA,"Unspecified",NA,NA,NA,NA,NA,NA,NA,NA,NA,NA,NA,NA,NA,NA,FALSE,"Unspecified",NA,NA,NA,FALSE,NA,"Death (in general population)","Other",NA,"Not significant","Adjusted","Both","Hospital based","Mixed groups",NA,NA,51,"Saudi Arabia","King Fahd General Hospital; Jeddah",NA,"1","2014",NA,"12","2014",NA,NA,NA,NA,FALSE,FALSE,NA,"Risk factors",NA,NA,NA
"494501c791051f13b0f9f6f36ff469e2","6cfb59a1d820cdac453e4526ef5aa340",2212,"MERS-CoV","Risk factors",NA,0,NA,NA,NA,"Unspecified",NA,NA,NA,NA,NA,NA,NA,NA,NA,NA,NA,NA,NA,NA,FALSE,"Unspecified",NA,NA,NA,FALSE,NA,"Severe disease (in general population)","Other",NA,"Significant","Not adjusted","Both","Hospital based","Mixed groups",NA,NA,51,"Saudi Arabia","King Fahd General Hospital; Jeddah",NA,"1","2014",NA,"12","2014",NA,NA,NA,NA,FALSE,FALSE,NA,"Risk factors",NA,NA,NA
"494501c791051f13b0f9f6f36ff469e2","b71acdae119a1237d4753d86d01d09cf",2212,"MERS-CoV","Risk factors",NA,0,NA,NA,NA,"Unspecified",NA,NA,NA,NA,NA,NA,NA,NA,NA,NA,NA,NA,NA,NA,FALSE,"Unspecified",NA,NA,NA,NA,NA,"Severe disease (in general population)","Other",NA,"Not significant","Not adjusted","Both","Hospital based","Mixed groups",NA,NA,51,"Saudi Arabia","King Fahd General Hospital; Jeddah",NA,"1","2014",NA,"12","2014",NA,NA,NA,NA,FALSE,FALSE,NA,"Risk factors",NA,NA,NA
"e47315935bbeb69e5956675cc6a51896","8be236d96573dfd9280f5c63cc29b7e6",2215,"MERS-CoV","Severity - case fatality rate (CFR)",NA,0,NA,NA,NA,"Unspecified",NA,NA,NA,NA,NA,5,28,NA,NA,NA,NA,NA,NA,NA,FALSE,"Mid outbreak","Adjusted",NA,NA,FALSE,NA,NA,NA,NA,NA,NA,"Unspecified","Contact based","Persons under investigation",NA,NA,28,"Republic of Korea","Pyeongtaek; National Medical Center;  Seoul;  Korea",20,"5","2015","3","6","2015",NA,NA,NA,NA,FALSE,FALSE,NA,"Severity",NA,NA,NA
"479b57e064e1abb85440faea3b946f27","58833c684f0e42277ed9e10af21fa30e",14039,"MERS-CoV","Seroprevalence - PRNT",NA,0,"Percentage (%)",67.7,100,"Unspecified",NA,NA,NA,NA,NA,38,49,NA,NA,NA,NA,NA,NA,NA,FALSE,"Post outbreak","Naive",NA,"Symptoms; Time",TRUE,FALSE,NA,NA,NA,NA,NA,"Both","Hospital based","Persons under investigation",28,74,48,"Saudi Arabia","Jeddah; Riyadh",NA,NA,NA,NA,NA,NA,NA,NA,NA,NA,FALSE,FALSE,NA,"Seroprevalence","67.7 - 100",NA,NA
"479b57e064e1abb85440faea3b946f27","4034c65a112a2938cd2a5f7d7fdd49ae",14039,"MERS-CoV","Seroprevalence - IgG",0.032258064516129,0,"Percentage (%)",NA,NA,"Unspecified",NA,NA,NA,NA,NA,12,38,NA,NA,NA,NA,NA,NA,NA,FALSE,"Post outbreak","Naive",NA,NA,FALSE,NA,NA,NA,NA,NA,NA,"Both","Hospital based","Mixed groups",NA,NA,38,"Saudi Arabia","Jeddah; Riyadh",NA,NA,NA,NA,NA,NA,NA,NA,NA,NA,TRUE,FALSE,NA,"Seroprevalence",NA,NA,NA
