"id","covidence_id","pathogen","first_author_first_name","first_author_surname","article_title","doi","journal","year_publication","volume","issue","page_first","page_last","paper_copy_only","notes","qa_m1","qa_m2","qa_a3","qa_a4","qa_d5","qa_d6","qa_d7","covidence_id_text","double_extracted","article_label"
"94e5e0fe81a9c57d83a8118bdc7424c0",1693,"MERS-CoV","Ran-hui","Cha","Renal Complications and Their Prognosis in Korean Patients with Middle East Respiratory Syndrome-Coronavirus from the Central MERS-CoV Designated Hospital.","https://doi.org/10.3346/jkms.2015.30.12.1807","Journal Of Korean Medical Science",2015,30,NA,"1807","1814",FALSE,"Looking specifically at kidney outcomes, but includes general mortality info.","No","No","No","No","Yes","No",NA,1693,0,"Cha 2015"
"6591f6c9ed6f3d6da33b89169d9eae2a",2151,"MERS-CoV","Musa A","Garbati","A Comparative Study of Clinical Presentation and Risk Factors for Adverse Outcome in Patients Hospitalised with Acute Respiratory Disease Due to MERS Coronavirus or Other Causes.","10.1371/journal.pone.0165978","Plos One",2016,11,11,NA,NA,FALSE,NA,"Yes","No","Yes",NA,"Yes","Yes","No",2151,0,"Garbati 2016"
"b1a264cf63419fd0ea99f3bf8f0ad9ec",2221,"MERS-CoV","SY","Cho","MERS-CoV outbreak following a single patient exposure in an emergency room in South Korea: an epidemiological outbreak study","10.1016/ S0140-6736(16)30623-7","Lancet",2016,388,NA,"994","1001",FALSE,NA,"Yes","Yes","Yes","Yes","No","Yes","No",2221,0,"Cho 2016"
"aeb1aa4d5d38ef35baeed626edbc3cd5",2226,"MERS-CoV","S","Xiao","A study of the probable transmission routes of MERS-CoV during the first hospital outbreak in the Republic of Korea","10.1111/ina.12430","Indoor Air",2018,28,NA,"51","63",FALSE,"Not a high quality paper.","No","No","No","No","No","No","No",2226,0,"Xiao 2018"
"5af2150ddd8404953062779e35a2f196",2240,"MERS-CoV","JC","Hunter","Transmission of Middle East Respiratory Syndrome Coronavirus Infections in Healthcare Settings, Abu Dhabi","10.3201/eid2204.151615","Emerging Infectious Diseases",2016,22,4,"647","656",FALSE,NA,"Yes","No","Yes","No","Yes","Yes","No",2240,0,"Hunter 2016"
"175748f9891cc2adb30d3acd85bb6d8b",2254,"MERS-CoV","O","Adegboye","Individual and network characteristic associated withhospital-acquired Middle East Respiratory Syndrome coronavirus","10.1016/j.jiph.2018.12.002","Journal Of Infection And Public Health",2019,12,NA,"343","349",FALSE,NA,"No","Yes","Yes","Yes","Yes","Yes","No",2254,0,"Adegboye 2019"
"1a77fb5a079f866e02b3dbfc5fb6aa49",2257,"MERS-CoV","H","Erdem","Infections in travellers returning to Turkey from the Arabian peninsula: a retrospective cross-sectional multicenter study","10.1007/s10096-016-2614-z","European Journal Of Clinical Microbiology And Infectious Diseases",2016,35,NA,"903","910",FALSE,NA,"No","No",NA,NA,"Yes","No","No",2257,0,"Erdem 2016"
"980e3ee7de7b0943a1d08a9d3519a898",2265,"MERS-CoV","AE","Ahmed","Development of a risk-prediction model for Middle East respiratory syndrome coronavirus infection in dialysis patients","10.1111/hdi.12661","Hemodialysis International",2018,22,NA,"474","479",FALSE,NA,"No","Yes","Yes","No","Yes","Yes","No",2265,0,"Ahmed 2018"
"8071630c4fc0806191cf8fef223ce724",2271,"MERS-CoV","SH","Park","Epidemiologic Parameters of the Middle East Respiratory Syndrome Outbreak in Korea, 2015","10.3947/ic.2016.48.2.108","Infection & Chemotherapy",2016,48,2,"108","117",FALSE,NA,"Yes","No","Yes","No","Yes","Yes","No",2271,0,"Park 2016"
"a7c4dde6afa87f4fca8ec3109ede4edc",2273,"MERS-CoV","YJ","Song","Asymptomatic Middle East Respiratory Syndrome coronavirus infection using a serologic survey in Korea","10.4178/epih.e2018014","Epidemiology And Health",2018,40,NA,NA,NA,FALSE,NA,"No",NA,NA,NA,NA,"Yes",NA,2273,0,"Song 2018"
"a05f1f0e4d32bdaf50f09b40fa48056c",2277,"MERS-CoV","FS","Alhamlan","Case characteristics among Middle East respiratory syndrome coronavirus outbreak and non-outbreak cases in Saudi Arabia from 2012 to 2015","10.1136/bmjopen-2016-011865","Bmj Open",2017,7,1,NA,NA,FALSE,NA,NA,NA,NA,NA,"Yes","Yes",NA,2277,0,"Alhamlan 2017"
"f9bd23e3330219321495f4b86c460aa9",2283,"MERS-CoV","B","Alraddadi","Patient characteristics infected with Middle East respiratory syndrome coronavirus infection in a tertiary hospital","10.4103/1817-1737.180027","Annals Of Thoracic Medicine",2016,11,2,"128","131",FALSE,NA,"No",NA,NA,NA,"Yes","Yes",NA,2283,0,"Alraddadi 2016"
"af371c2c632673ae7e222aafef94f989",2289,"MERS-CoV","P","Munyua","No Serologic Evidence of Middle East Respiratory Syndrome Coronavirus Infection Among Camel Farmers Exposed to Highly Seropositive Camel Herds: A Household Linked Study, Kenya, 2013","10.4269/ajtmh.16-0880","American Journal Of Tropical Medicine And Hygiene",2017,96,6,"1318","1324",FALSE,NA,NA,NA,NA,NA,"Yes","Yes",NA,2289,0,"Munyua 2017"
"5b3dbc34cf70444ec51a4d7861123e25",2292,"MERS-CoV","I","Choi","Effects of Timely Control Intervention on the Spread of Middle East Respiratory Syndrome Coronavirus Infection","10.24171/j.phrp.2017.8.6.03","Osong Public Health And Research Perspectives",2017,8,6,"373","376",FALSE,NA,"Yes","Yes","Yes","Yes","Yes","No","Yes",2292,0,"Choi 2017"
"f09d6d864abf6adde2a342f0d7e21bf8",2294,"MERS-CoV","BJ","Cowling","Preliminary epidemiological assessment of MERS-CoV outbreak in South Korea, May to June 2015","10.2807/1560-7917.ES2015.20.25.21163","Eurosurveillance",2015,20,25,NA,NA,FALSE,NA,"No",NA,NA,"No",NA,"Yes","No",2294,0,"Cowling 2015"
"a5862c791b0355dc1d1f4a40c1c8ce8e",2316,"MERS-CoV","BM","Alraddadi","Risk Factors for Primary Middle East Respiratory Syndrome Coronavirus Illness in Humans, Saudi Arabia, 2014","10.3201/eid2201.151340","Emerging Infectious Diseases",2016,22,1,"49","55",FALSE,NA,"No","Yes",NA,NA,NA,"Yes","No",2316,0,"Alraddadi 2016"
"9e85a99198e465867cb5b7dd750b64be",2321,"MERS-CoV","Hanan H.","Balkhy","Description of a Hospital Outbreak of Middle East Respiratory Syndrome in a Large Tertiary Care Hospital in Saudi Arabia.","10.1017/ice.2016.132","Infection Control And Hospital Epidemiology",2016,37,10,"1147","1155",FALSE,NA,"Yes","Yes",NA,NA,"Yes","Yes","No",2321,0,"Balkhy 2016"
"40d578d9edd6f721859a0abc9615b174",2326,"MERS-CoV","AbdulSalam A.","Noorwali","Descriptive epidemiology and characteristics of confirmed cases of Middle East respiratory syndrome coronavirus infection in the Makkah Region of Saudi Arabia, March to June 2014.","10.5144/0256-4947.2015.203","Annals Of Saudi Medicine",2015,35,3,"203","209",FALSE,NA,"No","Yes","No",NA,"Yes","Yes","No",2326,0,"Noorwali 2015"
"856b5d3ccf1ae8fa48c89eb051de3abe",2336,"MERS-CoV","Anne","Liljander","MERS-CoV Antibodies in Humans, Africa, 2013-2014","10.3201/eid2206.160064","Emerging Infectious Diseases",2016,22,6,"1086","1089",FALSE,NA,"Yes","Yes","No","No","Yes","Yes","Yes",2336,0,"Liljander 2016"
"93ceac50614031112a230e51a62b7a5a",2350,"MERS-CoV","C. R.","Paden","Zoonotic origin and transmission of Middle East respiratory syndrome coronavirus in the UAE.","10.1111/zph.12435","Zoonoses And Public Health",2018,65,3,"322","333",FALSE,NA,"Yes","Yes","Yes","Yes","Yes","No","No",2350,0,"Paden 2018"
"fd53cb1aaad631a9d7f6deb282b1badd",2352,"MERS-CoV","Abdullah","Assiri","Multifacility Outbreak of Middle East Respiratory Syndrome in Taif, Saudi Arabia.","10.3201/eid2201.151370","Emerging Infectious Diseases",2016,22,1,"32","40",FALSE,"study across 4 hospitals (no identified) in Taif, hospital B had outbreak in dialysis unit","Yes","Yes","Yes",NA,"Yes","Yes","No",2352,0,"Assiri 2016"
"1ed0035f63829d83751c35f0497bd080",2354,"MERS-CoV","Jae-Hoon","Ko","Host susceptibility to MERS-CoV infection, a retrospective cohort study of the 2015 Korean MERS outbreak.","10.1016/j.jiac.2017.09.008","Journal Of Infection And Chemotherapy : Official Journal Of The Japan Society Of Chemotherapy",2018,24,2,"150","152",FALSE,NA,"Yes","Yes",NA,NA,"Yes","Yes","No",2354,0,"Ko 2018"
"a979d8b77d075bd1770e00ef2727536b",2356,"MERS-CoV","Deborah L.","Hastings","Outbreak of Middle East Respiratory Syndrome at Tertiary Care Hospital, Jeddah, Saudi Arabia, 2014.","10.3201/eid2205.151797","Emerging Infectious Diseases",2016,22,5,"794","801",FALSE,NA,"No","Yes","Yes","Yes","Yes","Yes","No",2356,0,"Hastings 2016"
"809fa9724d5cfa321fdffd4ea1ba3fe4",2357,"MERS-CoV","Justin","Lessler","Estimating the Severity and Subclinical Burden of Middle East Respiratory Syndrome Coronavirus Infection in the Kingdom of Saudi Arabia","10.1093/aje/kwv452","American Journal Of Epidemiology",2016,183,7,"657","663",FALSE,NA,"Yes","Yes","Yes","No","Yes","Yes","Yes",2357,0,"Lessler 2016"
"6eb65f4c26030546e72a36c64e95d229",2359,"MERS-CoV","M Allison","Arwady","Middle East Respiratory Syndrome Coronavirus Transmission in Extended Family, Saudi Arabia, 2014","10.3201/eid2208.152015","Emerging Infectious Diseases",2016,22,8,"1395","1402",FALSE,NA,"Yes","No","No","No","Yes","Yes","No",2359,0,"Arwady 2016"
"2038b28e2afd63f10f48fb569fddd4c9",2364,"MERS-CoV","Shamsudeen F.","Fagbo","Molecular Epidemiology of Hospital Outbreak of Middle East Respiratory Syndrome, Riyadh, Saudi Arabia, 2014","10.3201/eid2111.150944","Emerging Infectious Diseases",2015,21,11,"1981","1988",FALSE,NA,"Yes","Yes","Yes","Yes","Yes","No","No",2364,0,"Fagbo 2015"
"cc10c38367a6e5007c9021697bf2c9a1",2367,"MERS-CoV","Anwar E.","Ahmed","The predictors of 3- and 30-day mortality in 660 MERS-CoV patients","10.1186/s12879-017-2712-2","Bmc Infectious Diseases",2017,17,1,"615",NA,FALSE,NA,"Yes","Yes","Yes","Yes","No","Yes","No",2367,0,"Ahmed 2017"
"e0776795694a3b3e9f30ffc19deea5a6",2371,"MERS-CoV","Victor","Virlogeux","Association between Severity of MERS-CoV Infection and Incubation Period","10.3201/eid2203.151437","Emerging Infectious Diseases",2016,22,3,"526","528",FALSE,"A Dispatch article","Yes","Yes","Yes","Yes","Yes","Yes","Yes",2371,0,"Virlogeux 2016"
"8c3fa94167f9580ad6dd091361a596bd",2379,"MERS-CoV","Seung Woo","Kim","Risk Factors for Transmission of Middle East Respiratory Syndrome Coronavirus Infection During the 2015 Outbreak in South Korea","10.1093/cid/ciw768","Clinical Infectious Diseases : An Official Publication Of The Infectious Diseases Society Of America",2017,64,5,"551","557",FALSE,NA,"Yes","Yes","Yes","Yes","Yes","Yes","Yes",2379,0,"Kim 2017"
"c71aeb1edd577e9af555dd64a646b9a7",2382,"MERS-CoV","Basem M.","Alraddadi","Risk Factors for Middle East Respiratory Syndrome Coronavirus Infection among Healthcare Personnel","10.3201/eid2211.160920","Emerging Infectious Diseases",2016,22,11,"1915","1920",FALSE,NA,"Yes","No","Yes","Yes","Yes","Yes","Yes",2382,0,"Alraddadi 2016"
"2dc31f058dfd63387ff87ffb48b71e80",2388,"MERS-CoV","Ziad","Memish","Middle East respiratory syndrome coronavirus (MERS-CoV): A cluster analysis with implications for global management of suspected cases","10.1016/j.tmaid.2015.06.012","Travel Medicine And Infectious Disease",2015,13,NA,"311","314",FALSE,NA,"Yes","Yes",NA,NA,"Yes","No","No",2388,0,"Memish 2015"
"369055613b376fdfad0340e58deafa9c",2389,"MERS-CoV","Nahid","Sherbini","Middle East respiratory syndrome coronavirus in Al-Madinah City, Saudi Arabia: Demographic, clinical and survival data","10.1016/j.jegh.2016.05.002","Journal Of Epidemiology And Global Health",2017,7,1,"29","36",FALSE,NA,"Yes","Yes",NA,NA,"Yes","Yes","No",2389,0,"Sherbini 2017"
"4d0d607dee48dcb4ffd97abc53fe062a",2392,"MERS-CoV","Sarah","Alfaraj","Middle East respiratory syndrome coronavirus transmission among health care workers: Implication for infection control","10.1016/j.ajic.2017.08.010","American Journal Of Infection Control",2018,46,NA,"165","168",FALSE,NA,"Yes","Yes",NA,NA,"Yes","No","No",2392,0,"Alfaraj 2018"
"f0b4e8bfb19422cacad04dc718070eb9",2408,"MERS-CoV","Pyoeng","Choe","MERS-CoV Antibody Responses 1 Year after Symptom Onset, South Korea, 2015","10.3201/eid2307.170310","Emerging Infectious Diseases",2017,23,7,"1079","1084",FALSE,NA,"Yes","Yes",NA,NA,"Yes","Yes","No",2408,0,"Choe 2017"
"66852fc622c933098b8a74da1ac85660",2410,"MERS-CoV","Fadilah","Aleanizy","Outbreak of Middle East respiratory syndrome coronavirus in Saudi Arabia: a retrospective stud","10.1186/s12879-016-2137-3","Bmc Infectious Diseases",2017,17,23,NA,NA,FALSE,NA,"Yes","Yes",NA,NA,"Yes","No","No",2410,0,"Aleanizy 2017"
"859a2be2ae36b612c73148df2448fbf2",2419,"MERS-CoV","Abdullah","Alsahafi","The epidemiology of Middle East respiratory syndrome coronavirus in the Kingdom of Saudi Arabia, 2012-2015","10.1016/j.ijid.2016.02.004","International Journal Of Infectious Diseases",2016,45,NA,NA,NA,FALSE,"The parameters in this article are all for mixed settings/groups, namely primary cases presenting to hospitals as well as secondary household, inpatient and healthcare-worker contacts. These settings are also the 'other' disaggregation. The 'other' risk factor is for asymptomatic proportion.","Yes","Yes",NA,NA,"Yes","Yes","No",2419,0,"Alsahafi 2016"
"94ae3e2ab76a643388663af14cee7df0",2420,"MERS-CoV","Hae-Sung","Nam","High fatality rates and associated factors in two hospital outbreaks of MERS in Daejeon, the Republic of Korea","10.1016/j.ijid.2017.02.008","International Journal Of Infectious Diseases",2017,58,NA,"37","42",FALSE,NA,"Yes","Yes",NA,NA,"Yes","Yes","No",2420,0,"Nam 2017"
"588a51329d4987005b1ed7aa3dc5a1a2",2421,"MERS-CoV","Adam","Kucharski","The role of superspreading in Middle East respiratory syndrome coronavirus (MERS-CoV) transmission.","10.2807/1560-7917.es2015.20.25.21167","Euro Surveillance : Bulletin Europeen Sur Les Maladies Transmissibles = European Communicable Disease Bulletin",2015,20,25,"45883",NA,FALSE,NA,"Yes","Yes","Yes","Yes","Yes","Yes","Yes",2421,0,"Kucharski 2015"
"155927f107189c6a1842200bed4c16cc",2425,"MERS-CoV","MD","Oh","Middle East Respiratory Syndrome Coronavirus Superspreading Event Involving 81 Persons, Korea 2015.","10.3346/jkms.2015.30.11.1701","Journal Of Korean Medical Science",2015,30,11,"1701","1705",FALSE,NA,"Yes","No","Yes",NA,"Yes","No","No",2425,0,"Oh 2015"
"fb226af7083fcaa43d9c4696b3c97d2f",2428,"MERS-CoV","SH","Park","Outbreaks of Middle East Respiratory Syndrome  in Two Hospitals Initiated by a Single Patient in  Daejeon, South Korea","10.3947/ic.2016.48.2.99","Infection & Chemotherapy",2016,48,2,"99","107",FALSE,NA,"Yes","No","No",NA,"Yes","No","No",2428,0,"Park 2016"
"df1046db5b60ff77dcfb3bfa622a1af6",2430,"MERS-CoV","CK","Kang","Clinical and Epidemiologic Characteristics of Spreaders of Middle East Respiratory Syndrome Coronavirus during the 2015 Outbreak in Korea.","10.3346/jkms.2017.32.5.744","Journal Of Korean Medical Science",2017,32,5,"744","749",NA,NA,"No","Yes","No","No","Yes","Yes","No",2430,0,"Kang 2017"
"6ea1ac777581bf29233db7a332a58abb",2435,"MERS-CoV","FI","Al Hosani","Response to Emergence of Middle East Respiratory Syndrome Coronavirus, Abu Dhabi, United Arab Emirates, 2013-2014.","10.3201/eid2207.160040","Emerging Infectious Diseases",2016,22,7,"1162","1168",FALSE,NA,"Yes","No","Yes","Yes","Yes","No","No",2435,0,"Al Hosani 2016"
"9c37af6b428200c3f6cd1419ed25f303",2454,"MERS-CoV","KH","Kim","Middle East respiratory syndrome coronavirus (MERS-CoV) outbreak in South Korea, 2015: epidemiology, characteristics and public health implications.","10.1016/j.jhin.2016.10.008","Journal Of Hospital Infection",2017,95,2,"207","213",FALSE,NA,"Yes","Yes","Yes","Yes","Yes","No","No",2454,0,"Kim 2017"
"061da41e122abe3e562ec49c749f433a",2459,"MERS-CoV","SA","Eifan","A pandemic risk assessment of middle east respiratory syndrome coronavirus (MERS-CoV) in Saudi Arabia.","10.1016/j.sjbs.2017.06.001","Saudi Journal Of Biological Sciences",2017,24,7,"1631","1638",FALSE,NA,"No","Yes","Yes","Yes","Yes","Yes","Yes",2459,0,"Eifan 2017"
"82cac87d15549956112ec0eb6b0ce988",2462,"MERS-CoV","Ghaleb A.","Almekhlafi","Presentation and outcome of Middle East respiratory syndrome in Saudi intensive care unit patients","10.1186/s13054-016-1303-8","Critical Care",2016,20,1,NA,NA,FALSE,NA,"No","Yes","No","No","Yes","No","Yes",2462,0,"Almekhlafi 2016"
"6ca60d5d43e0f730834be176a923bddc",2475,"MERS-CoV","Caitlin M.","Rivers","Risks of Death and Severe Disease in Patients with Middle East Respiratory Syndrome Coronavirus, 2012-2015","10.1093/aje/kww013","American Journal Of Epidemiology",2016,184,6,"460","464",FALSE,NA,"Yes","No","Yes","Yes","Yes","Yes","Yes",2475,0,"Rivers 2016"
"e9adf140974d78cadc03c2f6e48c1153",2476,"MERS-CoV","Mohammed A.","Garout","Mortality rate of ICU patients with the Middle East Respiratory Syndrome - Coronavirus infection at King Fahad Hospital, Jeddah, Saudi Arabia.","10.21101/cejph.a4764","Central European Journal Of Public Health",2018,26,2,"87","91",FALSE,NA,"No","No","No","No","No","No","No",2476,0,"Garout 2018"
"d7b8af4c3befc7c4426967f005646664",2480,"MERS-CoV","So","Ray","Lack of serological evidence of middle east respiratory syndrome coronavirus infection in virus exposed camel abattoir workers in Nigeria, 2016","10.2807/1560-7917.ES.2018.23.32.1800175","Eurosurveillance",2018,23,32,NA,NA,FALSE,NA,"No","Yes","No","No","Yes","Yes","No",2480,0,"Ray 2018"
"eeeec6bde32eaacad1cd93fba44dc0f9",2496,"MERS-CoV","Ying-Hen","Hsieh","2015 Middle East Respiratory Syndrome Coronavirus (MERS-CoV) nosocomial outbreak in South Korea: insights from modeling","10.7717/peerj.1505","Peerj",2015,3,NA,"1505",NA,FALSE,NA,"Yes","No","No","No","No","Yes","No",2496,0,"Hsieh 2015"
"7703d7820501700d777b9791b26bbc93",2502,"MERS-CoV","Hasan M.","Al-Dorzi","The critical care response to a hospital outbreak of Middle East respiratory syndrome coronavirus (MERS-CoV) infection: an observational study","10.1186/s13613-016-0203-z","Annals Of Intensive Care",2016,6,1,NA,NA,FALSE,NA,"No","No","No","No","Yes","Yes","No",2502,0,"Al-Dorzi 2016"
"b72dd357b5bfc18c668bce0fbcced7d8",2515,"MERS-CoV","Oyelola A","Adegboye","Network Analysis of MERS Coronavirus within Households, Communities, and Hospitals to Identify Most Centralized and Super-Spreading in the Arabian Peninsula, 2012 to 2016","10.1155/2018/6725284","Canadian Journal Of Infectious Diseases And Medical Microbiology",2018,2018,NA,NA,NA,FALSE,NA,"Yes","No","Yes","Yes","Yes","Yes","Yes",2515,0,"Adegboye 2018"
"ee998ef015f346f5a879ccfffa6465cd",2534,"MERS-CoV","Z","Zhang","Evolutionary Dynamics of MERS-CoV: Potential Recombination, Positive Selection and Transmission.","10.1038/srep25049","Scientific Reports",2016,6,NA,"25049",NA,FALSE,NA,"No","Yes","Yes","No","No","No","Yes",2534,0,"Zhang 2016"
"994c0770db51c2bd98bcd6f3c3d7d769",2537,"MERS-CoV","CB","Reusken","Occupational Exposure to Dromedaries and Risk for MERS-CoV Infection, Qatar, 2013-2014.","10.3201/eid2108.150481","Emerging Infectious Diseases",2015,21,8,"1422","1425",FALSE,NA,"Yes","Yes",NA,NA,"Yes","No","No",2537,0,"Reusken 2015"
"8c526ceb6613a22b44febe5c44c5610f",2543,"MERS-CoV","CJ","Kim","Surveillance of the Middle East respiratory syndrome (MERS) coronavirus (CoV) infection in healthcare workers after contact with confirmed MERS patients: incidence and risk factors of MERS-CoV seropositivity.","10.1016/j.cmi.2016.07.017","Clinical Microbiology And Infection : The Official Publication Of The European Society Of Clinical Microbiology And Infectious Diseases",2016,22,10,"880","886",FALSE,NA,"Yes","Yes",NA,NA,"Yes","Yes","No",2543,0,"Kim 2016"
"ec373ea691b65f908bc5c48222aca894",2544,"MERS-CoV","YM","Yang","Impact of Comorbidity on Fatality Rate of Patients with Middle East Respiratory Syndrome.","10.1038/s41598-017-10402-1","Scientific Reports",2017,7,1,"11307",NA,FALSE,NA,"Yes","Yes","Yes","Yes","Yes","Yes","No",2544,0,"Yang 2017"
"279eb1cb6be6323972510e3d457b6346",2547,"MERS-CoV","MW","Seong","Microevolution of Outbreak-Associated Middle East Respiratory Syndrome Coronavirus, South Korea, 2015.","10.3201/eid2202.151700","Emerging Infectious Diseases",2016,22,2,"327","330",FALSE,NA,NA,NA,NA,NA,"No","Yes","No",2547,0,"Seong 2016"
"4429b7180528d7a6b04bfc6c3b1d845e",2554,"MERS-CoV","AE","Ahmed","Diagnostic delays in 537 symptomatic cases of Middle East respiratory syndrome coronavirus infection in Saudi Arabia.","10.1016/j.ijid.2017.07.008","International Journal Of Infectious Diseases : Ijid : Official Publication Of The International Society For Infectious Diseases",2017,62,NA,"47","51",FALSE,NA,"Yes","Yes","Yes",NA,"Yes","Yes",NA,2554,0,"Ahmed 2017"
"071124aa470c565bade12a51455ec9f1",2559,"MERS-CoV","J","Sha","Fatality risks for nosocomial outbreaks of Middle East respiratory syndrome coronavirus in the Middle East and South Korea.","10.1007/s00705-016-3062-x","Archives Of Virology",2017,162,1,"33","44",FALSE,NA,"No","No","No","No","No","No","No",2559,0,"Sha 2017"
"4f59108ec56e430a4df137f76dce774d",2560,"MERS-CoV","SY","Moon","Infectivity of an Asymptomatic Patient With Middle East Respiratory Syndrome Coronavirus Infection.","10.1093/cid/cix170","Clinical Infectious Diseases : An Official Publication Of The Infectious Diseases Society Of America",2017,64,10,"1457","1458",FALSE,"One asymptomatic case, then serology","Yes","Yes",NA,NA,"Yes","No","No",2560,0,"Moon 2017"
"61f9f71cc9ae3c4af59ace88544b8c42",2565,"MERS-CoV","RS","Sikkema","Risk Factors for Primary Middle East Respiratory Syndrome Coronavirus Infection in Camel Workers in Qatar During 2013-2014: A Case-Control Study.","10.1093/infdis/jix174","Journal Of Infectious Diseases",2017,215,11,"1702","1705",FALSE,NA,"No","No",NA,NA,"Yes","Yes","No",2565,0,"Sikkema 2017"
"ad81e038bcfe4c98d85dc8e2e7e6b164",4447,"MERS-CoV","IG","Alghamdi","The pattern of Middle East respiratory syndrome coronavirus in Saudi Arabia: a descriptive epidemiological analysis of data from the Saudi Ministry of Health.","10.2147/IJGM.S67061","International Journal Of General Medicine",2014,7,NA,"417","423",FALSE,NA,"Yes","No","No","No","No","No","No",4447,0,"Alghamdi 2014"
"4ee725aa3ef1e0a6466db73b5a53fa82",4464,"MERS-CoV","MS","Majumder","Estimation of MERS-Coronavirus Reproductive Number and Case Fatality Rate for the Spring 2014 Saudi Arabia Outbreak: Insights from Publicly Available Data.","10.1371/currents.outbreaks.98d2f8f3382d84f390736cd5f5fe133c","Plos Currents",2014,6,NA,NA,NA,FALSE,NA,"No","No","No","No","No","Yes","Yes",4464,0,"Majumder 2014"
"644e62fceff8554a1a1518787b1240a4",4466,"MERS-CoV","AS","Aburizaiza","Investigation of anti-middle East respiratory syndrome antibodies in blood donors and slaughterhouse workers in Jeddah and Makkah, Saudi Arabia, fall 2012.","10.1093/infdis/jit589","Journal Of Infectious Diseases",2014,209,2,"243","246",FALSE,NA,"Yes","No",NA,NA,"Yes","Yes","Yes",4466,0,"Aburizaiza 2014"
"52d022463f4d41e8bdb93c4f089573ff",4488,"MERS-CoV","AJ","Hall","To investigate potential transmission of Middle East respiratory syndrome coronavirus (MERS-CoV) to health care workers in a hospital, we serologically tested hospital contacts of the index case-patient in Saudi Arabia, 4 months after his death. None of the 48 contacts showed evidence of MERS-CoV infection.","10.3201/eid2012.141211","Emerging Infectious Diseases",2014,20,12,"2148","2151",FALSE,NA,"No","No",NA,NA,"Yes","No","No",4488,0,"Hall 2014"
"becb194c35b84ee35f85c15316fa82db",4566,"MERS-CoV","C","Drosten","Transmission of MERS-coronavirus in household contacts.","10.1056/NEJMoa1405858","New England Journal Of Medicine",2014,371,9,"828","835",FALSE,NA,"Yes","Yes","Yes","Yes","Yes","Yes","Yes",4566,0,"Drosten 2014"
"e0c59c55207c8e2e97f10cecf8fb9d04",4734,"MERS-CoV","R","Breban","Interhuman transmissibility of Middle East respiratory syndrome coronavirus: estimation of pandemic risk.","10.1016/S0140-6736(13)61492-0","Lancet (London, England)",2013,382,9893,"694","699",FALSE,NA,"No","No","No","No","Yes","Yes","No",4734,0,"Breban 2013"
"50b393ac6f41485ad8b45b6a208e97c6",4766,"MERS-CoV","G","Chowell","Synthesizing data and models for the spread of MERS-CoV, 2013: key role of index cases and hospital transmission.","10.1016/j.epidem.2014.09.011","Epidemics",2014,9,NA,"40","51",FALSE,NA,"Yes","No","Yes","Yes","No","Yes","Yes",4766,0,"Chowell 2014"
"3acea5924050a981fe20210d96834766",4770,"MERS-CoV","LM","Gardner","A scenario-based evaluation of the Middle East respiratory syndrome coronavirus and the Hajj.","10.1111/risa.12253","Risk Analysis : An Official Publication Of The Society For Risk Analysis",2014,34,8,"1391","1400",FALSE,NA,"No","No","No","No",NA,NA,NA,4770,0,"Gardner 2014"
"ad6eee76b1e091a94998be8c475ca0e7",4815,"MERS-CoV","JA","Al-Tawfiq","Middle East respiratory syndrome coronavirus: a case-control study of hospitalized patients.","10.1093/cid/ciu226","Clinical Infectious Diseases : An Official Publication Of The Infectious Diseases Society Of America",2014,59,2,"160","165",FALSE,NA,"No","No","No",NA,"Yes","No","Yes",4815,0,"Al-Tawfiq 2014"
"c689257ac48f08c26aff48f206a9df1a",4825,"MERS-CoV","PM","Penttinen","Taking stock of the first 133 MERS coronavirus cases globally--Is the epidemic changing?","10.2807/1560-7917.es2013.18.39.20596","Euro Surveillance",2013,18,39,"1","5",FALSE,"pii=20596","No","No","No","No","No","Yes","No",4825,0,"Penttinen 2013"
"de77fd42a7988d70188456e577c49a33",4834,"MERS-CoV","ZA","Memish","Community case clusters of Middle East respiratory syndrome coronavirus in Hafr Al-Batin, Kingdom of Saudi Arabia: a descriptive genomic study.","10.1016/j.ijid.2014.03.1372","International Journal Of Infectious Diseases : Ijid : Official Publication Of The International Society For Infectious Diseases",2014,23,NA,"63","68",FALSE,NA,"No","No","No","No","No","No","No",4834,0,"Memish 2014"
"b6d74f4383b0b0a9173dfcca87ca2bea",4838,"MERS-CoV","A","Assiri","Hospital outbreak of Middle East respiratory syndrome coronavirus.","10.1056/NEJMoa1306742","New England Journal Of Medicine",2013,369,5,"407","416",FALSE,NA,"Yes","Yes","No","No","Yes","No","No",4838,0,"Assiri 2013"
"d302c3d263bea9912407092248975387",4842,"MERS-CoV","C","Poletto","Assessment of the Middle East respiratory syndrome coronavirus (MERS-CoV) epidemic in the Middle East and risk of international spread using a novel maximum likelihood analysis approach.",NA,"Euro Surveillance : Bulletin Europeen Sur Les Maladies Transmissibles = European Communicable Disease Bulletin",2014,19,23,"1","10",FALSE,"Article id 20699","No","No","No","No","No","Yes","No",4842,0,"Poletto 2014"
"45daee9a3f6de4e7cd5a2b972eac46d2",4864,"MERS-CoV","M","Cotten","Spread, circulation, and evolution of the Middle East respiratory syndrome coronavirus.","10.1128/mBio.01062-13","Mbio",2014,5,1,"1","11",FALSE,NA,"Yes","Yes","Yes","Yes","No","No","No",4864,0,"Cotten 2014"
"0e1a4db7d8b41a49bb8ae8b61e2e0fc0",4868,"MERS-CoV","M","Al-Abdallat","Hospital-associated outbreak of Middle East respiratory syndrome coronavirus: a serologic, epidemiologic, and clinical description.","10.1093/cid/ciu359","Clinical Infectious Diseases : An Official Publication Of The Infectious Diseases Society Of America",2014,59,9,"1225","1233",FALSE,NA,"Yes","No","No","No","No","Yes","No",4868,0,"Al-Abdallat 2014"
"9dc7c8f6ec7176966b28192f8353c686",4934,"MERS-CoV","Abdullah","Assiri","Epidemiological, demographic, and clinical characteristics of 47 cases of Middle East respiratory syndrome coronavirus disease from Saudi Arabia: A descriptive study","10.1016/S1473-3099(13)70204-4","Lancet Infectious Diseases",2013,13,9,"752","761",FALSE,NA,"No","No","No","No","Yes","Yes","No",4934,0,"Assiri 2013"
"fc17d9fa18fdf9b28e8d864ca9e0dd96",5087,"MERS-CoV","Justin","Lessler","Estimating Potential Incidence of MERS-CoV Associated with Hajj Pilgrims to Saudi Arabia, 2014","10.1371/currents.outbreaks.c5c9c9abd636164a9b6fd4dbda974369","Plos Currents",2014,6,NA,NA,NA,FALSE,NA,"Yes","Yes","Yes","Yes",NA,NA,NA,5087,0,"Lessler 2014"
"22ffdb3032fdf4d9527a04fcecfa8077",5103,"MERS-CoV","Stefanie","Gierer","Lack of MERS coronavirus neutralizing antibodies in humans, Eastern Province, Saudi Arabia","10.3201/eid1912.130701","Emerging Infectious Diseases",2013,19,12,"2034","2036",FALSE,NA,"Yes","Yes",NA,NA,"Yes","Yes","No",5103,0,"Gierer 2013"
"4846d94d4e265fabc3e2cf45ee860376",5130,"MERS-CoV","Seth","Blumberg","Detecting Differential Transmissibilities That Affect the Size of Self-Limited Outbreaks","10.1371/journal.ppat.1004452","Plos Pathogens",2014,10,10,NA,NA,FALSE,NA,"Yes","Yes","Yes","Yes","Yes","Yes","No",5130,0,"Blumberg 2014"
"d83a0988aadcf09dc95566647dcc18b6",5136,"MERS-CoV","Simon","Cauchemez","Middle East respiratory syndrome coronavirus: Quantification of the extent of the epidemic, surveillance biases, and transmissibility","10.1016/S1473-3099(13)70304-9","Lancet Infectious Diseases",2014,14,1,"50","56",FALSE,NA,"No","No","No","No","Yes","No","No",5136,0,"Cauchemez 2014"
"120a16c1685bb8db9e3966e9294ef7c3",5145,"MERS-CoV","RA","Perera","Seroepidemiology for MERS coronavirus using microneutralisation and pseudoparticle virus neutralisation assays reveal a high prevalence of antibody in dromedary camels in Egypt, June 2013.",NA,"Eurosurveillance",2013,18,36,"20574",NA,FALSE,NA,"Yes","Yes",NA,NA,"No","No","No",5145,0,"Perera 2013"
"87e639d14a627acdd0c1b30fce115bae",5152,"MERS-CoV","Mustafa","Saad","Clinical aspects and outcomes of 70 patients with Middle East respiratory syndrome coronavirus infection: a single-center experience in Saudi Arabia","10.1016/j.ijid.2014.09.003","International Journal Of Infectious Diseases",2014,29,NA,"301","306",FALSE,NA,"Yes","No","Yes","Yes","Yes","No","No",5152,0,"Saad 2014"
"27036658ba69d25e12c64e7402ff8f6a",5155,"MERS-CoV","Annicka","Reuss","Contact investigation for imported case of middle east respiratory syndrome, Germany","10.3201/eid2004.131375","Emerging Infectious Diseases",2014,20,4,"620","625",FALSE,"There are some risk factors, but they are not useful (the outcomes are whether the contacts were close are less-close distance), so I did not extract them.","No","No","No","No","No","No","No",5155,0,"Reuss 2014"
"9ef70e8c4f4a68899305336327ccd620",5175,"MERS-CoV","ZA","Memish","Screening for Middle East respiratory syndrome coronavirus infection in hospital patients and their healthcare worker and family contacts: a prospective descriptive study.","10.1111/1469-0691.12562","Clinical Microbiology And Infection",2014,20,5,"469","474",FALSE,NA,"Yes","No","No","No","Yes","Yes","No",5175,0,"Memish 2014"
"fc3a2f4a6b01c2b420310c8c84eb2c16",10317,"MERS-CoV","X","Zhang","Epidemic Spreading Characteristics and Immunity Measures Based on Complex Network with Contact Strength and Community Structure","10.1155/2015/316092","Mathematical Problems In Engineering",2015,NA,NA,NA,NA,FALSE,NA,"No","No","Yes","No","Yes","No","No",10317,0,"Zhang 2015"
"8ce153ae5029247136cb5c861ac3012f",10460,"MERS-CoV","D","Suryani","Deterministic and Stochastic Models for Middle East Respiratory Syndrome (MERS)","10.1063/1.5026089","Symposium On Biomathematics (Symomath) 2017",2018,1937,NA,NA,NA,FALSE,NA,NA,NA,"No","No",NA,NA,NA,10460,0,"Suryani 2018"
"a1f905c401d6211803c159a041a59d3c",10770,"MERS-CoV","B","Yong","Dynamical Transmission Model of MERS-CoV in Two Areas","10.1063/1.4942993","Application Of Mathematics In Industry And Life",2016,1716,NA,NA,NA,FALSE,NA,NA,NA,"Yes","No",NA,NA,NA,10770,0,"Yong 2016"
"6bbbe4d42e114cfad516a7bcaf84b124",11230,"MERS-CoV","MA","Muller","Presence of Middle East respiratory syndrome coronavirus antibodies in Saudi Arabia: a nationwide, cross-sectional, serological study","10.1016/S1473-3099(15)70090-3","Lancet Infectious Diseases",2015,15,6,NA,NA,FALSE,NA,"Yes","No",NA,NA,"Yes","No","No",11230,0,"Muller 2015"
"8cfe8f46f2b56780aea8c1462edcbbc5",11415,"MERS-CoV","Saad","Alhumaid","MERS-CoV transmitted from animal-to-human vs MERS-CoV transmitted from human-to-human: Comparison of virulence and therapeutic outcomes in a Saudi hospital","10.4314/tjpr.v17i6.23","Tropical Journal Of Pharmaceutical Research",2018,17,6,"1155","1164",FALSE,NA,"Yes","No",NA,NA,"Yes","Yes","No",11415,0,"Alhumaid 2018"
"12f8403cd6bc2015e4ec5d13e3747d23",11964,"MERS-CoV","Chi-Myung","Kwon","Applying discrete SEIR model to characterizing MERS spread in Korea","10.1142/S1793962316430030","International Journal Of Modeling Simulation And Scientific Computing",2016,7,4,NA,NA,FALSE,NA,"No","No","Yes","No","Yes","No","No",11964,0,"Kwon 2016"
"9acf1bdf2ccca8ec4c53f356a65f533d",12025,"MERS-CoV","Korea Centers for Disease Control and Prevention","Korea CDC","Middle East Respiratory Syndrome Coronavirus Outbreak in the Republic of Korea, 2015.","10.1016/j.phrp.2015.08.006","Osong Public Health And Research Perspectives",2015,6,4,"269","278",FALSE,NA,"Yes","Yes",NA,NA,"Yes","Yes","Yes",12025,0,"Korea CDC 2015"
"a5348d764b180a755f3f2b5df4cd6ed5",12275,"MERS-CoV","Darae","Jeong","The daily computed weighted averaging basic reproduction number R-0,k,omega(n) for MERS-CoV in South Korea","10.1016/j.physa.2016.01.072","Physica A-Statistical Mechanics And Its Applications",2016,451,NA,"190","197",FALSE,"This paper fitted an SIR model with time-varying transmission and recovery rates to MERS outbreak data in South Korea, but didn't provide any parameter estimate values, rather they presented the plots of weighted average transmission rate, recovery rate, and R0.","No","No","No","No","No","No","No",12275,0,"Jeong 2016"
"536e7f63082586e6ece3ae8dbc06ff6e",12445,"MERS-CoV","DONGHO","Lee","Optimal Control Analysis for the Mers-Cov Outbreak: South Korea Perspectives","10.12941/jksiam.2017.21.143","Journal Of The Korea Society For Industrial And Applied Mathematics",2017,21,3,"143","154",FALSE,NA,"Yes","Yes","Yes","Yes",NA,NA,NA,12445,0,"Lee 2017"
"381555066aee8a1bc0c993e209d2b674",12589,"MERS-CoV","Halim","Ashraf Abdel","Clinical characteristics and outcome of ICU admitted MERS corona virus infected patients","10.1016/j.ejcdt.2015.11.011","Egyptian Journal Of Chest Diseases And Tuberculosis",2016,65,NA,"81","87",FALSE,NA,"No","No",NA,NA,"No","No","No",12589,0,"Ashraf Abdel 2016"
"1914669aa5e3070d8e3635a2b462f406",12702,"MERS-CoV","Ahmed","Khudhair","Risk Factors for Middle East Respiratory Syndrome Coronavirus (Mers-Cov) Seropositivity among Animal Market and Slaughterhouse Workers in Abu Dhabi, United Arab Emirates (Uae), 2014-2016","10.3201/eid2505.181728","Emerging Infectious Diseases",2019,25,5,"927","935",FALSE,NA,"Yes","Yes",NA,NA,"Yes","Yes","Yes",12702,0,"Khudhair 2019"
"1a151f7f2f6de3ac1be42edf88373e2a",13554,"MERS-CoV","Yaseen M","Arabi","Clinical course and outcomes of critically ill patients with Middle East respiratory syndrome coronavirus infection","10.7326/L14-5009-11","Annals Of Internal Medicine",2014,160,9,"658","658",FALSE,"sample is 12 critically ill patients","Yes","Yes",NA,NA,"Yes","Yes","No",13554,0,"Arabi 2014"
"2466cddafc585e0114fca358279e961b",13613,"MERS-CoV","FY","Alqahtani","Prevalence of comorbidities in cases of Middle East respiratory syndrome coronavirus: a retrospective study","10.1017/S0950268818002923","Epidemiology And Infection",2019,147,NA,"35","35",FALSE,NA,"Yes","Yes",NA,NA,"Yes","Yes","No",13613,0,"Alqahtani 2019"
"3deeb478f371d933d4eefad2ef6e28c2",13642,"MERS-CoV","M A","Alkhamis","Temporal dynamics of Middle East respiratory syndrome coronavirus in the Arabian Peninsula, 2012-2017","10.1017/S0950268818002728","Epidemiology And Infection",2019,147,NA,"21","21",FALSE,"ARIMA on timeseries data, estimate Rt, only report values >1","No","Yes","Yes","No","Yes","Yes","No",13642,0,"Alkhamis 2019"
"de67be492847ecf967ab49c4e4c17c0e",13683,"MERS-CoV","Dipo","Aldila","Analyzing the Mers Disease Control Strategy through an Optimal Control Problem","10.2478/amcs-2018-0013","International Journal Of Applied Mathematics And Computer Science",2018,28,1,"169","184",FALSE,"Extracting model. No parameters as not fit to data","Yes","Yes","No",NA,NA,NA,NA,13683,0,"Aldila 2018"
"723f29c53eb27ca12d102d32c788170b",13986,"MERS-CoV","AR","Zhang","Epidemiology and evolution of Middle East respiratory syndrome coronavirus, 2012-2020.","10.1186/s40249-021-00853-0","Infect Dis Poverty",2021,10,1,"66","66",FALSE,NA,"Yes","Yes",NA,NA,"Yes","Yes","No",13986,0,"Zhang 2021"
"4b4b3b3c3c7ad96622ee87973694c30b",13989,"MERS-CoV","ST","Al Awaidy","The first clusters of Middle East respiratory syndrome coronavirus in Oman: Time to act.","10.1016/j.jiph.2020.03.002","J Infect Public Health",2020,13,5,"679","686",FALSE,"Reports information about 3 clusters of cases in Oman, total n=13 cases","Yes","Yes",NA,NA,"Yes","No",NA,13989,0,"Al Awaidy 2020"
"ebd32131f0647c30e8ff639602e8ca69",14012,"MERS-CoV","Bibi","Fatima","Modeling the epidemic trend of middle eastern respiratory syndrome coronavirus with optimal control.","10.3934/mbe.2023527","Math Biosci Eng",2023,20,7,"11847","11874",FALSE,"Extracting model. No parameters as not fit to data","Yes","Yes","No","No",NA,NA,NA,14012,0,"Fatima 2023"
"2a3b8531874b9c463bf866b51a30ce4a",14021,"MERS-CoV","AN","Kiyong'a","Middle East Respiratory Syndrome Coronavirus (MERS-CoV) Seropositive Camel Handlers in Kenya.","10.3390/v12040396","Viruses",2020,12,4,"396","396",FALSE,NA,"Yes","Yes","Yes","Yes","Yes","Yes","Yes",14021,0,"Kiyong'a 2020"
"bfd89e14cb25872a05674705bc26e611",14029,"MERS-CoV","PM","Holloway","MERS-CoV exposure and risk factors for MERS-CoV ELISA seropositivity among members of livestock-owning households in southern Jordan: a population based cross-sectional study.",NA,"Lancet Microbe",2024,5,9,"100866","100866",FALSE,"10.1016/S2666-5247(24)00082-X","Yes","Yes","Yes","Yes","Yes","Yes","Yes",14029,0,"Holloway 2024"
"2180191d9007410aa3a3ccbe71450f30",14057,"MERS-CoV","J","Ahmadzadeh","The risk factors associated with MERS-CoV patient fatality: A global survey.","10.1016/j.diagmicrobio.2019.114876","Diagn Microbiol Infect Dis",2020,96,3,"114876","114876",FALSE,NA,"Yes","No","Yes","No","Yes","Yes","No",14057,0,"Ahmadzadeh 2020"
"54980bcb4f737e6dceb1faa90ac811c2",14066,"MERS-CoV","Arifur","Rahman","Middle East respiratory syndrome coronavirus (MERS-CoV) infection: Analyses of risk factors and literature review of knowledge, attitude and practices.","10.1111/zph.12952","Zoonoses Public Health",2022,69,6,"635","642",FALSE,"Thoms note on covidence suggests this is just an update to their previous paper","Yes","No","Yes","No","Yes","No","Yes",14066,0,"Rahman 2022"
"e6582a4b78bc59f9c5d386cfd1c30ed7",14076,"MERS-CoV","AE","Ahmed","Diagnostic delays in Middle East respiratory syndrome coronavirus patients and health systems.","10.1016/j.jiph.2019.04.002","J Infect Public Health",2019,12,6,"767","771",FALSE,NA,"Yes","Yes","Yes","Yes","Yes","Yes","No",14076,0,"Ahmed 2019"
"91bb0061d5d35b65721416d751b3a98c",14082,"MERS-CoV","J","Zheng","Middle East Respiratory Syndrome Coronavirus Seropositivity in Camel Handlers and Their Families, Pakistan.","10.3201/eid2512.191169","Emerg Infect Dis",2019,25,12,"2307","2309",FALSE,NA,"Yes","Yes","Yes","Yes","Yes","Yes","Yes",14082,0,"Zheng 2019"
"f094e2a78be3a225b017e6d1c356f3e6",14089,"MERS-CoV","Khalaf","Alsharif","The prevalence of MERS-CoV among military personnel and their families: A single-center study.","10.1002/jmv.26642","J Med Virol",2021,93,5,"2815","2819",FALSE,NA,"Yes","No",NA,NA,"No","No","No",14089,0,"Alsharif 2021"
"701e810e7d212274e2695f81a4b4174c",14093,"MERS-CoV","Saman","Khan","Where we missed? Middle East Respiratory Syndrome (MERS-CoV) epidemiology in Saudi Arabia; 2012-2019.","10.1016/j.scitotenv.2020.141369","Sci Total Environ",2020,747,NA,"141369",NA,FALSE,NA,"No","No","No","No","No","No","No",14093,0,"Khan 2020"
"0a282739dc7ae381289257124e376ac0",14104,"MERS-CoV","Abdullah","Alzahrani","Surveillance and Testing for Middle East Respiratory Syndrome Coronavirus, Saudi Arabia, March 2016-March 2019.","10.3201/eid2607.200437","Emerging Infectious Diseases",2020,26,7,"1571","1574",FALSE,NA,"Yes","No",NA,NA,"Yes","Yes","No",14104,0,"Alzahrani 2020"
"8e1cfc59b5b800d30594d7c7acbd5d81",14154,"MERS-CoV","Jefree","Johari","MERS-CoV seroconversion amongst Malaysian Hajj pilgrims returning from the Middle East, 2016-2018: results from the MERCURIAL multiyear prospective cohort study.","10.1080/22221751.2023.2208678","Emerg Microbes Infect",2023,12,1,"2208678",NA,FALSE,NA,"Yes","No","Yes","Yes","Yes","Yes","Yes",14154,0,"Johari 2023"
"e20df715a174a79718a1ea8fda39ce83",14161,"MERS-CoV","Hail","Al-Abdely","Middle East Respiratory Syndrome Coronavirus Infection Dynamics and Antibody Responses among Clinically Diverse Patients, Saudi Arabia.","10.3201/eid2504.181595","Emerg Infect Dis",2019,25,4,"753","766",FALSE,NA,"Yes","Yes","Yes","Yes","Yes","Yes","No",14161,0,"Al-Abdely 2019"
"ee8a3c1ac8dab42e5d173675f7089063",14166,"MERS-CoV","Jaffar","Al-Tawfiq","Middle East respiratory syndrome coronavirus in the last two years: Health care workers still at risk.","10.1016/j.ajic.2019.04.007","Am J Infect Control",2019,47,10,"1167","1170",FALSE,NA,"No","No",NA,NA,"No","No","No",14166,0,"Al-Tawfiq 2019"
"9e7c8d097df0d9753026468e6c847538",14168,"MERS-CoV","Xin","Chen","The Phylogeography of MERS-CoV in Hospital Outbreak-Associated Cases Compared to Sporadic Cases in Saudi Arabia.","10.3390/v12050540","Viruses",2020,12,5,NA,NA,FALSE,"Evolutionary rates, some disagregated by location","Yes","Yes","Yes","Yes","Yes","Yes","No",14168,0,"Chen 2020"
"7e1b9ea8ad6913d795a3bf02269d15dc",14170,"MERS-CoV","Amal","Sayed","Seroprevalence of Middle East Respiratory Syndrome Corona Virus in dromedaries and their traders in upper Egypt.","10.3855/jidc.10862","J Infect Dev Ctries",2020,14,2,"191","198",FALSE,NA,"Yes","Yes",NA,NA,"Yes","No","No",14170,0,"Sayed 2020"
"6aaffb713b3c17c4d0e37fa50c2839cb",14180,"MERS-CoV","Anas","Khan","MERS-CoV in the COVID-19 era: update from Saudi Arabia, 2019-2020","10.26719/emhj.21.049","East Mediterr Health J",2021,27,11,"1110","1113",FALSE,NA,"Yes","Yes",NA,NA,"Yes","Yes","Yes",14180,0,"Khan 2021"
"bdf64fc1fdfacae5e2c84e90ddf2fd01",14187,"MERS-CoV","Abdulrahman Mohammed G","Habib","Clinical outcomes among hospital patients with Middle East respiratory syndrome coronavirus (MERS-CoV) infection.","10.1186/s12879-019-4555-5","Bmc Infectious Diseases",2019,19,1,"1","6",FALSE,NA,"Yes","Yes",NA,NA,"Yes","Yes","Yes",14187,0,"Habib 2019"
"87437515d2f181447d95c94e29d20e34",14190,"MERS-CoV","Esam I","Azhar","Middle East respiratory syndrome coronavirus-a 10-year (2012-2022) global analysis of human and camel infections, genomic sequences, lineages, and geographical origins.","10.1016/j.ijid.2023.03.046","Int J Infect Dis",2023,131,NA,"87","94",FALSE,NA,"Yes","Yes","Yes","Yes","Yes","No","No",14190,0,"Azhar 2023"
"5c0b53191cb494ba6c1c87fa10ba5bfc",14192,"MERS-CoV","Chandini R","Macintyre","Epidemiology of paediatric Middle East respiratory syndrome coronavirus and implications for the control of coronavirus virus disease 2019.","10.1111/jpc.15014","J Paediatr Child Health",2020,56,10,"1561","1564",FALSE,NA,"Yes","Yes","Yes","Yes","Yes","Yes","No",14192,0,"Macintyre 2020"
"1a14c79da85bf435f1d937a6803e68a3",14200,"MERS-CoV","Mazin","Barry","Nosocomial outbreak of the Middle East Respiratory Syndrome coronavirus: A phylogenetic, epidemiological, clinical and infection control analysis","10.1016/j.tmaid.2020.101807","Travel Med Infect Dis",2020,37,NA,"1","8",FALSE,NA,"Yes","No","Yes","Yes","No","No","No",14200,0,"Barry 2020"
"7aa0706888865675bf8061ba7d325c53",14202,"MERS-CoV","Seoyun","Choe","Exploration of Superspreading Events in 2015 MERS-CoV Outbreak in Korea by Branching Process Models","10.3390/ijerph17176137","Int J Environ Res Public Health",2020,17,17,"1","14",FALSE,NA,"Yes","Yes","Yes","Yes","Yes","No","No",14202,0,"Choe 2020"
"14079fc460626a64c1cd5b7a09e45385",14207,"MERS-CoV","Shinhye","Cheon","Longevity of seropositivity and neutralizing antibodies in recovered MERS patients: a 5-year follow-up study","10.1016/j.cmi.2021.06.009","Clinical Microbiology And Infection",2022,28,2,"292","296",FALSE,NA,"Yes","Yes","Yes","Yes","No","Yes","Yes",14207,0,"Cheon 2022"
"9e628a591d4808274d8e4a89ec811f9a",14231,"MERS-CoV","A","Abbad","Middle East respiratory syndrome coronavirus (MERS-CoV) neutralising antibodies in a high-risk human population, Morocco, November 2017 to January 2018.","10.2807/1560-7917.ES.2019.24.48.1900244","Euro Surveill",2019,24,48,NA,NA,FALSE,NA,"Yes","Yes",NA,NA,"Yes","Yes","Yes",14231,0,"Abbad 2019"
"3c52619f3c523f01775d9da7abd41fa5",14232,"MERS-CoV","MD","Van Kerkhove","Transmissibility of MERS-CoV Infection in Closed Setting, Riyadh, Saudi Arabia, 2015.","10.3201/eid2510.190130","Emerg Infect Dis",2019,25,10,"1802","1809",FALSE,NA,"No","Yes",NA,NA,"Yes","Yes","No",14232,0,"Van Kerkhove 2019"
"ccbe180034b7fc063f1d58e89649afe7",14235,"MERS-CoV","AA","Elkholy","MERS-CoV infection among healthcare workers and risk factors for death: Retrospective analysis of all laboratory-confirmed cases reported to WHO from 2012 to 2 June 2018","10.1016/j.jiph.2019.04.011","J Infect Public Health",2020,13,3,"418","422",FALSE,NA,"Yes","Yes","Yes","No","Yes","Yes","No",14235,0,"Elkholy 2020"
"089a2fe86707f4e9c7d49f3e6609cc51",14249,"MERS-CoV","KS","Kim","A quantitative model used to compare within-host SARS-CoV-2, MERS-CoV, and SARS-CoV dynamics provides insights into the pathogenesis and treatment of SARS-CoV-2.","10.1371/journal.pbio.3001128","Plos Biol",2021,19,3,NA,NA,FALSE,NA,"Yes","Yes","Yes","Yes","Yes","Yes","Yes",14249,0,"Kim 2021"
"ef7d2dd5f3b28f28d804c666f605f6b5",14250,"MERS-CoV","K","Liang","Mathematical model of infection kinetics and its analysis for COVID-19, SARS and MERS.","10.1016/j.meegid.2020.104306","Infect Genet Evol",2020,82,NA,"104306",NA,FALSE,NA,"No","No","Yes","No","No","No","No",14250,0,"Liang 2020"
"4c49bf7e6ae1d70e54466f46accf5b29",14258,"MERS-CoV","T","Sardar","A realistic two-strain model for MERS-CoV infection uncovers the high risk for epidemic propagation.","10.1371/journal.pntd.0008065","Plos Negl Trop Dis",2020,14,2,"0008065",NA,FALSE,NA,"No","No","Yes","Yes","No","No","No",14258,0,"Sardar 2020"
"8db24cee7a8c978db2454a0f9034b283",14259,"MERS-CoV","AA","Degnah","Seroprevalence of MERS-CoV in healthy adults in western Saudi Arabia, 2011-2016.","10.1016/j.jiph.2020.01.001","J Infect Public Health",2020,13,5,"697","703",FALSE,NA,"Yes","Yes","Yes","Yes","Yes","No","No",14259,0,"Degnah 2020"
"d9cb3c6ec9c5766c1ba438870da3c8d2",14267,"MERS-CoV","Sarah","Alfaraj","Clinical predictors of mortality of Middle East Respiratory Syndrome Coronavirus (MERS-CoV) infection: A cohort study","10.1016/j.tmaid.2019.03.004","Travel Med Infect Dis",2019,29,NA,"48","50",FALSE,"Same cohort as the individuals in the Arabi studies I believe. This study assessed factors associated with mortality","No","Yes","No","No","Yes","No","No",14267,0,"Alfaraj 2019"
"0f541b38c6dd1e0f477d9807f81f0518",14274,"MERS-CoV","Jeong-Sun","Yang","Factors Associated With Viral Load Kinetics of Middle East Respiratory Syndrome Coronavirus During the 2015 Outbreak in South Korea","10.1093/infdis/jiaa466","Journal Of Infectious Diseases",2020,23,6,"1088","1092",FALSE,"based on 185 cases from SK so likely duplicate patients compared to other studies. There is lots of information on viral load, when it peaks etc. in the paper but a lot of it is unsuitable for data extraction. See text for more detail on viral load dynamics over time","Yes","Yes",NA,"Yes","Yes","Yes","No",14274,0,"Yang 2020"
"4652fc8f62b9affb780dfe7a2d16c71e",14302,"MERS-CoV","Arifur","Rahman","Risk Factors for Fatal Middle East Respiratory Syndrome Coronavirus Infections in Saudi Arabia: Analysis of the WHO Line List, 2013-2018.","10.2105/AJPH.2019.305186","Am J Public Health",2019,109,9,"1288","1293",FALSE,"Utilised WHO collated linelist and filtered to cases within KSA. They followed the WHO's definitions of laboratory-confirmed cases, exposure to ani mals (dromedary camels), and contact exposure to other persons with MERS-CoV; Continuation of a previous record.; Continuation of two previous records","Yes","No","No",NA,"Yes","Yes","Yes",14302,0,"Rahman 2019"
"5ae6f1616a875522e7fdeee715c5485c",14316,"MERS-CoV","ME","Hamed","Elevated Expression Levels of Lung Complement Anaphylatoxin, Neutrophil Chemoattractant Chemokine IL-8, and RANTES in MERS-CoV-Infected Patients: Predictive Biomarkers for Disease Severity and Mortality.","10.1007/s10875-021-01061-z","J Clin Immunol",2021,41,7,"1607","1620",FALSE,"Paper primarily focuses on immunological indicators/biomarkers for disease severity and mortality. n = 31 patients and also had a non-MERS control group to assess trends","Yes","No",NA,NA,"No","No","No",14316,0,"Hamed 2021"
"242d825044fa77e28d7e3d9a6983e899",14332,"MERS-CoV","RA","Kahlout","Comparative Serological Study for the Prevalence of Anti-MERS Coronavirus Antibodies in High- and Low-Risk Groups in Qatar.","10.1155/2019/1386740","J Immunol Res",2019,2019,NA,NA,NA,NA,"Serological study from Qatar assessing confirmed cases, close contacts and blood donors. Includes serological prevalence by year and also there was neutralisation performed but can't extract as <10","Yes","Yes",NA,NA,"Yes","Yes","No",14332,0,"Kahlout 2019"
"c07c5df763ec0a5d667a3dbed57e2569",14333,"MERS-CoV","HY","Yoon","Is Crisis and Emergency Risk Communication as Effective as Vaccination for Preventing Virus Diffusion? Measuring the Impacts of Failure in CERC with MERS-CoV Outbreak in South Korea.","10.1111/risa.13842","Risk Anal",2022,42,7,"1504","1523",FALSE,"IBM with model description between the main text and supplement. The writing of the IBM is a little confusing but have done my best in trying to figure out exactly what they did","No","No","No","No",NA,NA,NA,14333,0,"Yoon 2022"
"e068ed680b1d3b21ca0f6f9a28c9fa5a",14334,"MERS-CoV","K","Mobaraki","Current epidemiological status of Middle East respiratory syndrome coronavirus in the world from 1.1.2017 to 17.1.2018: a cross-sectional study.","10.1186/s12879-019-3987-2","Bmc Infect Dis",2019,19,1,"351",NA,NA,"Analysis of all cases Jan 2017 - Jan 2018 from WHO therefore satisfy WHO criteria. Some of the OR are presented ambiguously despite state p-value","Yes","Yes","No","No","Yes","Yes","No",14334,0,"Mobaraki 2019"
"f86b3b5637258055a066d9d19cf7a23d",14338,"MERS-CoV","S","Bernard-Stoecklin","Comparative Analysis of Eleven Healthcare-Associated Outbreaks of Middle East Respiratory Syndrome Coronavirus (Mers-Cov) from 2015 to 2017.","10.1038/s41598-019-43586-9","Sci Rep",2019,9,1,"7385",NA,FALSE,NA,"Yes","Yes","Yes","Yes","Yes","Yes","Yes",14338,0,"Bernard-Stoecklin 2019"
"e54791d22a1d4d8afcc6d7e8edd38a42",14350,"MERS-CoV","T","Oraby","Analysis of the Healthcare MERS-CoV Outbreak in King Abdulaziz Medical Center, Riyadh, Saudi Arabia, June-August 2015 Using a SEIR Ward Transmission Model.","10.3390/ijerph17082936","Int J Environ Res Public Health",2020,17,8,NA,NA,FALSE,NA,"Yes","Yes","Yes","Yes",NA,NA,NA,14350,0,"Oraby 2020"
"0bffb84fbb16f359d7773d557f91247e",14351,"MERS-CoV","A","Altamimi","Demographic Variations of MERS-CoV Infection among Suspected and Confirmed Cases: An Epidemiological Analysis of Laboratory-Based Data from Riyadh Regional Laboratory.","10.1155/2020/9629747","Biomed Res Int",2020,2020,NA,NA,NA,FALSE,NA,"No","Yes",NA,NA,"Yes","No","No",14351,0,"Altamimi 2020"
"8dbc2d6435367657399945da59a55d8a",14353,"MERS-CoV","HJ","Al Sulayyim","Demographic, clinical, and outcomes of confirmed cases of Middle East Respiratory Syndrome coronavirus (MERS-CoV) in Najran, Kingdom of Saudi Arabia (KSA); A retrospective record based study.","10.1016/j.jiph.2020.04.007","J Infect Public Health",2020,13,9,"1342","1346",FALSE,NA,"Yes","Yes",NA,NA,"Yes","Yes","No",14353,0,"Al Sulayyim 2020"
"ccf230a0c924209eb6d69f8faa3f0a6f",14354,"MERS-CoV","Y","Kim","Effectiveness of Intervention Strategies on MERS-CoV Transmission Dynamics in South Korea, 2015: Simulations on the Network Based on the Real-World Contact Data.","10.3390/ijerph18073530","Int J Environ Res Public Health",2021,18,7,NA,NA,FALSE,NA,"No","Yes","Yes","Yes",NA,NA,NA,14354,0,"Kim 2021"
"a2916b45f20ca0a4f90f0e105f504912",14394,"MERS-CoV","F","Abdirizak","Evaluating the potential impact of targeted vaccination strategies against severe acute respiratory syndrome coronavirus (SARS-CoV) and Middle East respiratory syndrome coronavirus (MERS-CoV) outbreaks in the healthcare setting.","10.1186/s12976-019-0112-6","Theor Biol Med Model",2019,16,1,"16",NA,FALSE,NA,"Yes","No","Yes","No","Yes","Yes","No",14394,0,"Abdirizak 2019"
"b487ecfbceb0f184b9e16dce88f74dff",14397,"MERS-CoV","RAEH","Mohamed","Common Co-morbidities Are Challenging in the Diagnosis of Middle East Respiratory Syndrome (MERS-CoV) in Saudi Arabia.","10.3923/pjbs.2020.119.125","Pak J Biol Sci",2020,23,2,"119","125",FALSE,NA,"Yes","No",NA,NA,"Yes","No","No",14397,0,"Mohamed 2020"
"3ccd6c32c0cc005fd31ab5a6d7c2042a",14424,"MERS-CoV","Jesna","Jose","Critically ill patients with diabetes and Middle East respiratory syndrome: a multi-center observational study.","10.1186/s12879-021-05771-y","Bmc Infect Dis",2021,21,1,"84",NA,FALSE,NA,"Yes","Yes","Yes","Yes","Yes","No","No",14424,0,"Jose 2021"
"cab87da9a46783577822adec81f4f1ed",14437,"MERS-CoV","Abdulrazak Shafiq","Hasan","Cross-sectional study of Middle East respiratory syndrome coronavirus in humans and dromedary camels in Diyala, Iraq","10.55730/1300-0144.5390","Turk J Med Sci",2022,52,4,"910","916",FALSE,NA,"Yes","Yes","No","No","Yes","No","No",14437,0,"Hasan 2022"
"8e543ed8b134780b95380c4a426276a5",14447,"MERS-CoV","Abdulkarim","Alhetheel","Assessment of Proinflammatory Cytokines Among Patients with Middle East Respiratory Syndrome Coronavirus Infection.","10.1089/vim.2022.0154","Viral Immunol",2023,36,24,"282","289",FALSE,"The primary aim of this study was to assess proinflammatory cytokine profiles in MERS-CoV patients. However, the demographic and outcome data provided for the study cohort allow for the secondary calculation of key epidemiological parameters, including the case fatality rate and the proportion of symptomatic infections, which have been extracted.","No","No","No","No","No","No","No",14447,0,"Alhetheel 2023"
"292dc75e387edb5333085362b95855ea",14508,"MERS-CoV","Oyelola","Adegboye","Individual and network characteristic associated with hospital-acquired Middle East Respiratory Syndrome coronavirus.","10.1016/j.jiph.2018.12.002","J Infect Public Health",2019,12,3,"343","349",FALSE,NA,"Yes","Yes","No","No","Yes","Yes","Yes",14508,0,"Adegboye 2019"
"ab0adb6adec1826b842dfe0c32c12edf",14538,"MERS-CoV","Rajaa M","Al-Raddadi","Burden of Middle East respiratory syndrome coronavirus infection in Saudi Arabia","0.1016/j.jiph.2019.11.016","Journal Of Infection And Public Health",2020,13,5,"692","696",FALSE,NA,"No","No","No","No","No","Yes","Yes",14538,0,"Al-Raddadi 2020"
"c9bb4f1a286dc9ab05b9417cbd6e8dc9",14548,"MERS-CoV","H.A.A.","El-Saka","Fractional model for Middle East respiratory syndrome coronavirus on a complex heterogeneous network.","10.1038/s41598-022-24814-1","Sci Rep",2022,12,NA,NA,NA,FALSE,NA,"Yes","Yes","Yes","Yes",NA,NA,NA,14548,0,"El-Saka 2022"
"970032b8ce1e6f6d163ef46eeaf152c0",14572,"MERS-CoV","Asmaa","Altamimi","Climate factors and incidence of Middle East respiratory syndrome coronavirus","10.1016/j.jiph.2019.11.011","Journal Of Infection And Public Health",2020,13,5,"704","708",FALSE,NA,"No","No","No","No","Yes","Yes","No",14572,0,"Altamimi 2020"
"507a7d486b7f09ee6c7cfb7a4dcdb7b7",14638,"MERS-CoV","C","Ka Pun Mok","T-cell responses to MERS coronavirus infection in people with occupational exposure to dromedary camels in Nigeria: an observational cohort study","10.1016/ S1473-3099(20)30599-5","Lancet Infectious Diseases",2021,21,NA,"385","395",FALSE,NA,"No","Yes","Yes","Yes","Yes","Yes","No",14638,0,"Ka Pun Mok 2021"
"4adfa52bc2e861b69d9a2e0460753e7b",14665,"MERS-CoV","F","Alroqi","Seroprevalence of SARS-CoV-2 among high-risk healthcare workers in a MERS-CoV endemic area","10.1016/j.jiph.2021.08.029","Journal Of Infection And Public Health",2021,14,9,"1268","1273",FALSE,NA,"Yes","Yes",NA,NA,"Yes","Yes","Yes",14665,0,"Alroqi 2021"
"ae98a5aba05e10e0a5ba7d98dcb309e4",14682,"MERS-CoV","B","Ryu","Seroprevalence of Middle East respiratory syndrome coronavirus (MERS-CoV) in public health workers responding to a MERS outbreak in Seoul, Republic of Korea, in 2015","10.5365/wpsar.2018.9.3.00","Western Pac Surveill Response J",2019,10,2,NA,NA,FALSE,NA,"Yes","No",NA,NA,"Yes","Yes","No",14682,0,"Ryu 2019"
"55d8142e77bec451682b5cd077bad8f7",14733,"MERS-CoV","A","Naeem","Molecular Evolution and Structural Mapping of N-Terminal Domain in Spike Gene of Middle East Respiratory Syndrome Coronavirus (MERS-CoV)","10.3390/v12050502","Viruses",2020,12,502,NA,NA,FALSE,NA,"No","No","No","No","Yes","No","No",14733,0,"Naeem 2020"
"d65a11ed0b0bbc32a3a9860630a613c2",14737,"MERS-CoV","HK","Ki","Risk of transmission via medical employees and importance of routine infectionprevention policy in a nosocomial outbreak of Middle East respiratory syndrome (MERS): a descriptive analysis from a tertiary care hospital in South Korea","10.1186/s12890-019-0940-5","Bmc Pulmonary Medicine",2019,19,190,NA,NA,FALSE,NA,"Yes","Yes","No","Yes","Yes","Yes","No",14737,0,"Ki 2019"
"b175f7a48383253a509608fafc9bc6b9",14768,"MERS-CoV","YM","Arabi","Ribavirin and Interferon Therapy for Critically Ill Patients With Middle East Respiratory Syndrome: A Multicenter Observational Study","10.1093/cid/ciz544","Clinical Infectious Diseases",2019,70,9,"1837","1844",FALSE,NA,"Yes","No","Yes","Yes","Yes","Yes","No",14768,0,"Arabi 2019"
"342bf537df3d430126521585be8bc75d",14773,"MERS-CoV","Hayne","Park","Effect of isolation practice on the transmission of middle east respiratory syndrome coronavirus among hemodialysis patients: A 2-year prospective cohort study.","10.1097/MD.0000000000018782","Medicine (Baltimore)",2020,99,3,"18782",NA,FALSE,NA,"No","No",NA,NA,"No","Yes","No",14773,0,"Park 2020"
"5e1ba1b82b4759da6f9f41e6c97d7ca7",14791,"MERS-CoV","Maya","John","Main factors influencing recovery in MERS Co-V patients using machine learning.","10.1016/j.jiph.2019.03.020","J Infect Public Health",2019,12,5,"700","704",FALSE,NA,"Yes","Yes","No","No","No","No","No",14791,0,"John 2019"
"adcbcd2988a733060f79fcdcece12168",14823,"MERS-CoV","Adel","Alatawi","Mathematical assessment of control strategies against the spread of MERS-CoV in humans and camels in Saudi Arabia.","10.3934/mbe.2024281","Math Biosci Eng",2024,21,7,"6425","6470",FALSE,NA,"Yes","No","Yes","No","No","No","No",14823,0,"Alatawi 2024"
"c7b716018861085b33c3508b8f411225",14828,"MERS-CoV","Aiman","El-Saed","Symptomatic MERS-CoV infection reduces the risk of future COVID-19 disease; a retrospective cohort study.","10.1186/s12879-023-08763-2","Bmc Infect Dis",2023,23,1,"757",NA,FALSE,NA,"Yes","No",NA,NA,"Yes","No","No",14828,0,"El-Saed 2023"
"ceca0138a0e89da992d99941bfdde9d0",14884,"MERS-CoV","Jia","Rui","The transmission dynamics of Middle East Respiratory Syndrome coronavirus.","10.1016/j.tmaid.2021.102243","Travel Med Infect Dis",2022,45,NA,"102243",NA,FALSE,NA,"No","No","Yes","Yes","Yes","Yes","No",14884,0,"Rui 2022"
"a6b6a6be70026ec1324059afc0be319c",14911,"MERS-CoV","Yaseen","Arabi","Kinetics of antibody response in critically ill patients with Middle East respiratory syndrome and association with mortality and viral clearance.","10.1038/s41598-021-01083-y","Sci Rep",2021,11,1,"22548",NA,FALSE,NA,"Yes","No",NA,NA,"No","No","No",14911,0,"Arabi 2021"
"d719bd633601998463f82ccd4ebb8f71",14967,"MERS-CoV","Daniel","Laydon","Impact of proactive and reactive vaccination strategies for health-care workers against MERS-CoV: a mathematical modelling study.","10.1016/S2214-109X(23)00117-1","Lancet Glob Health",2023,11,5,"759","769",FALSE,NA,"Yes","Yes","Yes","Yes","Yes","Yes","Yes",14967,0,"Laydon 2023"
"220e4e840db4a0e8cecf668179259b1b",15005,"MERS-CoV","R","Borrega","Cross-Reactive Antibodies to SARS-CoV-2 and MERS-CoV in Pre-COVID-19 Blood Samples from Sierra Leoneans.","10.3390/v13112325","Viruses",2021,13,11,NA,NA,FALSE,NA,"No","No","Yes","No","Yes","No","No",15005,0,"Borrega 2021"
"a4464723178a69cc815320de4cec4f59",15142,"MERS-CoV","J","Ahmadzadeh","Epidemiological status of the Middle East respiratory syndrome coronavirus in 2019: an update from January 1 to March 31, 2019","10.2147/IJGM.S215396","Int J Gen Med",2019,12,NA,"305","311",FALSE,NA,"Yes","Yes","Yes","No","Yes","Yes","No",15142,0,"Ahmadzadeh 2019"
"7a2f2edffe99898fb19e9a1ca6425b7f",15166,"MERS-CoV","CH","Yang","Topological dynamics of the 2015 South Korea MERS-CoV spread-on-contact networks.","10.1038/s41598-020-61133-9","Sci Rep",2020,10,1,"4327","4327",FALSE,NA,"No",NA,"No",NA,"Yes","Yes","Yes",15166,0,"Yang 2020"
"6e1e180c2d46aa2c89967c0623226df2",15264,"MERS-CoV","Fatma","Ben Abid","Middle East respiratory syndrome coronavirus infection profile in Qatar: An 8-year experience.","10.1016/j.idcr.2021.e01161","Idcases",2021,24,NA,"01161","01161",FALSE,NA,"Yes","No","Yes","Yes","Yes","Yes","No",15264,0,"Ben Abid 2021"
"015c2813357bfc523af294596379c73a",15284,"MERS-CoV","A","Khudhair","Risk Factors for MERS-CoV Seropositivity among Animal Market and Slaughterhouse Workers, Abu Dhabi, United Arab Emirates, 2014-2017.","10.3201/eid2505.181728","Emerg Infect Dis",2019,25,5,"927","935",FALSE,"continuation","Yes","Yes","Yes","Yes","Yes","Yes","Yes",15284,0,"Khudhair 2019"
"42eccb90a5422c8da9eeb3f3941b36b6",15287,"MERS-CoV","AM","Al-Baadani","Characteristics and outcome of viral pneumonia caused by influenza and Middle East respiratory syndrome-coronavirus infections: A 4-year experience from a tertiary care center.","10.4103/atm.ATM_179_18","Ann Thorac Med",2019,14,3,"179","185",FALSE,NA,"Yes","Yes","No",NA,"Yes","Yes","No",15287,0,"Al-Baadani 2019"
"c9bdf8518e2024171a56cf2bcff4c968",15297,"MERS-CoV","Y","Alruthia","Estimation Of Direct Medical Costs Of Middle East Respiratory Syndrome Coronavirus Infection: A Single-Center Retrospective Chart Review S","10.2147/IDR.S231087","Infect Drug Resist",2019,12,NA,"3463","3473",FALSE,NA,"Yes","Yes","Yes","Yes","Yes","No",NA,15297,0,"Alruthia 2019"
"307243aa0cb53ea77c02b0700c441c4e",15376,"MERS-CoV","Indrajit","Ghosh","Zoonotic MERS-CoV transmission: modeling, backward bifurcation and optimal control analysis.","10.1007/s11071-021-06266-w","Nonlinear Dynamics",2021,103,3,"2973","2992",FALSE,NA,"Yes","No","Yes","No",NA,NA,NA,15376,0,"Ghosh 2021"
"410027bc1e84dfca79641a8b22e03885",15390,"MERS-CoV","Mohammad H.","Alotaibi","Determining the correlation between comorbidities and MERS-CoV mortality in Saudi Arabia.","10.1016/j.jtumed.2021.02.003","Journal Of Taibah University Medical Sciences",2021,16,4,"591","595",FALSE,NA,"Yes","No",NA,NA,"Yes","No","No",15390,0,"Alotaibi 2021"
"678be7dbcfd6971798718df5d40830b2",15408,"MERS-CoV","Samson Polycarp","Salam","Serosurvey for Middle East respiratory syndrome coronavirus antibody in dromedary camels and human patients at a secondary care hospital, Illela, Northwest Nigeria.","10.1007/s00580-022-03351-3","Comparative Clinical Pathology",2022,31,3,"537","546",FALSE,NA,"No","Yes",NA,NA,"Yes","Yes","No",15408,0,"Salam 2022"
"c6cae9ec0a55a073e5aba7799fdf9bfb",15422,"MERS-CoV","Bibi","Fatima","Co-infection of Middle Eastern respiratory syndrome coronavirus and pulmonary tuberculosis.","10.1016/j.chaos.2020.110205","Chaos Solitons Fractals",2020,140,NA,NA,NA,FALSE,"TB MERS-CoV coinfection model","No","No","No","Yes",NA,NA,NA,15422,0,"Fatima 2020"
"5ed6741745aadbfb7272a2693df3bc2b",15440,"MERS-CoV","Joud Mohammed","Alkhalifah","Impact of MERS-CoV and SARS-CoV-2 Viral Infection on Immunoglobulin-IgG Cross-Reactivity.","10.3390/vaccines11030552","Vaccines (Basel)",2023,11,3,NA,NA,FALSE,NA,"Yes","Yes","Yes",NA,"No","Yes","No",15440,0,"Alkhalifah 2023"
"4a4171c8cac22a661afb637749c7331f",15456,"MERS-CoV","Khalid A.","Alburikan","Identifying factors and target preventive therapies for Middle East Respiratory Syndrome sucsibtable patients.","10.1016/j.jsps.2019.11.016","Saudi Pharmaceutical Journal",2020,28,2,"161","164",FALSE,NA,"Yes","Yes",NA,NA,"No","Yes","No",15456,0,"Alburikan 2020"
"1fa53219906ec424a2944d5c5ce999dc",15473,"MERS-CoV","Tariq","Mahmood","Dynamics of Middle East Respiratory Syndrome Coronavirus (MERS-CoV) involving fractional derivative with Mittag-Leffler kernel.","10.1016/j.physa.2022.128144","Physica A",2022,606,NA,NA,NA,FALSE,NA,"No","No","No","No",NA,NA,NA,15473,0,"Mahmood 2022"
"86464b3d98669f072bf07ae472ec02e4",15557,"MERS-CoV","SH","Ebrahim","MERS-CoV Confirmation among 6,873 suspected persons and relevant Epidemiologic and Clinical Features, Saudi Arabia - 2014 to 2019.","10.1016/j.eclinm.2021.101191","Eclinicalmedicine",2021,41,NA,"101191",NA,FALSE,NA,"No","No","No","No","Yes","Yes",NA,15557,0,"Ebrahim 2021"
"06a05186e2d30b1ddbf96b16ba83a73f",15674,"MERS-CoV","YM","Althobaity","The time between symptom onset and various clinical outcomes: a statistical analysis of MERS-CoV patients in Saudi Arabia.","10.1098/rsos.240094","R Soc Open Sci",2024,11,11,"240094",NA,FALSE,NA,"Yes","Yes","Yes","Yes","Yes","Yes","Yes",15674,0,"Althobaity 2024"
"f12006b71acafe3a8318a40623f85ed8",15723,"MERS-CoV","CM","Kribs","How heterogeneity in density dependence affects disease spread: when lifestyle matters.","10.1080/17513758.2023.2242389","Journal Of Biological Dynamics",2023,17,1,"2242389",NA,FALSE,NA,"Yes","No","Yes","No",NA,NA,NA,15723,0,"Kribs 2023"
"a84eac9fd5c7ad34a022d1721ec53b1c",15739,"MERS-CoV","B","Fatima","Modeling the transmission dynamics of middle eastern respiratory syndrome coronavirus with the impact of media coverage.","10.1016/j.rinp.2021.104053","Results In Physics",2021,24,NA,"104053",NA,FALSE,NA,"Yes","No","Yes","No",NA,NA,NA,15739,0,"Fatima 2021"
"30cafae037967f057c7a08b54f949c79",15821,"MERS-CoV","EK","Lodge","Protective population behavior change in outbreaks of emerging infectious disease.","10.1186/s12879-021-06299-x","Bmc Infect Dis",2021,21,1,"577",NA,FALSE,NA,"No","No","No","No","No","No","No",15821,0,"Lodge 2021"
"03d30f2220c9ea65acd854714de06ec5",15949,"MERS-CoV","FS","Al-Jasser","Epidemiology and predictors of survival of MERS-CoV infections in Riyadh region, 2014-2015.","10.1016/j.jiph.2018.09.008","Journal Of Infection And Public Health",2019,12,2,"171","177",FALSE,NA,"Yes","No","No","No","Yes","No","No",15949,0,"Al-Jasser 2019"
"5f36628d2eaefea34a1a68843fba5ae5",15962,"MERS-CoV","Youngsuk","Ko","Mathematical and statistical approaches in epidemiological investigation of hospital infection: A case study of the 2015 Middle East Respiratory Syndrome outbreak in Korea","10.1371/journal.pone.0317083","Plos One",2025,20,1,NA,NA,FALSE,NA,"No","No","Yes","Yes","No","Yes","No",15962,0,"Ko 2025"
"96e96d8537fa0838a501d7187da2efb0",16202,"MERS-CoV","Yehya","Althobaity","A comparative analysis of epidemiological characteristics of MERS-CoV and SARS-CoV-2 in Saudi Arabia","10.1016/j.idm.2022.07.002","Infectious Disease Modelling",2022,7,3,"473","485",FALSE,NA,"Yes","Yes","Yes","Yes","No","Yes","Yes",16202,0,"Althobaity 2022"
"9cbdc7965ed72cba0fdafc59f2e53047",16406,"MERS-CoV","Basem M.","Alraddadi","Noninvasive ventilation in critically ill patients with the Middle East respiratory syndrome","https://doi.org/10.1111/irv.12635","Influenza Other Respir Viruses",2019,13,4,"382","390",FALSE,NA,"Yes","Yes",NA,NA,"Yes","Yes","Yes",16406,0,"Alraddadi 2019"
"44519bad4af0a9d7f4ceb7551ae47afc",16547,"MERS-CoV","R.N.","Thompson","Improved inference of time-varying reproduction numbers during infectious disease outbreaks","10.1016/j.epidem.2019.100356","Epidemics",2019,29,NA,"100356",NA,FALSE,NA,"Yes","Yes","Yes","Yes",NA,NA,NA,16547,0,"Thompson 2019"
"f94ce80be9f1fee3ecffc6aea5e741bb",16653,"MERS-CoV","Imran","Khalid","Comparison of characteristics and ventilatory course between coronavirus disease 2019 and Middle East respiratory syndrome patients with acute respiratory distress syndrome","10.4266/acc.2021.00388","Acute Crit Care",2021,36,3,"223","231",FALSE,NA,"Yes","Yes",NA,NA,"Yes","Yes","No",16653,0,"Khalid 2021"
"a5597b97d4b01a191a8c12906ce9b86a",16746,"MERS-CoV","Hyunsun","Lee","Stochastic and spatio-temporal analysis of the Middle East Respiratory Syndrome outbreak in South Korea, 2015","10.1016/j.idm.2019.06.002","Infect Dis Model",2019,4,NA,"227","238",FALSE,NA,"Yes","Yes","Yes","No","Yes","No","No",16746,0,"Lee 2019"
"7100d3c4dbf3c10c7fa8ea3bd2af888f",16877,"MERS-CoV","A Jin","Cho","Post-traumatic stress symptoms in hemodialysis patients with MERS-CoV exposure","10.1186/s13030-020-00181-z","Biopsychosoc Med",2020,14,NA,NA,NA,FALSE,NA,"Yes","Yes",NA,NA,"Yes","Yes","Yes",16877,0,"Cho 2020"
"41c148de28bdbe95bd0c11391097e534",17242,"MERS-CoV","S","Hussain","Mathematical analysis of stochastic epidemic model of MERS-corona & application of ergodic theory","10.1016/j.matcom.2022.12.023","Math Comput Simul",2023,207,NA,"130","150",FALSE,NA,"Yes","Yes","Yes","Yes",NA,NA,NA,17242,0,"Hussain 2023"
"d5cc1c83e91a207f1246cab76c005c8a",17254,"MERS-CoV","YM","Arabi","Interferon Beta-1b and Lopinavir-Ritonavir for Middle East Respiratory Syndrome","10.1056/NEJMoa2015294","N Engl J Med",2020,383,17,"1645","1656",FALSE,NA,"Yes","Yes","Yes","Yes","Yes","Yes","Yes",17254,0,"Arabi 2020"
"16e756b1f38e85cc4b80b1bf1161f809",17580,"MERS-CoV","HE","Al-Romaihi","Epidemiology of respiratory infections among adults in Qatar (2012-2017)","10.1371/journal.pone.0218097","Plos One",2019,14,6,NA,NA,FALSE,NA,"Yes",NA,NA,NA,"Yes","Yes","No",17580,0,"Al-Romaihi 2019"
"649eee668379ba7a126e4e03a496320b",19050,"MERS-CoV","M","Schweinberger","A Semiparametric Bayesian Approach to Epidemics, with Application to the Spread of the Coronavirus MERS in South Korea in 2015","10.1080/10485252.2021.1972294","J Nonparametr Stat",2022,34,3,"628","662",FALSE,NA,"No","Yes","Yes","Yes",NA,NA,NA,19050,0,"Schweinberger 2022"
"861c53a8a0d33e9231a14ed653cfc78a",20187,"MERS-CoV","KH","Al-Ahmadi","Spatial variability of Middle East respiratory syndrome coronavirus survival rates and mortality hazard in Saudi Arabia, 2012-2019","10.7717/peerj.9783","Peerj",2020,8,NA,NA,NA,FALSE,NA,"Yes",NA,NA,"Yes","Yes","Yes","No",20187,0,"Al-Ahmadi 2020"
"38acf27efa3cabf0c635805bb4294cbf",20206,"MERS-CoV","M","Tahir","A Dynamic Compartmental Mathematical Model Describing The Transmissibility Of MERS-CoV Virus In Public",NA,"Punjab University Journal Of Mathematics",2019,51,4,"57","71",FALSE,NA,"Yes",NA,"Yes",NA,NA,NA,NA,20206,0,"Tahir 2019"
"4cb82741a1ec6a865ed71c8c4f707562",20272,"MERS-CoV","B","Fatima","Predictive Modeling and Control Strategies for the Transmission of Middle East Respiratory Syndrome Coronavirus","10.3390/mca28050098","Mathematical And Computational Applications",2023,28,5,NA,NA,FALSE,NA,"Yes","Yes","Yes","Yes",NA,NA,NA,20272,0,"Fatima 2023"
"862a4281b1bf08af716cbac6df112cd2",20323,"MERS-CoV","Mehmet","Yavuz","Mathematical Modeling of Middle East Respiratory Syndrome Coronavirus with Bifurcation Analysis","10.37256/cm.5320245004","Contemporary Mathematics",2024,5,3,"3997","4012",FALSE,NA,"Yes","No","No","No",NA,NA,NA,20323,0,"Yavuz 2024"
"47c452c0540cb88cf24df863fb34fc77",20328,"MERS-CoV","Mahmoud","Darassi","Mathematical analysis of a MERS-Cov coronavirus model","10.1515/dema-2022-0022","Demonstratio Mathematica",2022,55,1,"265","276",FALSE,NA,"Yes","No","No","No",NA,NA,NA,20328,0,"Darassi 2022"
"a323bfc50f5ad25897405430583c9daa",20408,"MERS-CoV","Bibi","Fatima","Transmission dynamic and backward bifurcation of Middle Eastern respiratory syndrome coronavirus","10.15388/namc.2022.27.25256","Nonlinear Analysis: Modelling And Control",2022,27,1,"54","69",FALSE,NA,"Yes","No","No","No",NA,NA,NA,20408,0,"Fatima 2022"
"912ab26bc1223c488967a682e629a00c",20418,"MERS-CoV","Hessah","Alqahtani","Threshold Dynamics and Bifurcation Analysis of the Epidemic Model of MERS-CoV","10.1142/S0218348X23401679","Fractals",2023,31,10,NA,NA,FALSE,NA,"Yes","No","No","No",NA,NA,NA,20418,0,"Alqahtani 2023"
"07c18f837454202a7f1a90ffac57d4df",20494,"MERS-CoV","Muhammad","Tahir","Stability BehaviourofMathematicalModelMERSCoronaVirus Spread inPopulation","10.2298/FIL1912947T","Filomat",2019,33,12,"3947","3960",FALSE,NA,"No","No","No","No",NA,NA,NA,20494,0,"Tahir 2019"
"af00fa11b8e2549e5650793900d410fd",20586,"MERS-CoV","Mati","Rahman","Multicompartmental Analysis of Middle Eastern Respiratory Syndrome Coronavirus Model Under Fractional Operator With Next-Generation Matrix Methods","10.1142/S0218348X23400935","Fractals",2023,31,10,NA,NA,FALSE,NA,"Yes","No","No","No",NA,NA,NA,20586,0,"Rahman 2023"
"2e981d67876636e67b89b74daa94706d",20632,"MERS-CoV","Karuna","Das","Role of chest radiograph in MERS-Cov pneumonia: a single tertiary referral center experience in the United Arab Emirates","10.1186/s43055-021-00517-x","Egyptian Journal Of Radiology And Nuclear Medicine",2021,52,133,NA,NA,FALSE,NA,"Yes","Yes",NA,NA,"Yes","Yes","No",20632,0,"Das 2021"
"70825e98fd3f65a9792bad9f5891989e",20925,"MERS-CoV","S.","Usaini","Modeling the transmission dynamics of the Middle East Respiratory Syndrome Coronavirus (MERS-CoV) with latent immigrants","10.1080/09720502.2019.1692429","Journal Of Interdisciplinary Mathematics",2019,22,6,"903","930",FALSE,NA,"Yes","Yes","Yes","Yes",NA,NA,NA,20925,0,"Usaini 2019"
"e43e127d2e1a35889aac7ed26faa781f",20964,"MERS-CoV","Rowa Y.","Alhabbab","MERS-CoV Infection Elicits Long-lasting Specific Antibody, T and B Cell Immune Responses in Recovered Individuals","10.1093/cid/ciac456","Clinical Infectious Diseases",2023,76,3,"308","318",FALSE,NA,"Yes","Yes","Yes","Yes","Yes","Yes","No",20964,0,"Alhabbab 2023"
"6bd488e4c38f05be46c790caf2dc8f23",21093,"MERS-CoV","Mahmoud H.","Darassi","Global Dynamics of a Discrete-Time MERS-Cov Model","10.3390/math9050563","Mathematics",2021,9,5,NA,NA,FALSE,NA,"Yes","No","No","No",NA,NA,NA,21093,0,"Darassi 2021"
"cdd7836c8856fd5b6b579874312b44dc",21095,"MERS-CoV","Amelia Margaretha","Santoso","An Optimal Control Analysis of the MERS-CoV Outbreak in South Korea",NA,"Matematika",2021,37,2,"77","90",FALSE,"paper has no DOI","Yes","Yes","Yes","Yes",NA,NA,NA,21095,0,"Santoso 2021"
"374dabde39b1ffcd6fde3e8a20d6391e",21134,"MERS-CoV","Qura Tul","Ain","On the analysis of Caputo fractional order dynamics of Middle East Lungs Coronavirus (MERS-CoV) model","10.1016/j.aej.2021.10.016","Alexandria Engineering Journal",2022,61,7,"5123","5131",FALSE,NA,"No","No","No","No",NA,NA,NA,21134,0,"Ain 2022"
"fba9ab28c391c564fea3904f05a18c55",21146,"MERS-CoV","QU","Haidong","MODELING FRACTIONAL-ORDER DYNAMICS OF MERS-COV VIA MITTAG-LEFFLER LAW","10.1142/S0218348X22400461","Fractals-Complex Geometry Patterns And Scaling In Nature And Society",2022,30,1,NA,NA,FALSE,NA,"No","No","Yes","No",NA,NA,NA,21146,0,"Haidong 2022"
"0cba89ef24220a59b4b67ddb0f27d263",21174,"MERS-CoV","Zohair","Al Aseri","Epidemiological characteristics and initial clinical presentation of patients with laboratory-confirmed MERS-CoV infection in an emergency department","10.22514/sv.2021.251","Signa Vitae",2022,18,4,"68","74",FALSE,NA,"Yes","Yes","Yes",NA,"Yes","Yes","No",21174,0,"Al Aseri 2022"
"0594a610454e5e49fce77205f73c5b6e",21438,"MERS-CoV","Ghulam","Muhammad","Fuzzy fractional epidemiological model for Middle East respiratory syndrome coronavirus on complex heterogeneous network using Caputo derivative","10.1016/j.ins.2023.120046","Information Sciences",2024,659,NA,NA,NA,FALSE,NA,"No","No","No","No",NA,NA,NA,21438,0,"Muhammad 2024"
"8cf374c59e6207bc4f7a87baee1d44f8",21532,"MERS-CoV","Faisal E.","Abd Alaal","On the Numerical Investigations of a Fractional-Order Mathematical Model for Middle East Respiratory Syndrome Outbreak","10.3390/fractalfract8090521","Fractal And Fractional",2024,8,9,NA,NA,FALSE,NA,"No","No","Yes","Yes","Yes","No","No",21532,0,"Abd Alaal 2024"
"7850359b504b9e08c41bf22046aa096f",21676,"MERS-CoV","Lei","Zhang","ON THE ANALYSIS OF FRACTAL-FRACTIONAL ORDER MODEL OF MIDDLE EAST RESPIRATION SYNDROME CORONAVIRUS (MERS-CoV) UNDER CAPUTO OPERATOR","10.1142/S0218348X22401302","Fractals-Complex Geometry Patterns And Scaling In Nature And Society",2022,30,5,NA,NA,FALSE,NA,"No","No","No","No",NA,NA,NA,21676,0,"Zhang 2022"
"4a9f95fdd922bda8cc23b7b5546b957a",22036,"MERS-CoV","Kahkashan","Mahreen","Approximate solution for the nonlinear fractional order mathematical model","10.3934/math.20221057","Aims Mathematics",2022,7,10,"19267","19286",FALSE,NA,"No","No","No","No",NA,NA,NA,22036,0,"Mahreen 2022"
"d35b0defa982ef76ad5e6b33b36f6016",24283,"MERS-CoV","Michael T.","Meehan","Replicating superspreader dynamics with compartmental models","10.1038/s41598-023-42567-3","Scientific Reports",2023,13,1,NA,NA,FALSE,NA,"Yes","Yes","Yes","Yes","No","No","No",24283,0,"Meehan 2023"
"8b087e03e708ef6229feca4c781a228e",1981,"MERS-CoV","TS","Alshahrani","Extracorporeal membrane oxygenation for severe Middle East respiratory syndrome coronavirus.","10.1186/s13613-017-0350-x","Annals Of Intensive Care",2018,8,1,"3",NA,FALSE,NA,"Yes","Yes",NA,NA,"Yes","Yes","No",1981,1,"Alshahrani 2018"
"30fd568e555649e97f38786ac83c191f",2007,"MERS-CoV","Simon","Cauchemez","Unraveling the drivers of MERS-CoV transmission.","10.1073/pnas.1519235113","Proceedings Of The National Academy Of Sciences Of The United States Of America",2016,113,32,"9081","9086",FALSE,NA,"Yes","Yes","Yes","Yes","Yes","Yes","Yes",2007,1,"Cauchemez 2016"
"c1e343a0aaaacc7b6b3fc1c932173efe",1078,"MERS-CoV","Yaseen","Arabi","Critically Ill Patients With the Middle East Respiratory Syndrome: A Multicenter Retrospective Cohort Study","10.1097/CCM.0000000000002621","Critical Care Medicine",2017,45,10,"1683","1695",FALSE,"Retrospective cohort -- good reference for clinical manifestations compared against general respiratory illnesses","Yes","Yes","Yes","Yes","Yes","Yes","Yes",1078,1,"Arabi 2017"
"95edfa80a48a719bbca1c67777629787",1461,"MERS-CoV","C","Poletto","Risk of MERS importation and onward transmission: a systematic review and analysis of cases reported to WHO.","10.1186/s12879-016-1787-5","Bmc Infectious Diseases",2016,16,1,"448",NA,FALSE,"Systematic review and analysis - model was not a transmission model so not extracted. Only extracted risk factors which were estimated via a bias reduced logistic regression therefore I think adjusted?!","Yes","No","Yes","No","Yes","Yes","No",1461,1,"Poletto 2016"
"beaef8de13d1a310b3969ac4e7671553",1466,"MERS-CoV","Yaseen","Arabi","Corticosteroid Therapy for Critically Ill Patients with Middle East Respiratory Syndrome.","10.1164/rccm.201706-1172OC","American Journal Of Respiratory And Critical Care Medicine",2018,197,6,"757","767",FALSE,"This is the same patients as the other Arabi study #1078. Some of the delays here are the same measures. This study has only disaggregated whereas the other study has all patients. *be careful not to double count these*; Previous form: WMPAC33F. Delays extracted in form 1; Continuation of two previous records","Yes","Yes","Yes","Yes","Yes","Yes","Yes",1466,1,"Arabi 2018"
"592ad6d395b92d4a63fcd4d08dac46e4",1549,"MERS-CoV","H","Nishiura","Identifying determinants of heterogeneous transmission dynamics of the Middle East respiratory syndrome (MERS) outbreak in the Republic of Korea, 2015: a retrospective epidemiological analysis.","10.1136/bmjopen-2015-009936","Bmj Open",2016,6,2,NA,NA,FALSE,NA,"No","Yes","Yes","Yes","Yes","No","No",1549,1,"Nishiura 2016"
"e957dbc7073fb7484c50c7dd52bb973e",1568,"MERS-CoV","SY","Moon","Middle East Respiratory Syndrome Coronavirus Transmission in Dialysis Unit and Infection Control Interventions in Korea.","10.1017/ice.2016.201","Infection Control And Hospital Epidemiology",2016,37,12,"1514","1516",FALSE,"Dialysis unit, with infection control","No","No",NA,NA,"No","No","No",1568,1,"Moon 2016"
"de3e1eeb9d819d884b46809560fe86a7",1587,"MERS-CoV","KH","Hong","Predictors of mortality in Middle East respiratory syndrome (MERS).","10.1136/thoraxjnl-2016-209313","Thorax",2018,73,3,"286","289",FALSE,NA,"Yes","No",NA,NA,"Yes","No","No",1587,1,"Hong 2018"
"74c1f5f68a9c1104d4d9e1238dccf351",1594,"MERS-CoV","Inkyung","Ahn","Investigation of nonlinear epidemiological models for analyzing and controlling the MERS outbreak in Korea.","10.1016/j.jtbi.2017.10.004","Journal Of Theoretical Biology",2018,437,NA,"17","28",FALSE,NA,"Yes","Yes","Yes","Yes",NA,NA,NA,1594,1,"Ahn 2018"
"5f963dfe04e17a4a17e87ee7284303e3",1613,"MERS-CoV","Adam","Kucharski","Characterizing the Transmission Potential of Zoonotic Infections from Minor Outbreaks","10.1371/journal.pcbi.1004154","Plos Computational Biology",2015,11,4,"1","17",FALSE,NA,"Yes","Yes","Yes","Yes","No","No","No",1613,1,"Kucharski 2015"
"40459236cbbd5afad19550de9805eca2",1657,"MERS-CoV","DJ","Toth","Estimates of the risk of large or long-lasting outbreaks of Middle East respiratory syndrome after importations outside the Arabian Peninsula.","10.1016/j.epidem.2016.04.002","Epidemics",2016,16,NA,"27","32",FALSE,NA,"Yes","No","Yes","No","Yes","Yes","Yes",1657,1,"Toth 2016"
"2ec2a51a714f19cfbd4edde8c778db71",1677,"MERS-CoV","Gerardo","Chowell","Transmission characteristics of MERS and SARS in the healthcare setting: A comparative study","10.1186/s12916-015-0450-0","Bmc Medicine",2015,13,NA,NA,NA,FALSE,NA,"No","No","Yes","No","Yes","Yes","No",1677,1,"Chowell 2015"
"6ca374a41b637565c2db2858203c7072",1678,"MERS-CoV","Jung","Park","Hospital outbreaks of middle east respiratory syndrome, Daejeon, South Korea, 2015","10.3201/eid2306.160120","Emerging Infectious Diseases",2017,23,6,"898","905",FALSE,NA,"Yes","No","No","No","Yes","No","No",1678,1,"Park 2017"
"4e11e855b17b0f3f2565c84263d1ca5f",1683,"MERS-CoV","Maimuna","Majumder","Nosocomial amplification of MERS-coronavirus in South Korea, 2015","10.1093/trstmh/trx046","Transactions Of The Royal Society Of Tropical Medicine And Hygiene",2017,111,NA,"261","269",FALSE,NA,"Yes","Yes","Yes","Yes","Yes","Yes","No",1683,1,"Majumder 2017"
"01a34b36a9738cdc31cab8529a7dc1f4",1687,"MERS-CoV","HE","El Bushra","Outcome of strict implementation of infection prevention control measures during an outbreak of Middle East respiratory syndrome.","10.1016/j.ajic.2016.12.020","American Journal Of Infection Control",2017,45,5,"502","507",FALSE,NA,"No","No","No","No","No","No","No",1687,1,"El Bushra 2017"
"ea9735286a9090e59b5d1184975c896d",1700,"MERS-CoV","TH","Alenazi","Identified Transmission Dynamics of Middle East Respiratory Syndrome Coronavirus Infection During an Outbreak: Implications of an Overcrowded Emergency Department.","10.1093/cid/cix352","Clinical Infectious Diseases : An Official Publication Of The Infectious Diseases Society Of America",2017,65,4,"675","679",FALSE,NA,"Yes","No","No","No","No","No","No",1700,1,"Alenazi 2017"
"6c02f8516beb054f199cebac2e1bb92d",1704,"MERS-CoV","Kyung Min","Kim","Epidemiologic features of the first MERS outbreak in Korea: focus on Pyeongtaek St. Mary's Hospital.","10.4178/epih/e2015041","Epidemiology And Health",2015,37,NA,NA,NA,FALSE,NA,"Yes","Yes","No",NA,"Yes","Yes","No",1704,1,"Kim 2015"
"c318262fbf4ea5a5d90eefc961c622f9",1815,"MERS-CoV","Ji Yeon","Lee","Seroprevalence of Middle East Respiratory Syndrome Coronavirus Among Healthcare Personnel Caring for Patients With Middle East Respiratory Syndrome in South Korea.","10.1017/ice.2016.221","Infection Control And Hospital Epidemiology",2016,37,12,"1513","1514",FALSE,"Paper in 'Research Briefs' format","No","No",NA,NA,"No","No","No",1815,1,"Lee 2016"
"cc5c207255ee5cb1190d0b6d25d272de",1821,"MERS-CoV","Chan-Ki","Min","Comparative and kinetic analysis of viral shedding and immunological responses in MERS patients representing a broad spectrum of disease severity.","10.1038/srep25359","Scientific Reports",2016,6,NA,NA,NA,FALSE,NA,"Yes","Yes","Yes","No","Yes","Yes","No",1821,1,"Min 2016"
"32f055350b24968f0833b8c416139274",1830,"MERS-CoV","Ga Eun","Park","Control of an Outbreak of Middle East Respiratory Syndrome in a Tertiary Hospital in Korea.","10.7326/M15-2495","Annals Of Internal Medicine",2016,165,2,"87","93",FALSE,NA,"Yes","Yes",NA,NA,"Yes","Yes","Yes",1830,1,"Park 2016"
"a2b2e87981d473fc0780ab3e88d74720",1843,"MERS-CoV","Sarah","Shalhoub","Critically ill healthcare workers with the middle east respiratory syndrome (MERS): A multicenter study","10.1371/journal.pone.0206831","Plos One",2018,13,11,"1","12",FALSE,"Study of *CRITICALLY ILL HCWs*. Not general population","Yes","No","Yes","Yes","Yes","Yes","No",1843,1,"Shalhoub 2018"
"4753c90a6cfb96102e3c5f547d92a76d",1845,"MERS-CoV","Ji Yeon","Lee","A Middle East respiratory syndrome screening clinic for health care personnel during the 2015 Middle East respiratory syndrome outbreak in South Korea: A single-center experience.","10.1016/j.ajic.2017.09.017","American Journal Of Infection Control",2018,46,4,"436","440",FALSE,"HCWs who treated MERS patients. All confirmed negative for MERS.","No","No",NA,NA,"Yes","No","No",1845,1,"Lee 2018"
"682d52aa32e51f2a0e57a8668ebbdf00",1850,"MERS-CoV","I","Khalid","Acute Management and Long-Term Survival Among Subjects With Severe Middle East Respiratory Syndrome Coronavirus Pneumonia and ARDS.","10.4187/respcare.04325","Respiratory Care",2016,61,3,"340","348",FALSE,NA,"No","Yes","Yes",NA,"Yes","No",NA,1850,1,"Khalid 2016"
"9baf7d6eed94e864316b6a367bfa1024",1852,"MERS-CoV","Maimuna S.","Majumder","Mortality Risk Factors for Middle East Respiratory Syndrome Outbreak, South Korea, 2015.","10.3201/eid2111.151231","Emerging Infectious Diseases",2015,21,11,"2088","2090",FALSE,NA,"No","Yes","No","Yes","Yes","Yes","Yes",1852,1,"Majumder 2015"
"85159cb6dbe46670e9219b33ee983907",1863,"MERS-CoV","Fahad S.","Al-Jasser","Epidemiology and predictors of survival of MERS-CoV infections in Riyadh region, 2014-2015.","10.1016/j.jiph.2018.09.008","Journal Of Infection And Public Health",2018,12,NA,"171","177",FALSE,NA,"No","Yes","No","Yes","Yes","Yes","No",1863,1,"Al-Jasser 2018"
"d67479cd5eb3b8ca9662acc1ff259f8a",1874,"MERS-CoV","Yunhwan","Kim","The Characteristics of Middle Eastern Respiratory Syndrome Coronavirus Transmission Dynamics in South Korea.","10.1016/j.phrp.2016.01.001","Osong Public Health And Research Perspectives",2016,7,1,"49","55",FALSE,NA,"Yes","No","Yes","Yes","No","No","No",1874,1,"Kim 2016"
"e2003dc8e93a8427e898b9693c983b92",1883,"MERS-CoV","TS","Butt","Infection control and prevention practices implemented to reduce transmission risk of Middle East respiratory syndrome-coronavirus in a tertiary care institution in Saudi Arabia.","10.1016/j.ajic.2016.01.004","American Journal Of Infection Control",2016,44,5,"605","611",FALSE,NA,"Yes","No",NA,NA,"Yes","Yes","No",1883,1,"Butt 2016"
"ced6059fa941d36ef7f169a0cc5bbbdf",1891,"MERS-CoV","WS","Choi","Clinical Presentation and Outcomes of Middle East Respiratory Syndrome in the Republic of Korea.","10.3947/ic.2016.48.2.118","Infection & Chemotherapy",2016,48,2,"118","126",FALSE,NA,"Yes","Yes",NA,NA,"Yes","Yes","No",1891,1,"Choi 2016"
"53cf3d8a238487f98dde32f2da6344b5",1904,"MERS-CoV","H","Nishiura","Assessing the risk of observing multiple generations of Middle East respiratory syndrome (MERS) cases given an imported case.",NA,"Euro Surveillance : Bulletin Europeen Sur Les Maladies Transmissibles = European Communicable Disease Bulletin",2015,20,27,"6","11",FALSE,"No DOI. Page numbers taken from PDF","Yes","Yes","Yes","Yes","No","Yes","Yes",1904,1,"Nishiura 2015"
"3f77aac362fb8607a3a1af6ea869898b",1905,"MERS-CoV","N","Shin","Effects of operational decisions on the diffusion of epidemic disease: A system dynamics modeling of the MERS-CoV outbreak in South Korea","10.1016/j.jtbi.2017.03.020","Journal Of Theoretical Biology",2017,421,NA,"39","50",FALSE,NA,"No","No","No","No",NA,NA,NA,1905,1,"Shin 2017"
"8e872e884ef0550aa01eb9fa9df6a1c7",1925,"MERS-CoV","H.E.","El Bushra","An outbreak of Middle East Respiratory Syndrome (MERS) due to coronavirus in Al-Ahssa Region, Saudi Arabia, 2015.",NA,"Eastern Mediterranean Health Journal",2016,22,7,"468","475",FALSE,NA,"Yes","Yes",NA,NA,"Yes","No","No",1925,1,"El Bushra 2016"
"f95f807b8eab608b133d3ab61b0a672a",1933,"MERS-CoV","Chiara","Poletto","Quantifying spatiotemporal heterogeneity of MERS-CoV transmission in the Middle East region: A combined modelling approach","10.1016/j.epidem.2015.12.001","Epidemics",2016,15,NA,"1","9",FALSE,NA,"No","No","No","Yes","Yes","No","Yes",1933,1,"Poletto 2016"
"f3fd61e72b4f698bebd1861eb8a54cac",1943,"MERS-CoV","Kenji","Mizumoto","Real-time characterization of risks of death associated with the Middle East respiratory syndrome (MERS) in the Republic of Korea, 2015","10.1186/s12916-015-0468-3","Bmc Medicine",2015,13,228,"1","7",FALSE,NA,"No","Yes","Yes","Yes","Yes","Yes","No",1943,1,"Mizumoto 2015"
"3cf1fadded34daa317924ca03ca03995",1947,"MERS-CoV","Jonggul","Lee","A dynamic compartmental model for the Middle East respiratory syndrome outbreak in the Republic of Korea: A retrospective analysis on control interventions and superspreading events.","10.1016/j.jtbi.2016.08.009","Journal Of Theoretical Biology",2016,408,NA,"26","118",FALSE,NA,"No","Yes","Yes","Yes","Yes","No","No",1947,1,"Lee 2016"
"ad778ae30d25686678a4eec4a7d167b2",1958,"MERS-CoV","ZQ","Xia","Modeling the Transmission of Middle East Respirator Syndrome Corona Virus in the Republic of Korea.","10.1371/journal.pone.0144778","Plos One",2015,10,12,"0144778",NA,FALSE,"page number is given as e0144778","Yes","No","Yes","Yes","No","No","No",1958,1,"Xia 2015"
"4fec34a004f4791bf06b0b8be973b291",1959,"MERS-CoV","ES","Kim","Clinical Progression and Cytokine Profiles of Middle East Respiratory Syndrome Coronavirus Infection.","10.3346/jkms.2016.31.11.1717","Journal Of Korean Medical Science",2016,31,11,"1717","1725",FALSE,NA,"Yes","Yes",NA,NA,"Yes","No",NA,1959,1,"Kim 2016"
"63f730308a47bcb876fa345fd6bfdaa7",1963,"MERS-CoV","AM","Assiri","Increase in Middle East Respiratory Syndrome-Coronavirus Cases in Saudi Arabia Linked to Hospital Outbreak With Continued Circulation of Recombinant Virus, July 1-August 31, 2015.","10.1093/ofid/ofw165","Open Forum Infectious Diseases",2016,3,3,"165","165",FALSE,NA,"No","No",NA,NA,"Yes","No","No",1963,1,"Assiri 2016"
"605edd77b6e3d74081ff239ff8760201",1973,"MERS-CoV","HY","Park","Epidemiological investigation of MERS-CoV spread in a single hospital in South Korea, May to June 2015.",NA,"Euro Surveillance : Bulletin Europeen Sur Les Maladies Transmissibles = European Communicable Disease Bulletin",2015,20,25,"01","06",FALSE,"An Expression of concern has been raised for this paper shedding doubt on rights to use the data","No","Yes",NA,NA,"Yes","Yes",NA,1973,1,"Park 2015"
"d3b9867670dfb4daef28ae7f29254af4",1985,"MERS-CoV","HA","Mohd","Predictors of MERS-CoV infection: A large case control study of patients presenting with ILI at a MERS-CoV referral hospital in Saudi Arabia.","10.1016/j.tmaid.2016.09.008","Travel Medicine And Infectious Disease",2016,14,5,"464","470",FALSE,NA,"Yes","Yes",NA,NA,"Yes","Yes","No",1985,1,"Mohd 2016"
"ce6600d01280835cebc0059f496e842a",2005,"MERS-CoV","Q","Lin","Modeling the spread of Middle East respiratory syndrome coronavirus in Saudi Arabia.","10.1177/0962280217746442","Statistical Methods In Medical Research",2018,27,7,"1968","1978",FALSE,NA,"No","No","No","No","No","Yes","No",2005,1,"Lin 2018"
"eb7146df197333cdc091b0e015f21cf2",2011,"MERS-CoV","Kenji","Mizumoto","Estimating the risk of Middle East respiratory syndrome (MERS) death during the course of the outbreak in the Republic of Korea, 2015.","10.1016/j.ijid.2015.08.005","International Journal Of Infectious Diseases : Ijid : Official Publication Of The International Society For Infectious Diseases",2015,39,NA,"7","9",FALSE,NA,"No","Yes","Yes","Yes","Yes","No","Yes",2011,1,"Mizumoto 2015"
"83a1557cb35ed4415b73ea03adfa397f",2020,"MERS-CoV","Xu-Sheng","Zhang","Estimating and modelling the transmissibility of Middle East Respiratory Syndrome CoronaVirus during the 2015 outbreak in the Republic of Korea.","10.1111/irv.12467","Influenza And Other Respiratory Viruses",2017,11,5,"434","444",FALSE,"Multiple different methods to estimating R0","No","Yes","Yes","Yes","Yes","Yes","Yes",2020,1,"Zhang 2017"
"b6fb8d007de21ef928f9511c859cafd3",2046,"MERS-CoV","Khalid H","Alanazi","Scope and extent of healthcare-associated Middle East respiratory syndrome coronavirus transmission during two contemporaneous outbreaks in Riyadh, Saudi Arabia, 2017.","10.1017/ice.2018.290","Infection Control And Hospital Epidemiology",2019,40,1,"79","88",FALSE,NA,"No","Yes",NA,NA,"Yes","No","No",2046,1,"Alanazi 2019"
"5306a6cff4dddaea7b1aa2f006ba4a28",2047,"MERS-CoV","Ikwo","Oboho","2014 MERS-CoV Outbreak in Jeddah - A Link to Health Care Facilities","10.1056/NEJMoa1408636","New England Journal Of Medicine",2015,372,9,"846","854",FALSE,"Study of PCR-confirmed MERS-Cov infections in Jeddah. Includes some asymptomatic infections","Yes","No","No","Yes","Yes","Yes","No",2047,1,"Oboho 2015"
"0af867cd4637069da10d56d48ec8d6c3",2049,"MERS-CoV","Oyelola","Adegboye","Spatial modelling of contribution of individual level risk factors for mortality from Middle East respiratory syndrome coronavirus in the Arabian Peninsula","10.1371/journal.pone.0181215","Plos One",2017,12,7,NA,NA,FALSE,NA,"Yes","Yes","Yes","Yes","Yes","No","No",2049,1,"Adegboye 2017"
"8098525c88639b191998d0634236ff92",2050,"MERS-CoV","AE","Ahmed","Early identification of pneumonia patients at increased risk of Middle East respiratory syndrome coronavirus infection in Saudi Arabia.","10.1016/j.ijid.2018.03.005","International Journal Of Infectious Diseases : Ijid : Official Publication Of The International Society For Infectious Diseases",2018,70,NA,"51","56",FALSE,NA,"Yes","Yes","No","Yes","Yes","Yes","Yes",2050,1,"Ahmed 2018"
"4d29eeb654ea5d1755dea35fca4f98ce",2058,"MERS-CoV","Maged G.","Hemida","Lack of Middle East Respiratory Syndrome Coronavirus Transmission from Infected Camels","10.3201/eid2104.141949","Emerging Infectious Diseases",2015,21,4,"699","701",FALSE,"A Dispatch article","Yes","Yes",NA,NA,"Yes","No","No",2058,1,"Hemida 2015"
"ddf5184d661928a711979e3e7bf2e6d8",2067,"MERS-CoV","S","Choi","High reproduction number of Middle East respiratory syndrome coronavirus in nosocomial outbreaks: mathematical modelling in Saudi Arabia and South Korea.","10.1016/j.jhin.2017.09.017","Journal Of Hospital Infection",2018,99,2,"162","168",FALSE,NA,"Yes","No","Yes","No","Yes","No","No",2067,1,"Choi 2018"
"28e09e176169084627234ed008fc989e",2073,"MERS-CoV","Hyuk-Jun","Chang","Estimation of basic reproduction number of the Middle East respiratory syndrome coronavirus (MERS-CoV) during the outbreak in South Korea, 2015.","10.1186/s12938-017-0370-7","Biomedical Engineering Online",2017,16,1,NA,NA,FALSE,NA,"No","No","No","Yes","Yes","Yes","No",2073,1,"Chang 2017"
"bf951dc273d8bd4366fa3ae522b87ccc",2079,"MERS-CoV","Ziad A.","Memish","Sparse evidence of MERS-CoV infection among animal workers living in Southern Saudi Arabia during 2012.","10.1111/irv.12287","Influenza And Other Respiratory Viruses",2015,9,2,"64","67",FALSE,NA,"Yes","Yes",NA,NA,"Yes","Yes",NA,2079,1,"Memish 2015"
"65671a1d5d4c4acc8c6945779672ee6e",2091,"MERS-CoV","A","Zohaib","Countrywide Survey for MERS-Coronavirus Antibodies in Dromedaries and Humans in Pakistan.","10.1007/s12250-018-0051-0","Virologica Sinica",2018,33,5,"410","417",FALSE,NA,"Yes","No",NA,NA,"Yes","Yes","No",2091,1,"Zohaib 2018"
"13ad17d5a407d4a62a38a7e806fcc6ef",2105,"MERS-CoV","Anwar E.","Ahmed","Estimating survival rates in MERS-CoV patients 14 and 45 days after experiencing symptoms and determining the differences in survival rates by demographic data, disease characteristics and regions: a worldwide study.","10.1017/S095026881700293X","Epidemiology And Infection",2018,146,4,"489","495",FALSE,NA,"No","Yes","No",NA,"Yes","Yes","Yes",2105,1,"Ahmed 2018"
"11531d13b305266d1f21eaf9f3869066",2109,"MERS-CoV","Farida Ismail","Al Hosani","Serologic Follow-up of Middle East Respiratory Syndrome Coronavirus Cases and Contacts-Abu Dhabi, United Arab Emirates.","10.1093/cid/ciy503","Clinical Infectious Diseases : An Official Publication Of The Infectious Diseases Society Of America",2019,68,3,"409","418",FALSE,NA,"Yes","Yes",NA,NA,"Yes","Yes","No",2109,1,"Al Hosani 2019"
"269a938570c2124c4c15f6d05372a397",2116,"MERS-CoV","Emma G.","Gardner","A case-crossover analysis of the impact of weather on primary cases of Middle East respiratory syndrome","10.1186/s12879-019-3729-5","Bmc Infectious Diseases",2019,19,1,"113",NA,FALSE,NA,"No","No","Yes","No","Yes","Yes","No",2116,1,"Gardner 2019"
"88e4d50f65ad03c7cf65043f19d72a0a",2136,"MERS-CoV","Anwar E.","Ahmed","Factors associated with recovery delay in a sample of patients diagnosed by MERS-CoV rRT-PCR: A Saudi Arabian multicenter retrospective study.","10.1111/irv.12560","Influenza And Other Respiratory Viruses",2018,12,NA,"656","661",FALSE,"Paper mostly mixes MERS with non-MERS cases","No","No","No",NA,"Yes","Yes","No",2136,1,"Ahmed 2018"
"5038a94591d1573304aa94c83a20dc02",2140,"MERS-CoV","Daniel C.","Payne","Multihospital Outbreak of a Middle East Respiratory Syndrome Coronavirus Deletion Variant, Jordan: A Molecular, Serologic, and Epidemiologic Investigation.","10.1093/ofid/ofy095","Open Forum Infectious Diseases",2018,5,5,NA,NA,FALSE,NA,"Yes","Yes","Yes","Yes","Yes","Yes","No",2140,1,"Payne 2018"
"0f5a85a6540357dd1440f62a77cdd82a",2141,"MERS-CoV","Lucy","Breakwell","Lack of Transmission among Close Contacts of Patient with Case of Middle East Respiratory Syndrome Imported into the United States, 2014.","10.3201/eid2107.150054","Emerging Infectious Diseases",2015,21,7,"1128","1134",FALSE,NA,"Yes","Yes",NA,NA,"Yes","Yes","Yes",2141,1,"Breakwell 2015"
"46d49a62514dd0639c5bfb1a4a69ddb4",2144,"MERS-CoV","Omar","Da'ar","Underlying trend, seasonality, prediction, forecasting and the contribution of risk factors: an analysis of globally reported cases of Middle East Respiratory Syndrome Coronavirus","10.1017/S0950268818001541","Epidemiology And Infection",2018,146,NA,"1343","1349",FALSE,"Data link expired. WHO cases -- assuming these are now live elsewhere","No","No","No","No","No","No","No",2144,1,"Da'ar 2018"
"2e5f4040ca9e1f57cdad6fcf6310585d",2185,"MERS-CoV","Shelan","Liu","Comparative Epidemiology of Human Infections with Middle East Respiratory Syndrome and Severe Acute Respiratory Syndrome Coronaviruses among Healthcare Personnel.","10.1371/journal.pone.0149988","Plos One",2016,11,3,NA,NA,FALSE,NA,"Yes","No","No",NA,"No","No",NA,2185,1,"Liu 2016"
"e861c71377f433c7f80a09c3285411ca",2186,"MERS-CoV","Javad","Aghazadeh-Attari","Epidemiological factors and worldwide pattern  of Middle East respiratory syndrome coronavirus  from 2013 to 2016","10.2147/IJGM.S160741","International Journal Of General Medicine",2018,11,NA,"121","125",FALSE,NA,"Yes","No","Yes","Yes","Yes","No","No",2186,1,"Aghazadeh-Attari 2018"
"6e330cd86fcf5778907d635b9f89b209",2197,"MERS-CoV","X","Chen","Comparative epidemiology of Middle East respiratory syndrome coronavirus (MERS-CoV) in Saudi Arabia and South Korea.","10.1038/emi.2017.40","Emerging Microbes & Infections",2017,6,6,"51",NA,NA,"comparison of cases in KSA 2012-2015 to SK outbreak. has information on the sources of infections including zoonotic vs nosocomial vs community for each outbreak","Yes","No","No","No","No","Yes","No",2197,1,"Chen 2017"
"494501c791051f13b0f9f6f36ff469e2",2212,"MERS-CoV","M","Al Ghamdi","Treatment outcomes for patients with Middle Eastern Respiratory Syndrome Coronavirus (MERS CoV) infection at a coronavirus referral center in the Kingdom of Saudi Arabia.","10.1186/s12879-016-1492-4","Bmc Infectious Diseases",2016,16,NA,"174",NA,FALSE,NA,"Yes","Yes","Yes","Yes","Yes","No","No",2212,1,"Al Ghamdi 2016"
"e8c335bb901ee06d14ca505ecff30527",2214,"MERS-CoV","Y","Kim","Agent-Based Modeling for Super-Spreading Events: A Case Study of MERS-CoV Transmission Dynamics in the Republic of Korea.","10.3390/ijerph15112369","International Journal Of Environmental Research And Public Health",2018,15,11,NA,NA,FALSE,NA,"No","No","Yes","Yes","Yes","No","No",2214,1,"Kim 2018"
"e47315935bbeb69e5956675cc6a51896",2215,"MERS-CoV","Ji Yeon","Lee","The clinical and virological features of the first imported case causing MERS-CoV outbreak in South Korea, 2015.","10.1186/s12879-017-2576-5","Bmc Infectious Diseases",2017,17,1,"498",NA,FALSE,NA,"Yes","Yes","Yes","Yes","Yes","No","No",2215,1,"Lee 2017"
"479b57e064e1abb85440faea3b946f27",14039,"MERS-CoV","AN","Alshukairi","Longevity of Middle East Respiratory Syndrome Coronavirus Antibody Responses in Humans, Saudi Arabia.","10.3201/eid2705.204056","Emerging Infectious Diseases",2021,27,5,"1472","1476",FALSE,NA,"Yes","Yes",NA,NA,"Yes","Yes","No",14039,1,"Alshukairi 2021"
